country,year,population_adult
European Union - 27 countries (from 2020),1960,0
European Union - 27 countries (from 2020),1961,0
European Union - 27 countries (from 2020),1962,0
European Union - 27 countries (from 2020),1963,0
European Union - 27 countries (from 2020),1964,0
European Union - 27 countries (from 2020),1965,0
European Union - 27 countries (from 2020),1966,0
European Union - 27 countries (from 2020),1967,0
European Union - 27 countries (from 2020),1968,0
European Union - 27 countries (from 2020),1969,0
European Union - 27 countries (from 2020),1970,0
European Union - 27 countries (from 2020),1971,0
European Union - 27 countries (from 2020),1972,0
European Union - 27 countries (from 2020),1973,0
European Union - 27 countries (from 2020),1974,0
European Union - 27 countries (from 2020),1975,0
European Union - 27 countries (from 2020),1976,0
European Union - 27 countries (from 2020),1977,0
European Union - 27 countries (from 2020),1978,0
European Union - 27 countries (from 2020),1979,0
European Union - 27 countries (from 2020),1980,0
European Union - 27 countries (from 2020),1981,0
European Union - 27 countries (from 2020),1982,0
European Union - 27 countries (from 2020),1983,0
European Union - 27 countries (from 2020),1984,0
European Union - 27 countries (from 2020),1985,0
European Union - 27 countries (from 2020),1986,0
European Union - 27 countries (from 2020),1987,0
European Union - 27 countries (from 2020),1988,0
European Union - 27 countries (from 2020),1989,0
European Union - 27 countries (from 2020),1990,0
European Union - 27 countries (from 2020),1991,0
European Union - 27 countries (from 2020),1992,0
European Union - 27 countries (from 2020),1993,0
European Union - 27 countries (from 2020),1994,0
European Union - 27 countries (from 2020),1995,0
European Union - 27 countries (from 2020),1996,0
European Union - 27 countries (from 2020),1997,0
European Union - 27 countries (from 2020),1998,0
European Union - 27 countries (from 2020),1999,0
European Union - 27 countries (from 2020),2000,0
European Union - 27 countries (from 2020),2001,328343178
European Union - 27 countries (from 2020),2002,329881182
European Union - 27 countries (from 2020),2003,332278504
European Union - 27 countries (from 2020),2004,334750823
European Union - 27 countries (from 2020),2005,336913668
European Union - 27 countries (from 2020),2006,338641280
European Union - 27 countries (from 2020),2007,340039090
European Union - 27 countries (from 2020),2008,341788383
European Union - 27 countries (from 2020),2009,343235109
European Union - 27 countries (from 2020),2010,343893281
European Union - 27 countries (from 2020),2011,343309879
European Union - 27 countries (from 2020),2012,343914555
European Union - 27 countries (from 2020),2013,344527562
European Union - 27 countries (from 2020),2014,355837076
European Union - 27 countries (from 2020),2015,356586784
European Union - 27 countries (from 2020),2016,357592307
European Union - 27 countries (from 2020),2017,358264048
European Union - 27 countries (from 2020),2018,358959108
European Union - 27 countries (from 2020),2019,359957658
European Union - 27 countries (from 2020),2020,361112303
European Union - 27 countries (from 2020),2021,360385823
European Union - 27 countries (from 2020),2022,360469685
European Union - 27 countries (from 2020),2023,363022306
European Union - 28 countries (2013-2020),1960,0
European Union - 28 countries (2013-2020),1961,0
European Union - 28 countries (2013-2020),1962,0
European Union - 28 countries (2013-2020),1963,0
European Union - 28 countries (2013-2020),1964,0
European Union - 28 countries (2013-2020),1965,0
European Union - 28 countries (2013-2020),1966,0
European Union - 28 countries (2013-2020),1967,0
European Union - 28 countries (2013-2020),1968,0
European Union - 28 countries (2013-2020),1969,0
European Union - 28 countries (2013-2020),1970,0
European Union - 28 countries (2013-2020),1971,0
European Union - 28 countries (2013-2020),1972,0
European Union - 28 countries (2013-2020),1973,0
European Union - 28 countries (2013-2020),1974,0
European Union - 28 countries (2013-2020),1975,0
European Union - 28 countries (2013-2020),1976,0
European Union - 28 countries (2013-2020),1977,0
European Union - 28 countries (2013-2020),1978,0
European Union - 28 countries (2013-2020),1979,0
European Union - 28 countries (2013-2020),1980,0
European Union - 28 countries (2013-2020),1981,0
European Union - 28 countries (2013-2020),1982,0
European Union - 28 countries (2013-2020),1983,0
European Union - 28 countries (2013-2020),1984,0
European Union - 28 countries (2013-2020),1985,0
European Union - 28 countries (2013-2020),1986,0
European Union - 28 countries (2013-2020),1987,0
European Union - 28 countries (2013-2020),1988,0
European Union - 28 countries (2013-2020),1989,0
European Union - 28 countries (2013-2020),1990,0
European Union - 28 countries (2013-2020),1991,0
European Union - 28 countries (2013-2020),1992,0
European Union - 28 countries (2013-2020),1993,0
European Union - 28 countries (2013-2020),1994,0
European Union - 28 countries (2013-2020),1995,0
European Union - 28 countries (2013-2020),1996,0
European Union - 28 countries (2013-2020),1997,0
European Union - 28 countries (2013-2020),1998,0
European Union - 28 countries (2013-2020),1999,0
European Union - 28 countries (2013-2020),2000,0
European Union - 28 countries (2013-2020),2001,372124699
European Union - 28 countries (2013-2020),2002,373930435
European Union - 28 countries (2013-2020),2003,376616352
European Union - 28 countries (2013-2020),2004,379404106
European Union - 28 countries (2013-2020),2005,381936990
European Union - 28 countries (2013-2020),2006,384039857
European Union - 28 countries (2013-2020),2007,385812537
European Union - 28 countries (2013-2020),2008,387970910
European Union - 28 countries (2013-2020),2009,389800047
European Union - 28 countries (2013-2020),2010,390853270
European Union - 28 countries (2013-2020),2011,390713451
European Union - 28 countries (2013-2020),2012,391699194
European Union - 28 countries (2013-2020),2013,392631548
European Union - 28 countries (2013-2020),2014,0
European Union - 28 countries (2013-2020),2015,406913217
European Union - 28 countries (2013-2020),2016,408351715
European Union - 28 countries (2013-2020),2017,409403725
European Union - 28 countries (2013-2020),2018,410447094
European Union - 28 countries (2013-2020),2019,411760132
European Union - 28 countries (2013-2020),2020,0
European Union - 28 countries (2013-2020),2021,0
European Union - 28 countries (2013-2020),2022,0
European Union - 28 countries (2013-2020),2023,0
European Union - 27 countries (2007-2013),1960,0
European Union - 27 countries (2007-2013),1961,0
European Union - 27 countries (2007-2013),1962,0
European Union - 27 countries (2007-2013),1963,0
European Union - 27 countries (2007-2013),1964,0
European Union - 27 countries (2007-2013),1965,0
European Union - 27 countries (2007-2013),1966,0
European Union - 27 countries (2007-2013),1967,0
European Union - 27 countries (2007-2013),1968,0
European Union - 27 countries (2007-2013),1969,0
European Union - 27 countries (2007-2013),1970,0
European Union - 27 countries (2007-2013),1971,0
European Union - 27 countries (2007-2013),1972,0
European Union - 27 countries (2007-2013),1973,0
European Union - 27 countries (2007-2013),1974,0
European Union - 27 countries (2007-2013),1975,0
European Union - 27 countries (2007-2013),1976,0
European Union - 27 countries (2007-2013),1977,0
European Union - 27 countries (2007-2013),1978,0
European Union - 27 countries (2007-2013),1979,0
European Union - 27 countries (2007-2013),1980,0
European Union - 27 countries (2007-2013),1981,0
European Union - 27 countries (2007-2013),1982,0
European Union - 27 countries (2007-2013),1983,0
European Union - 27 countries (2007-2013),1984,0
European Union - 27 countries (2007-2013),1985,0
European Union - 27 countries (2007-2013),1986,0
European Union - 27 countries (2007-2013),1987,0
European Union - 27 countries (2007-2013),1988,0
European Union - 27 countries (2007-2013),1989,0
European Union - 27 countries (2007-2013),1990,0
European Union - 27 countries (2007-2013),1991,0
European Union - 27 countries (2007-2013),1992,0
European Union - 27 countries (2007-2013),1993,353158979
European Union - 27 countries (2007-2013),1994,355236057
European Union - 27 countries (2007-2013),1995,357092119
European Union - 27 countries (2007-2013),1996,358887001
European Union - 27 countries (2007-2013),1997,360592477
European Union - 27 countries (2007-2013),1998,363220908
European Union - 27 countries (2007-2013),1999,364897336
European Union - 27 countries (2007-2013),2000,366579628
European Union - 27 countries (2007-2013),2001,368819650
European Union - 27 countries (2007-2013),2002,370600908
European Union - 27 countries (2007-2013),2003,373270274
European Union - 27 countries (2007-2013),2004,376039367
European Union - 27 countries (2007-2013),2005,378558055
European Union - 27 countries (2007-2013),2006,380654924
European Union - 27 countries (2007-2013),2007,382422198
European Union - 27 countries (2007-2013),2008,384576078
European Union - 27 countries (2007-2013),2009,386405299
European Union - 27 countries (2007-2013),2010,387463280
European Union - 27 countries (2007-2013),2011,387331597
European Union - 27 countries (2007-2013),2012,388328562
European Union - 27 countries (2007-2013),2013,397198608
European Union - 27 countries (2007-2013),2014,0
European Union - 27 countries (2007-2013),2015,403534871
European Union - 27 countries (2007-2013),2016,405003379
European Union - 27 countries (2007-2013),2017,406088075
European Union - 27 countries (2007-2013),2018,407176956
European Union - 27 countries (2007-2013),2019,408521002
European Union - 27 countries (2007-2013),2020,0
European Union - 27 countries (2007-2013),2021,0
European Union - 27 countries (2007-2013),2022,0
European Union - 27 countries (2007-2013),2023,0
Euro area – 20 countries (from 2023),1960,0
Euro area – 20 countries (from 2023),1961,0
Euro area – 20 countries (from 2023),1962,0
Euro area – 20 countries (from 2023),1963,0
Euro area – 20 countries (from 2023),1964,0
Euro area – 20 countries (from 2023),1965,0
Euro area – 20 countries (from 2023),1966,0
Euro area – 20 countries (from 2023),1967,0
Euro area – 20 countries (from 2023),1968,0
Euro area – 20 countries (from 2023),1969,0
Euro area – 20 countries (from 2023),1970,0
Euro area – 20 countries (from 2023),1971,0
Euro area – 20 countries (from 2023),1972,0
Euro area – 20 countries (from 2023),1973,0
Euro area – 20 countries (from 2023),1974,0
Euro area – 20 countries (from 2023),1975,0
Euro area – 20 countries (from 2023),1976,0
Euro area – 20 countries (from 2023),1977,0
Euro area – 20 countries (from 2023),1978,0
Euro area – 20 countries (from 2023),1979,0
Euro area – 20 countries (from 2023),1980,0
Euro area – 20 countries (from 2023),1981,0
Euro area – 20 countries (from 2023),1982,0
Euro area – 20 countries (from 2023),1983,0
Euro area – 20 countries (from 2023),1984,0
Euro area – 20 countries (from 2023),1985,0
Euro area – 20 countries (from 2023),1986,0
Euro area – 20 countries (from 2023),1987,0
Euro area – 20 countries (from 2023),1988,0
Euro area – 20 countries (from 2023),1989,0
Euro area – 20 countries (from 2023),1990,0
Euro area – 20 countries (from 2023),1991,0
Euro area – 20 countries (from 2023),1992,0
Euro area – 20 countries (from 2023),1993,0
Euro area – 20 countries (from 2023),1994,0
Euro area – 20 countries (from 2023),1995,0
Euro area – 20 countries (from 2023),1996,0
Euro area – 20 countries (from 2023),1997,0
Euro area – 20 countries (from 2023),1998,0
Euro area – 20 countries (from 2023),1999,0
Euro area – 20 countries (from 2023),2000,0
Euro area – 20 countries (from 2023),2001,0
Euro area – 20 countries (from 2023),2002,0
Euro area – 20 countries (from 2023),2003,0
Euro area – 20 countries (from 2023),2004,0
Euro area – 20 countries (from 2023),2005,0
Euro area – 20 countries (from 2023),2006,0
Euro area – 20 countries (from 2023),2007,0
Euro area – 20 countries (from 2023),2008,0
Euro area – 20 countries (from 2023),2009,0
Euro area – 20 countries (from 2023),2010,0
Euro area – 20 countries (from 2023),2011,0
Euro area – 20 countries (from 2023),2012,0
Euro area – 20 countries (from 2023),2013,0
Euro area – 20 countries (from 2023),2014,274798749
Euro area – 20 countries (from 2023),2015,275521228
Euro area – 20 countries (from 2023),2016,276598422
Euro area – 20 countries (from 2023),2017,277320245
Euro area – 20 countries (from 2023),2018,278107129
Euro area – 20 countries (from 2023),2019,279189485
Euro area – 20 countries (from 2023),2020,280399034
Euro area – 20 countries (from 2023),2021,280728447
Euro area – 20 countries (from 2023),2022,281238294
Euro area – 20 countries (from 2023),2023,283609399
Euro area - 19 countries  (2015-2022),1960,0
Euro area - 19 countries  (2015-2022),1961,0
Euro area - 19 countries  (2015-2022),1962,0
Euro area - 19 countries  (2015-2022),1963,0
Euro area - 19 countries  (2015-2022),1964,0
Euro area - 19 countries  (2015-2022),1965,0
Euro area - 19 countries  (2015-2022),1966,0
Euro area - 19 countries  (2015-2022),1967,0
Euro area - 19 countries  (2015-2022),1968,0
Euro area - 19 countries  (2015-2022),1969,0
Euro area - 19 countries  (2015-2022),1970,0
Euro area - 19 countries  (2015-2022),1971,0
Euro area - 19 countries  (2015-2022),1972,0
Euro area - 19 countries  (2015-2022),1973,0
Euro area - 19 countries  (2015-2022),1974,0
Euro area - 19 countries  (2015-2022),1975,0
Euro area - 19 countries  (2015-2022),1976,0
Euro area - 19 countries  (2015-2022),1977,0
Euro area - 19 countries  (2015-2022),1978,0
Euro area - 19 countries  (2015-2022),1979,0
Euro area - 19 countries  (2015-2022),1980,0
Euro area - 19 countries  (2015-2022),1981,0
Euro area - 19 countries  (2015-2022),1982,0
Euro area - 19 countries  (2015-2022),1983,0
Euro area - 19 countries  (2015-2022),1984,0
Euro area - 19 countries  (2015-2022),1985,0
Euro area - 19 countries  (2015-2022),1986,0
Euro area - 19 countries  (2015-2022),1987,0
Euro area - 19 countries  (2015-2022),1988,0
Euro area - 19 countries  (2015-2022),1989,0
Euro area - 19 countries  (2015-2022),1990,0
Euro area - 19 countries  (2015-2022),1991,0
Euro area - 19 countries  (2015-2022),1992,0
Euro area - 19 countries  (2015-2022),1993,236264200
Euro area - 19 countries  (2015-2022),1994,237754328
Euro area - 19 countries  (2015-2022),1995,238992506
Euro area - 19 countries  (2015-2022),1996,240215867
Euro area - 19 countries  (2015-2022),1997,241385965
Euro area - 19 countries  (2015-2022),1998,243455006
Euro area - 19 countries  (2015-2022),1999,244480102
Euro area - 19 countries  (2015-2022),2000,245854743
Euro area - 19 countries  (2015-2022),2001,247405852
Euro area - 19 countries  (2015-2022),2002,249134312
Euro area - 19 countries  (2015-2022),2003,251277100
Euro area - 19 countries  (2015-2022),2004,253402941
Euro area - 19 countries  (2015-2022),2005,255308614
Euro area - 19 countries  (2015-2022),2006,256659810
Euro area - 19 countries  (2015-2022),2007,257902801
Euro area - 19 countries  (2015-2022),2008,259547700
Euro area - 19 countries  (2015-2022),2009,260670735
Euro area - 19 countries  (2015-2022),2010,261374383
Euro area - 19 countries  (2015-2022),2011,260681910
Euro area - 19 countries  (2015-2022),2012,261249522
Euro area - 19 countries  (2015-2022),2013,270229397
Euro area - 19 countries  (2015-2022),2014,271397450
Euro area - 19 countries  (2015-2022),2015,272142882
Euro area - 19 countries  (2015-2022),2016,273250086
Euro area - 19 countries  (2015-2022),2017,274004595
Euro area - 19 countries  (2015-2022),2018,274836991
Euro area - 19 countries  (2015-2022),2019,275950355
Euro area - 19 countries  (2015-2022),2020,277182652
Euro area - 19 countries  (2015-2022),2021,277543112
Euro area - 19 countries  (2015-2022),2022,278079954
Euro area - 19 countries  (2015-2022),2023,280460356
Belgium,1960,6561443
Belgium,1961,6544754
Belgium,1962,6495535
Belgium,1963,6518609
Belgium,1964,6554663
Belgium,1965,6607645
Belgium,1966,6659735
Belgium,1967,6704159
Belgium,1968,6746729
Belgium,1969,6770628
Belgium,1970,6797221
Belgium,1971,6790646
Belgium,1972,6833597
Belgium,1973,6873273
Belgium,1974,6916400
Belgium,1975,6971083
Belgium,1976,7024788
Belgium,1977,7069865
Belgium,1978,7121388
Belgium,1979,7167190
Belgium,1980,7215882
Belgium,1981,7260719
Belgium,1982,7279032
Belgium,1983,7328371
Belgium,1984,7364547
Belgium,1985,7418032
Belgium,1986,7456420
Belgium,1987,7490683
Belgium,1988,7517501
Belgium,1989,7581055
Belgium,1990,7618016
Belgium,1991,7667308
Belgium,1992,7706184
Belgium,1993,7751283
Belgium,1994,7782921
Belgium,1995,7811236
Belgium,1996,7829205
Belgium,1997,7858521
Belgium,1998,7885192
Belgium,1999,7913300
Belgium,2000,7945536
Belgium,2001,7977497
Belgium,2002,8023932
Belgium,2003,8069238
Belgium,2004,8108233
Belgium,2005,8151157
Belgium,2006,8206261
Belgium,2007,8267816
Belgium,2008,8341624
Belgium,2009,8413456
Belgium,2010,8489575
Belgium,2011,8620033
Belgium,2012,8687300
Belgium,2013,8741440
Belgium,2014,8776986
Belgium,2015,8823424
Belgium,2016,8882609
Belgium,2017,8918620
Belgium,2018,8960822
Belgium,2019,9011391
Belgium,2020,9072966
Belgium,2021,9105466
Belgium,2022,9158963
Belgium,2023,9259964
Bulgaria,1960,5310192
Bulgaria,1961,5369110
Bulgaria,1962,5432250
Bulgaria,1963,5486175
Bulgaria,1964,5547527
Bulgaria,1965,5615046
Bulgaria,1966,5695661
Bulgaria,1967,5763896
Bulgaria,1968,5834798
Bulgaria,1969,5910181
Bulgaria,1970,5984303
Bulgaria,1971,6036922
Bulgaria,1972,6088765
Bulgaria,1973,6139140
Bulgaria,1974,6193466
Bulgaria,1975,6248697
Bulgaria,1976,6282168
Bulgaria,1977,6323796
Bulgaria,1978,6353643
Bulgaria,1979,6350363
Bulgaria,1980,6387130
Bulgaria,1981,6420107
Bulgaria,1982,6454822
Bulgaria,1983,6481160
Bulgaria,1984,6503575
Bulgaria,1985,6525723
Bulgaria,1986,6519490
Bulgaria,1987,6531678
Bulgaria,1988,6554635
Bulgaria,1989,6583679
Bulgaria,1990,6455523
Bulgaria,1991,6413652
Bulgaria,1992,6389813
Bulgaria,1993,6352850
Bulgaria,1994,6377563
Bulgaria,1995,6396662
Bulgaria,1996,6413751
Bulgaria,1997,6425920
Bulgaria,1998,6429951
Bulgaria,1999,6435709
Bulgaria,2000,6442456
Bulgaria,2001,6430256
Bulgaria,2002,6273061
Bulgaria,2003,6257244
Bulgaria,2004,6240925
Bulgaria,2005,6225503
Bulgaria,2006,6206992
Bulgaria,2007,6186885
Bulgaria,2008,6168639
Bulgaria,2009,6149811
Bulgaria,2010,6129349
Bulgaria,2011,6100811
Bulgaria,2012,6069115
Bulgaria,2013,5940652
Bulgaria,2014,5882325
Bulgaria,2015,5812333
Bulgaria,2016,5739659
Bulgaria,2017,5664178
Bulgaria,2018,5582007
Bulgaria,2019,5505832
Bulgaria,2020,5430560
Bulgaria,2021,5386406
Bulgaria,2022,5329586
Bulgaria,2023,5288779
Czechia,1960,6585606
Czechia,1961,6529960
Czechia,1962,6579812
Czechia,1963,6638872
Czechia,1964,6705772
Czechia,1965,6761520
Czechia,1966,6846650
Czechia,1967,6932797
Czechia,1968,7003650
Czechia,1969,7060950
Czechia,1970,7117055
Czechia,1971,7071424
Czechia,1972,7124490
Czechia,1973,7176562
Czechia,1974,7222477
Czechia,1975,7262721
Czechia,1976,7301911
Czechia,1977,7333286
Czechia,1978,7349878
Czechia,1979,7353571
Czechia,1980,7356569
Czechia,1981,7314130
Czechia,1982,7317174
Czechia,1983,7334505
Czechia,1984,7353876
Czechia,1985,7368486
Czechia,1986,7377349
Czechia,1987,7383360
Czechia,1988,7393785
Czechia,1989,7411458
Czechia,1990,7431684
Czechia,1991,7417308
Czechia,1992,7458283
Czechia,1993,7526176
Czechia,1994,7603989
Czechia,1995,7683808
Czechia,1996,7758229
Czechia,1997,7832520
Czechia,1998,7905267
Czechia,1999,7972416
Czechia,2000,8021373
Czechia,2001,8026375
Czechia,2002,8047716
Czechia,2003,8078412
Czechia,2004,8120437
Czechia,2005,8159261
Czechia,2006,8211478
Czechia,2007,8264074
Czechia,2008,8362723
Czechia,2009,8445602
Czechia,2010,8487104
Czechia,2011,8515788
Czechia,2012,8545911
Czechia,2013,8567642
Czechia,2014,8563374
Czechia,2015,8572122
Czechia,2016,8564743
Czechia,2017,8565308
Czechia,2018,8569319
Czechia,2019,8580870
Czechia,2020,8599390
Czechia,2021,8417797
Czechia,2022,8416133
Czechia,2023,8622924
Denmark,1960,3098716
Denmark,1961,3120077
Denmark,1962,3155628
Denmark,1963,3193458
Denmark,1964,3235076
Denmark,1965,3280391
Denmark,1966,3321426
Denmark,1967,3361592
Denmark,1968,3397576
Denmark,1969,3425478
Denmark,1970,3460593
Denmark,1971,3505328
Denmark,1972,3529283
Denmark,1973,3560770
Denmark,1974,3590143
Denmark,1975,3613126
Denmark,1976,3629373
Denmark,1977,3651199
Denmark,1978,3677493
Denmark,1979,3700998
Denmark,1980,3724869
Denmark,1981,3743970
Denmark,1982,3763027
Denmark,1983,3788889
Denmark,1984,3815629
Denmark,1985,3846208
Denmark,1986,3882734
Denmark,1987,3913246
Denmark,1988,3932980
Denmark,1989,3945171
Denmark,1990,3959271
Denmark,1991,3979405
Denmark,1992,4002665
Denmark,1993,4022009
Denmark,1994,4039761
Denmark,1995,4059190
Denmark,1996,4081933
Denmark,1997,4096345
Denmark,1998,4109228
Denmark,1999,4119830
Denmark,2000,4127363
Denmark,2001,4131693
Denmark,2002,4136326
Denmark,2003,4137868
Denmark,2004,4140167
Denmark,2005,4145869
Denmark,2006,4156131
Denmark,2007,4169621
Denmark,2008,4194237
Denmark,2009,4225803
Denmark,2010,4250188
Denmark,2011,4277320
Denmark,2012,4306463
Denmark,2013,4337827
Denmark,2014,4375560
Denmark,2015,4417826
Denmark,2016,4467602
Denmark,2017,4509396
Denmark,2018,4544816
Denmark,2019,4574028
Denmark,2020,4596852
Denmark,2021,4618175
Denmark,2022,4651797
Denmark,2023,4706071
Germany,1960,40342125
Germany,1961,40998025
Germany,1962,41452134
Germany,1963,41889548
Germany,1964,42230794
Germany,1965,42453464
Germany,1966,42772757
Germany,1967,42945906
Germany,1968,42897583
Germany,1969,43224421
Germany,1970,43799755
Germany,1971,43678010
Germany,1972,44104633
Germany,1973,44431003
Germany,1974,44837761
Germany,1975,44890969
Germany,1976,44850349
Germany,1977,44953387
Germany,1978,45184197
Germany,1979,45482162
Germany,1980,45907062
Germany,1981,46404148
Germany,1982,46815861
Germany,1983,47136912
Germany,1984,47448830
Germany,1985,47740665
Germany,1986,48168256
Germany,1987,48625054
Germany,1988,49077926
Germany,1989,49645399
Germany,1990,50463093
Germany,1991,63489468
Germany,1992,63913746
Germany,1993,64425493
Germany,1994,64672420
Germany,1995,64814223
Germany,1996,65044561
Germany,1997,65208820
Germany,1998,65274082
Germany,1999,65269773
Germany,2000,65579797
Germany,2001,65703298
Germany,2002,66010710
Germany,2003,66246662
Germany,2004,66414400
Germany,2005,66097309
Germany,2006,66757594
Germany,2007,66923486
Germany,2008,67110974
Germany,2009,67165168
Germany,2010,67245871
Germany,2011,66122410
Germany,2012,66351034
Germany,2013,66620402
Germany,2014,66882337
Germany,2015,67241824
Germany,2016,67960337
Germany,2017,68183533
Germany,2018,68398065
Germany,2019,68572054
Germany,2020,68673353
Germany,2021,68611583
Germany,2022,68577402
Germany,2023,69281903
Germany including former GDR,1960,53015459
Germany including former GDR,1961,53574067
Germany including former GDR,1962,53971778
Germany including former GDR,1963,54415602
Germany including former GDR,1964,54740548
Germany including former GDR,1965,54689468
Germany including former GDR,1966,54909446
Germany including former GDR,1967,55033410
Germany including former GDR,1968,54942378
Germany including former GDR,1969,55245232
Germany including former GDR,1970,55825243
Germany including former GDR,1971,55719249
Germany including former GDR,1972,56164186
Germany including former GDR,1973,56517006
Germany including former GDR,1974,56953014
Germany including former GDR,1975,57036998
Germany including former GDR,1976,57011266
Germany including former GDR,1977,57127244
Germany including former GDR,1978,57388038
Germany including former GDR,1979,57728349
Germany including former GDR,1980,58193046
Germany including former GDR,1981,58739192
Germany including former GDR,1982,59169963
Germany including former GDR,1983,59544806
Germany including former GDR,1984,59909502
Germany including former GDR,1985,60215029
Germany including former GDR,1986,60669645
Germany including former GDR,1987,61156176
Germany including former GDR,1988,61645647
Germany including former GDR,1989,62255173
Germany including former GDR,1990,62940466
Germany including former GDR,1991,63489468
Germany including former GDR,1992,63913746
Germany including former GDR,1993,64425493
Germany including former GDR,1994,64672420
Germany including former GDR,1995,64814223
Germany including former GDR,1996,65044561
Germany including former GDR,1997,65208820
Germany including former GDR,1998,65274082
Germany including former GDR,1999,65269773
Germany including former GDR,2000,65579797
Germany including former GDR,2001,65703298
Germany including former GDR,2002,66010710
Germany including former GDR,2003,66246662
Germany including former GDR,2004,66414400
Germany including former GDR,2005,66097309
Germany including former GDR,2006,66757594
Germany including former GDR,2007,66923486
Germany including former GDR,2008,67110974
Germany including former GDR,2009,67165168
Germany including former GDR,2010,67245871
Germany including former GDR,2011,66122410
Germany including former GDR,2012,66351034
Germany including former GDR,2013,66620402
Germany including former GDR,2014,66882337
Germany including former GDR,2015,67241824
Germany including former GDR,2016,67960337
Germany including former GDR,2017,68183533
Germany including former GDR,2018,68398065
Germany including former GDR,2019,68572054
Germany including former GDR,2020,68673353
Germany including former GDR,2021,68611583
Germany including former GDR,2022,68577402
Germany including former GDR,2023,69281903
Estonia,1960,857860
Estonia,1961,868827
Estonia,1962,880565
Estonia,1963,889016
Estonia,1964,898920
Estonia,1965,908596
Estonia,1966,920943
Estonia,1967,929432
Estonia,1968,938581
Estonia,1969,952009
Estonia,1970,963093
Estonia,1971,978239
Estonia,1972,990115
Estonia,1973,999657
Estonia,1974,1009985
Estonia,1975,1019663
Estonia,1976,1027955
Estonia,1977,1035951
Estonia,1978,1045508
Estonia,1979,1065105
Estonia,1980,1061134
Estonia,1981,1068306
Estonia,1982,1075952
Estonia,1983,1082807
Estonia,1984,1088032
Estonia,1985,1092199
Estonia,1986,1096773
Estonia,1987,1102542
Estonia,1988,1108988
Estonia,1989,1128266
Estonia,1990,1118234
Estonia,1991,1117688
Estonia,1992,1111685
Estonia,1993,1085029
Estonia,1994,1066119
Estonia,1995,1049687
Estonia,1996,1037611
Estonia,1997,1028649
Estonia,1998,1024161
Estonia,1999,1019587
Estonia,2000,1068680
Estonia,2001,1068400
Estonia,2002,1067680
Estonia,2003,1067840
Estonia,2004,1067420
Estonia,2005,1067000
Estonia,2006,1065740
Estonia,2007,1065220
Estonia,2008,1066750
Estonia,2009,1069230
Estonia,2010,1070910
Estonia,2011,1069100
Estonia,2012,1067131
Estonia,2013,1063237
Estonia,2014,1059430
Estonia,2015,1057500
Estonia,2016,1056981
Estonia,2017,1054257
Estonia,2018,1055157
Estonia,2019,1057836
Estonia,2020,1059695
Estonia,2021,1059271
Estonia,2022,1059723
Estonia,2023,1082612
Ireland,1960,0
Ireland,1961,0
Ireland,1962,0
Ireland,1963,0
Ireland,1964,0
Ireland,1965,0
Ireland,1966,0
Ireland,1967,0
Ireland,1968,0
Ireland,1969,0
Ireland,1970,0
Ireland,1971,0
Ireland,1972,0
Ireland,1973,0
Ireland,1974,0
Ireland,1975,0
Ireland,1976,0
Ireland,1977,0
Ireland,1978,0
Ireland,1979,0
Ireland,1980,0
Ireland,1981,0
Ireland,1982,0
Ireland,1983,0
Ireland,1984,0
Ireland,1985,0
Ireland,1986,2257029
Ireland,1987,2258499
Ireland,1988,2265358
Ireland,1989,2267787
Ireland,1990,2279539
Ireland,1991,2305696
Ireland,1992,2344128
Ireland,1993,2380176
Ireland,1994,2410786
Ireland,1995,2441790
Ireland,1996,2478978
Ireland,1997,2525444
Ireland,1998,2575547
Ireland,1999,2626945
Ireland,2000,2683861
Ireland,2001,2748019
Ireland,2002,2821670
Ireland,2003,2886431
Ireland,2004,2948555
Ireland,2005,3026718
Ireland,2006,3113444
Ireland,2007,3229439
Ireland,2008,3315509
Ireland,2009,3354565
Ireland,2010,3365856
Ireland,2011,3373580
Ireland,2012,3378500
Ireland,2013,3388124
Ireland,2014,3406677
Ireland,2015,3436588
Ireland,2016,3477904
Ireland,2017,3539013
Ireland,2018,3589945
Ireland,2019,3666045
Ireland,2020,3733156
Ireland,2021,3791663
Ireland,2022,3871998
Ireland,2023,3972116
Greece,1960,0
Greece,1961,5486443
Greece,1962,5741394
Greece,1963,5535313
Greece,1964,5781179
Greece,1965,5608889
Greece,1966,5884276
Greece,1967,5747104
Greece,1968,6021996
Greece,1969,5850369
Greece,1970,6062715
Greece,1971,5983176
Greece,1972,6034001
Greece,1973,6093175
Greece,1974,6135409
Greece,1975,6181734
Greece,1976,6289811
Greece,1977,6415901
Greece,1978,6495340
Greece,1979,6720091
Greece,1980,6796959
Greece,1981,6927477
Greece,1982,6986704
Greece,1983,7060145
Greece,1984,7128359
Greece,1985,7205717
Greece,1986,7204251
Greece,1987,7274350
Greece,1988,7343711
Greece,1989,7429225
Greece,1990,7535912
Greece,1991,7687136
Greece,1992,7820204
Greece,1993,7926998
Greece,1994,8037997
Greece,1995,8134423
Greece,1996,8236840
Greece,1997,8325952
Greece,1998,8436975
Greece,1999,8538690
Greece,2000,8622281
Greece,2001,8723128
Greece,2002,8634182
Greece,2003,8700285
Greece,2004,8754788
Greece,2005,8808146
Greece,2006,8863578
Greece,2007,8906138
Greece,2008,8950566
Greece,2009,8994795
Greece,2010,9026776
Greece,2011,9045416
Greece,2012,9018660
Greece,2013,8947793
Greece,2014,8889187
Greece,2015,8844535
Greece,2016,8793576
Greece,2017,8775812
Greece,2018,8752090
Greece,2019,8742591
Greece,2020,8741499
Greece,2021,8717133
Greece,2022,8600554
Greece,2023,8592820
Spain,1960,0
Spain,1961,0
Spain,1962,0
Spain,1963,0
Spain,1964,0
Spain,1965,0
Spain,1966,0
Spain,1967,0
Spain,1968,0
Spain,1969,0
Spain,1970,0
Spain,1971,22195607
Spain,1972,22465567
Spain,1973,22741295
Spain,1974,22982220
Spain,1975,23245944
Spain,1976,23503144
Spain,1977,23802406
Spain,1978,24105979
Spain,1979,24410328
Spain,1980,24731430
Spain,1981,25307154
Spain,1982,25644348
Spain,1983,26002511
Spain,1984,26364915
Spain,1985,26711609
Spain,1986,27043501
Spain,1987,27375024
Spain,1988,27692835
Spain,1989,28001967
Spain,1990,28312295
Spain,1991,28619354
Spain,1992,29028821
Spain,1993,29463272
Spain,1994,29903973
Spain,1995,30356463
Spain,1996,30804195
Spain,1997,31230468
Spain,1998,31652734
Spain,1999,32034603
Spain,2000,32387105
Spain,2001,32722038
Spain,2002,33160500
Spain,2003,33889890
Spain,2004,34528136
Spain,2005,35199290
Spain,2006,35804614
Spain,2007,36436406
Spain,2008,37151468
Spain,2009,37577971
Spain,2010,37753141
Spain,2011,37882779
Spain,2012,37999700
Spain,2013,37907984
Spain,2014,37726873
Spain,2015,37665248
Spain,2016,37661151
Spain,2017,37740153
Spain,2018,37878850
Spain,2019,38160238
Spain,2020,38567155
Spain,2021,38731716
Spain,2022,38891579
Spain,2023,39481206
France,1960,0
France,1961,0
France,1962,0
France,1963,0
France,1964,0
France,1965,0
France,1966,0
France,1967,0
France,1968,0
France,1969,0
France,1970,0
France,1971,0
France,1972,0
France,1973,0
France,1974,0
France,1975,0
France,1976,0
France,1977,0
France,1978,0
France,1979,0
France,1980,0
France,1981,0
France,1982,0
France,1983,0
France,1984,0
France,1985,0
France,1986,0
France,1987,0
France,1988,0
France,1989,0
France,1990,0
France,1991,43053673
France,1992,43467708
France,1993,43865711
France,1994,44175457
France,1995,44425759
France,1996,44635004
France,1997,44859171
France,1998,45085782
France,1999,45336300
France,2000,45732312
France,2001,46138439
France,2002,46545001
France,2003,46909686
France,2004,47282885
France,2005,47720013
France,2006,48152774
France,2007,48519804
France,2008,48869988
France,2009,49178076
France,2010,49438976
France,2011,49728790
France,2012,49998571
France,2013,50234326
France,2014,50607766
France,2015,50851168
France,2016,51046774
France,2017,51240408
France,2018,51479439
France,2019,51777619
France,2020,52074476
France,2021,52397302
France,2022,52675034
France,2023,52943887
Metropolitan France,1960,31319873
Metropolitan France,1961,31404065
Metropolitan France,1962,31587369
Metropolitan France,1963,32278479
Metropolitan France,1964,32461956
Metropolitan France,1965,32671549
Metropolitan France,1966,33013724
Metropolitan France,1967,33420323
Metropolitan France,1968,33802772
Metropolitan France,1969,34213039
Metropolitan France,1970,34641155
Metropolitan France,1971,35073412
Metropolitan France,1972,35472346
Metropolitan France,1973,35835001
Metropolitan France,1974,36216442
Metropolitan France,1975,36551815
Metropolitan France,1976,36831263
Metropolitan France,1977,37160907
Metropolitan France,1978,37498560
Metropolitan France,1979,37825537
Metropolitan France,1980,38158064
Metropolitan France,1981,38510291
Metropolitan France,1982,38856314
Metropolitan France,1983,39222812
Metropolitan France,1984,39580209
Metropolitan France,1985,39938381
Metropolitan France,1986,40281146
Metropolitan France,1987,40610787
Metropolitan France,1988,40962220
Metropolitan France,1989,41337006
Metropolitan France,1990,41727868
Metropolitan France,1991,42121795
Metropolitan France,1992,42517028
Metropolitan France,1993,42895927
Metropolitan France,1994,43185597
Metropolitan France,1995,43414981
Metropolitan France,1996,43603138
Metropolitan France,1997,43806069
Metropolitan France,1998,44010779
Metropolitan France,1999,44238739
Metropolitan France,2000,44612083
Metropolitan France,2001,44996854
Metropolitan France,2002,45383494
Metropolitan France,2003,45730542
Metropolitan France,2004,46086610
Metropolitan France,2005,46505897
Metropolitan France,2006,46922447
Metropolitan France,2007,47272036
Metropolitan France,2008,47591860
Metropolitan France,2009,47884407
Metropolitan France,2010,48142573
Metropolitan France,2011,48401655
Metropolitan France,2012,48668864
Metropolitan France,2013,48897257
Metropolitan France,2014,0
Metropolitan France,2015,0
Metropolitan France,2016,0
Metropolitan France,2017,0
Metropolitan France,2018,0
Metropolitan France,2019,0
Metropolitan France,2020,0
Metropolitan France,2021,0
Metropolitan France,2022,0
Metropolitan France,2023,0
Croatia,1960,0
Croatia,1961,0
Croatia,1962,0
Croatia,1963,0
Croatia,1964,0
Croatia,1965,0
Croatia,1966,0
Croatia,1967,0
Croatia,1968,0
Croatia,1969,0
Croatia,1970,0
Croatia,1971,0
Croatia,1972,0
Croatia,1973,0
Croatia,1974,0
Croatia,1975,0
Croatia,1976,0
Croatia,1977,0
Croatia,1978,0
Croatia,1979,0
Croatia,1980,0
Croatia,1981,0
Croatia,1982,0
Croatia,1983,0
Croatia,1984,0
Croatia,1985,0
Croatia,1986,0
Croatia,1987,0
Croatia,1988,0
Croatia,1989,0
Croatia,1990,0
Croatia,1991,0
Croatia,1992,0
Croatia,1993,0
Croatia,1994,0
Croatia,1995,0
Croatia,1996,0
Croatia,1997,0
Croatia,1998,0
Croatia,1999,0
Croatia,2000,0
Croatia,2001,3349174
Croatia,2002,3369921
Croatia,2003,3383087
Croatia,2004,3398723
Croatia,2005,3416313
Croatia,2006,3426177
Croatia,2007,3436160
Croatia,2008,3444076
Croatia,2009,3447799
Croatia,2010,3446462
Croatia,2011,3441625
Croatia,2012,3370632
Croatia,2013,3417746
Croatia,2014,3401299
Croatia,2015,3378346
Croatia,2016,3348336
Croatia,2017,3315650
Croatia,2018,3270138
Croatia,2019,3239130
Croatia,2020,3216382
Croatia,2021,3185335
Croatia,2022,3158340
Croatia,2023,3149043
Italy,1960,33990700
Italy,1961,34246600
Italy,1962,34464900
Italy,1963,34695500
Italy,1964,34888100
Italy,1965,35054800
Italy,1966,35377000
Italy,1967,35693400
Italy,1968,36021700
Italy,1969,36255500
Italy,1970,36487300
Italy,1971,36672500
Italy,1972,36842885
Italy,1973,37064795
Italy,1974,37300923
Italy,1975,37545702
Italy,1976,37784094
Italy,1977,38018803
Italy,1978,38255917
Italy,1979,38528110
Italy,1980,38823730
Italy,1981,39112084
Italy,1982,40555322
Italy,1983,40893662
Italy,1984,41269664
Italy,1985,41656951
Italy,1986,42035020
Italy,1987,42401116
Italy,1988,42768770
Italy,1989,43149096
Italy,1990,43516223
Italy,1991,43894299
Italy,1992,44702520
Italy,1993,45018513
Italy,1994,45330594
Italy,1995,45595815
Italy,1996,45815294
Italy,1997,46001472
Italy,1998,46154350
Italy,1999,46257469
Italy,2000,46348706
Italy,2001,46453168
Italy,2002,46564766
Italy,2003,46772440
Italy,2004,47185013
Italy,2005,47566960
Italy,2006,47749126
Italy,2007,47912349
Italy,2008,48336662
Italy,2009,48685798
Italy,2010,48928445
Italy,2011,49181995
Italy,2012,49369382
Italy,2013,49551787
Italy,2014,49662186
Italy,2015,49676531
Italy,2016,49634385
Italy,2017,49641482
Italy,2018,49627971
Italy,2019,49642513
Italy,2020,49618818
Italy,2021,49301760
Italy,2022,49221797
Italy,2023,49314704
Cyprus,1960,0
Cyprus,1961,0
Cyprus,1962,0
Cyprus,1963,0
Cyprus,1964,0
Cyprus,1965,0
Cyprus,1966,0
Cyprus,1967,0
Cyprus,1968,0
Cyprus,1969,0
Cyprus,1970,0
Cyprus,1971,0
Cyprus,1972,0
Cyprus,1973,0
Cyprus,1974,0
Cyprus,1975,0
Cyprus,1976,0
Cyprus,1977,0
Cyprus,1978,0
Cyprus,1979,0
Cyprus,1980,0
Cyprus,1981,0
Cyprus,1982,352062
Cyprus,1983,0
Cyprus,1984,0
Cyprus,1985,0
Cyprus,1986,0
Cyprus,1987,0
Cyprus,1988,0
Cyprus,1989,0
Cyprus,1990,0
Cyprus,1991,0
Cyprus,1992,0
Cyprus,1993,420035
Cyprus,1994,429733
Cyprus,1995,438199
Cyprus,1996,446595
Cyprus,1997,454639
Cyprus,1998,462661
Cyprus,1999,470266
Cyprus,2000,487346
Cyprus,2001,495502
Cyprus,2002,508849
Cyprus,2003,519056
Cyprus,2004,529909
Cyprus,2005,541192
Cyprus,2006,553353
Cyprus,2007,567480
Cyprus,2008,586224
Cyprus,2009,606215
Cyprus,2010,627857
Cyprus,2011,648057
Cyprus,2012,671516
Cyprus,2013,678458
Cyprus,2014,675539
Cyprus,2015,666453
Cyprus,2016,668454
Cyprus,2017,676196
Cyprus,2018,685521
Cyprus,2019,696257
Cyprus,2020,706880
Cyprus,2021,714641
Cyprus,2022,721845
Cyprus,2023,733648
Latvia,1960,0
Latvia,1961,0
Latvia,1962,0
Latvia,1963,0
Latvia,1964,0
Latvia,1965,0
Latvia,1966,0
Latvia,1967,0
Latvia,1968,0
Latvia,1969,0
Latvia,1970,1709172
Latvia,1971,1704598
Latvia,1972,1717225
Latvia,1973,1728255
Latvia,1974,1746718
Latvia,1975,1763165
Latvia,1976,1775265
Latvia,1977,1788889
Latvia,1978,1804929
Latvia,1979,1819172
Latvia,1980,1849568
Latvia,1981,1856345
Latvia,1982,1863161
Latvia,1983,1871385
Latvia,1984,1882118
Latvia,1985,1889991
Latvia,1986,1899962
Latvia,1987,1913873
Latvia,1988,1931154
Latvia,1989,1946281
Latvia,1990,1947626
Latvia,1991,1939737
Latvia,1992,1936217
Latvia,1993,1898242
Latvia,1994,1871689
Latvia,1995,1847739
Latvia,1996,1832828
Latvia,1997,1823794
Latvia,1998,1816071
Latvia,1999,1810716
Latvia,2000,1808845
Latvia,2001,1797719
Latvia,2002,1784377
Latvia,2003,1780981
Latvia,2004,1775887
Latvia,2005,1767490
Latvia,2006,1763356
Latvia,2007,1760527
Latvia,2008,1757448
Latvia,2009,1741394
Latvia,2010,1715365
Latvia,2011,1686353
Latvia,2012,1669365
Latvia,2013,1655264
Latvia,2014,1636136
Latvia,2015,1619598
Latvia,2016,1599713
Latvia,2017,1577191
Latvia,2018,1558311
Latvia,2019,1542981
Latvia,2020,1530792
Latvia,2021,1516770
Latvia,2022,1500392
Latvia,2023,1503196
Lithuania,1960,0
Lithuania,1961,0
Lithuania,1962,0
Lithuania,1963,0
Lithuania,1964,0
Lithuania,1965,0
Lithuania,1966,0
Lithuania,1967,0
Lithuania,1968,0
Lithuania,1969,0
Lithuania,1970,2080574
Lithuania,1971,2098547
Lithuania,1972,2124365
Lithuania,1973,2146721
Lithuania,1974,2172019
Lithuania,1975,2199664
Lithuania,1976,2223992
Lithuania,1977,2254648
Lithuania,1978,2288864
Lithuania,1979,2350518
Lithuania,1980,2369847
Lithuania,1981,2390969
Lithuania,1982,2412840
Lithuania,1983,2447076
Lithuania,1984,2467782
Lithuania,1985,2493003
Lithuania,1986,2520538
Lithuania,1987,2551192
Lithuania,1988,2582368
Lithuania,1989,2616427
Lithuania,1990,2639191
Lithuania,1991,2652645
Lithuania,1992,2663044
Lithuania,1993,2660148
Lithuania,1994,2651375
Lithuania,1995,2640902
Lithuania,1996,2630376
Lithuania,1997,2619583
Lithuania,1998,2609766
Lithuania,1999,2599174
Lithuania,2000,2590688
Lithuania,2001,2584840
Lithuania,2002,2579253
Lithuania,2003,2586989
Lithuania,2004,2586257
Lithuania,2005,2574620
Lithuania,2006,2546649
Lithuania,2007,2534094
Lithuania,2008,2519981
Lithuania,2009,2510358
Lithuania,2010,2490129
Lithuania,2011,2429064
Lithuania,2012,2403835
Lithuania,2013,2391757
Lithuania,2014,2377866
Lithuania,2015,2367288
Lithuania,2016,2345349
Lithuania,2017,2318070
Lithuania,2018,2294027
Lithuania,2019,2286427
Lithuania,2020,2288978
Lithuania,2021,2289973
Lithuania,2022,2284132
Lithuania,2023,2321864
Luxembourg,1960,0
Luxembourg,1961,231778
Luxembourg,1962,0
Luxembourg,1963,0
Luxembourg,1964,0
Luxembourg,1965,0
Luxembourg,1966,0
Luxembourg,1967,0
Luxembourg,1968,0
Luxembourg,1969,0
Luxembourg,1970,0
Luxembourg,1971,244760
Luxembourg,1972,249480
Luxembourg,1973,253062
Luxembourg,1974,258194
Luxembourg,1975,263537
Luxembourg,1976,267416
Luxembourg,1977,269154
Luxembourg,1978,271503
Luxembourg,1979,273477
Luxembourg,1980,272288
Luxembourg,1981,274702
Luxembourg,1982,276481
Luxembourg,1983,277907
Luxembourg,1984,280000
Luxembourg,1985,282034
Luxembourg,1986,284373
Luxembourg,1987,287427
Luxembourg,1988,290255
Luxembourg,1989,292784
Luxembourg,1990,296428
Luxembourg,1991,300266
Luxembourg,1992,303835
Luxembourg,1993,306983
Luxembourg,1994,310147
Luxembourg,1995,313501
Luxembourg,1996,317339
Luxembourg,1997,320741
Luxembourg,1998,324065
Luxembourg,1999,327683
Luxembourg,2000,332157
Luxembourg,2001,335968
Luxembourg,2002,339909
Luxembourg,2003,343312
Luxembourg,2004,348734
Luxembourg,2005,353744
Luxembourg,2006,360547
Luxembourg,2007,366151
Luxembourg,2008,372725
Luxembourg,2009,381412
Luxembourg,2010,389003
Luxembourg,2011,397245
Luxembourg,2012,409493
Luxembourg,2013,419970
Luxembourg,2014,431231
Luxembourg,2015,443083
Luxembourg,2016,454974
Luxembourg,2017,468380
Luxembourg,2018,478359
Luxembourg,2019,488930
Luxembourg,2020,499815
Luxembourg,2021,507004
Luxembourg,2022,516007
Luxembourg,2023,528497
Hungary,1960,6825082
Hungary,1961,6870521
Hungary,1962,6933985
Hungary,1963,6982442
Hungary,1964,7051065
Hungary,1965,7104471
Hungary,1966,7139207
Hungary,1967,7205653
Hungary,1968,7270885
Hungary,1969,7332221
Hungary,1970,7403110
Hungary,1971,7453687
Hungary,1972,7507811
Hungary,1973,7584893
Hungary,1974,7674853
Hungary,1975,7761514
Hungary,1976,7806141
Hungary,1977,7836396
Hungary,1978,7859143
Hungary,1979,7865332
Hungary,1980,7854505
Hungary,1981,7834361
Hungary,1982,7816540
Hungary,1983,7803008
Hungary,1984,7785244
Hungary,1985,7784519
Hungary,1986,7757423
Hungary,1987,7755470
Hungary,1988,7763158
Hungary,1989,7772693
Hungary,1990,7601586
Hungary,1991,7616120
Hungary,1992,7636070
Hungary,1993,7654584
Hungary,1994,7700120
Hungary,1995,7755317
Hungary,1996,7801136
Hungary,1997,7841466
Hungary,1998,7877915
Hungary,1999,7906887
Hungary,2000,7926245
Hungary,2001,7947146
Hungary,2002,7956286
Hungary,2003,7952534
Hungary,2004,7957153
Hungary,2005,7973264
Hungary,2006,7983743
Hungary,2007,7902496
Hungary,2008,7894860
Hungary,2009,7894597
Hungary,2010,7899401
Hungary,2011,7896880
Hungary,2012,7983943
Hungary,2013,8022221
Hungary,2014,8007551
Hungary,2015,7994490
Hungary,2016,7972284
Hungary,2017,7939708
Hungary,2018,7916317
Hungary,2019,7905310
Hungary,2020,7899793
Hungary,2021,7863196
Hungary,2022,7822347
Hungary,2023,7816757
Malta,1960,0
Malta,1961,0
Malta,1962,0
Malta,1963,0
Malta,1964,0
Malta,1965,0
Malta,1966,0
Malta,1967,0
Malta,1968,0
Malta,1969,0
Malta,1970,0
Malta,1971,0
Malta,1972,0
Malta,1973,0
Malta,1974,0
Malta,1975,0
Malta,1976,0
Malta,1977,203862
Malta,1978,208193
Malta,1979,211685
Malta,1980,215864
Malta,1981,219448
Malta,1982,222047
Malta,1983,0
Malta,1984,228799
Malta,1985,230664
Malta,1986,237587
Malta,1987,239501
Malta,1988,241133
Malta,1989,243588
Malta,1990,246088
Malta,1991,248954
Malta,1992,252209
Malta,1993,255318
Malta,1994,258708
Malta,1995,265415
Malta,1996,266263
Malta,1997,269849
Malta,1998,269544
Malta,1999,276572
Malta,2000,278445
Malta,2001,290702
Malta,2002,295807
Malta,2003,298887
Malta,2004,302940
Malta,2005,307288
Malta,2006,312520
Malta,2007,315279
Malta,2008,319587
Malta,2009,324396
Malta,2010,329009
Malta,2011,331637
Malta,2012,335369
Malta,2013,340079
Malta,2014,346426
Malta,2015,356262
Malta,2016,366368
Malta,2017,375574
Malta,2018,390430
Malta,2019,407626
Malta,2020,428612
Malta,2021,430465
Malta,2022,434723
Malta,2023,455553
Netherlands,1960,7258394
Netherlands,1961,7337067
Netherlands,1962,7435717
Netherlands,1963,7548613
Netherlands,1964,7657878
Netherlands,1965,7769121
Netherlands,1966,7954865
Netherlands,1967,8128676
Netherlands,1968,8257576
Netherlands,1969,8387634
Netherlands,1970,8520997
Netherlands,1971,8660121
Netherlands,1972,8800038
Netherlands,1973,8919736
Netherlands,1974,9044902
Netherlands,1975,9179032
Netherlands,1976,9340702
Netherlands,1977,9469651
Netherlands,1978,9606654
Netherlands,1979,9749519
Netherlands,1980,9901911
Netherlands,1981,10064298
Netherlands,1982,10206099
Netherlands,1983,10341705
Netherlands,1984,10484029
Netherlands,1985,10620004
Netherlands,1986,10756282
Netherlands,1987,10891034
Netherlands,1988,11037383
Netherlands,1989,11187140
Netherlands,1990,11319621
Netherlands,1991,11463195
Netherlands,1992,11592835
Netherlands,1993,11699539
Netherlands,1994,11788466
Netherlands,1995,11852135
Netherlands,1996,11908318
Netherlands,1997,11963053
Netherlands,1998,12030710
Netherlands,1999,12105605
Netherlands,2000,12182574
Netherlands,2001,12268841
Netherlands,2002,12350331
Netherlands,2003,12408305
Netherlands,2004,12460317
Netherlands,2005,12509726
Netherlands,2006,12554248
Netherlands,2007,12596671
Netherlands,2008,12660108
Netherlands,2009,12750010
Netherlands,2010,12852917
Netherlands,2011,12948303
Netherlands,2012,13039851
Netherlands,2013,13111489
Netherlands,2014,13186898
Netherlands,2015,13271702
Netherlands,2016,13360437
Netherlands,2017,13467405
Netherlands,2018,13582034
Netherlands,2019,13705605
Netherlands,2020,13854419
Netherlands,2021,13949486
Netherlands,2022,14073172
Netherlands,2023,14284704
Austria,1960,5050318
Austria,1961,5089509
Austria,1962,5113316
Austria,1963,5134979
Austria,1964,5156672
Austria,1965,5152771
Austria,1966,5163858
Austria,1967,5200917
Austria,1968,5235558
Austria,1969,5234145
Austria,1970,5241788
Austria,1971,5248622
Austria,1972,5274912
Austria,1973,5308773
Austria,1974,5346208
Austria,1975,5345638
Austria,1976,5345405
Austria,1977,5370885
Austria,1978,5404880
Austria,1979,5426710
Austria,1980,5457734
Austria,1981,5498617
Austria,1982,5554934
Austria,1983,5581000
Austria,1984,5620330
Austria,1985,5662788
Austria,1986,5703833
Austria,1987,5746433
Austria,1988,5787696
Austria,1989,5832985
Austria,1990,5893599
Austria,1991,5962740
Austria,1992,6038493
Austria,1993,6103389
Austria,1994,6144602
Austria,1995,6160537
Austria,1996,6167303
Austria,1997,6177776
Austria,1998,6187363
Austria,1999,6204132
Austria,2000,6234418
Austria,2001,6269933
Austria,2002,6335772
Austria,2003,6378392
Austria,2004,6427802
Austria,2005,6489270
Austria,2006,6548816
Austria,2007,6589770
Austria,2008,6630099
Austria,2009,6671868
Austria,2010,6706532
Austria,2011,6748738
Austria,2012,6797535
Austria,2013,6853384
Austria,2014,6918417
Austria,2015,6995393
Austria,2016,7091254
Austria,2017,7152756
Austria,2018,7197741
Austria,2019,7232189
Austria,2020,7270932
Austria,2021,7298755
Austria,2022,7338065
Austria,2023,7433485
Poland,1960,18028500
Poland,1961,0
Poland,1962,0
Poland,1963,0
Poland,1964,0
Poland,1965,19058200
Poland,1966,0
Poland,1967,0
Poland,1968,0
Poland,1969,0
Poland,1970,20916100
Poland,1971,0
Poland,1972,0
Poland,1973,0
Poland,1974,0
Poland,1975,22788929
Poland,1976,0
Poland,1977,0
Poland,1978,0
Poland,1979,0
Poland,1980,24489166
Poland,1981,0
Poland,1982,0
Poland,1983,0
Poland,1984,0
Poland,1985,25452479
Poland,1986,0
Poland,1987,0
Poland,1988,0
Poland,1989,0
Poland,1990,26137564
Poland,1991,26290566
Poland,1992,26449797
Poland,1993,26633595
Poland,1994,26840023
Poland,1995,27073799
Poland,1996,27321240
Poland,1997,27565627
Poland,1998,27825836
Poland,1999,28100414
Poland,2000,27981170
Poland,2001,28238248
Poland,2002,28550298
Poland,2003,28874243
Poland,2004,29180574
Poland,2005,29471233
Poland,2006,29708371
Poland,2007,29893059
Poland,2008,30070794
Poland,2009,30235010
Poland,2010,30223052
Poland,2011,30374047
Poland,2012,30495604
Poland,2013,30591470
Poland,2014,30645536
Poland,2015,30694169
Poland,2016,30710502
Poland,2017,30733866
Poland,2018,30720984
Poland,2019,30699486
Poland,2020,30675476
Poland,2021,29955558
Poland,2022,29778332
Poland,2023,29660850
Portugal,1960,5615700
Portugal,1961,5641039
Portugal,1962,5691110
Portugal,1963,5727470
Portugal,1964,5751150
Portugal,1965,5757660
Portugal,1966,5717590
Portugal,1967,5665050
Portugal,1968,5642730
Portugal,1969,5613040
Portugal,1970,5551270
Portugal,1971,5550412
Portugal,1972,5497120
Portugal,1973,5499630
Portugal,1974,5492680
Portugal,1975,5721580
Portugal,1976,6074830
Portugal,1977,6147530
Portugal,1978,6233260
Portugal,1979,6330830
Portugal,1980,6443990
Portugal,1981,6622092
Portugal,1982,6645921
Portugal,1983,6729781
Portugal,1984,6809400
Portugal,1985,6886504
Portugal,1986,6950684
Portugal,1987,7006888
Portugal,1988,7055333
Portugal,1989,7101443
Portugal,1990,7148776
Portugal,1991,7196318
Portugal,1992,7339941
Portugal,1993,7406435
Portugal,1994,7483796
Portugal,1995,7577857
Portugal,1996,7669467
Portugal,1997,7755732
Portugal,1998,7838073
Portugal,1999,7917983
Portugal,2000,8002695
Portugal,2001,8109248
Portugal,2002,8195876
Portugal,2003,8263572
Portugal,2004,8311895
Portugal,2005,8349220
Portugal,2006,8377722
Portugal,2007,8410058
Portugal,2008,8444697
Portugal,2009,8467522
Portugal,2010,8497185
Portugal,2011,8526139
Portugal,2012,8531817
Portugal,2013,8503505
Portugal,2014,8471931
Portugal,2015,8450836
Portugal,2016,8447778
Portugal,2017,8446904
Portugal,2018,8461793
Portugal,2019,8485624
Portugal,2020,8554178
Portugal,2021,8592573
Portugal,2022,8640106
Portugal,2023,8735107
Romania,1960,0
Romania,1961,0
Romania,1962,0
Romania,1963,0
Romania,1964,0
Romania,1965,0
Romania,1966,0
Romania,1967,0
Romania,1968,13116476
Romania,1969,13221078
Romania,1970,13404412
Romania,1971,13574458
Romania,1972,13750498
Romania,1973,13925505
Romania,1974,14102482
Romania,1975,14313676
Romania,1976,14580248
Romania,1977,14744171
Romania,1978,14883246
Romania,1979,14994408
Romania,1980,15034630
Romania,1981,15117630
Romania,1982,15183803
Romania,1983,15238451
Romania,1984,15275629
Romania,1985,15302680
Romania,1986,15303041
Romania,1987,15543078
Romania,1988,15767801
Romania,1989,16048571
Romania,1990,16197316
Romania,1991,16274056
Romania,1992,16062172
Romania,1993,16133315
Romania,1994,16273927
Romania,1995,16408056
Romania,1996,16529897
Romania,1997,16637413
Romania,1998,16745268
Romania,1999,16863169
Romania,2000,16985992
Romania,2001,17091942
Romania,2002,16658042
Romania,2003,16492709
Romania,2004,16423986
Romania,2005,16329928
Romania,2006,16464185
Romania,2007,16377896
Romania,2008,16222240
Romania,2009,16306766
Romania,2010,16192955
Romania,2011,16114146
Romania,2012,16032484
Romania,2013,16007202
Romania,2014,15987820
Romania,2015,15922634
Romania,2016,15819966
Romania,2017,15721513
Romania,2018,15631136
Romania,2019,15540965
Romania,2020,15476650
Romania,2021,15342781
Romania,2022,15098753
Romania,2023,15112638
Slovenia,1960,0
Slovenia,1961,0
Slovenia,1962,0
Slovenia,1963,0
Slovenia,1964,0
Slovenia,1965,0
Slovenia,1966,0
Slovenia,1967,0
Slovenia,1968,0
Slovenia,1969,0
Slovenia,1970,0
Slovenia,1971,0
Slovenia,1972,0
Slovenia,1973,0
Slovenia,1974,0
Slovenia,1975,0
Slovenia,1976,0
Slovenia,1977,0
Slovenia,1978,0
Slovenia,1979,0
Slovenia,1980,0
Slovenia,1981,0
Slovenia,1982,1351191
Slovenia,1983,1363960
Slovenia,1984,1375158
Slovenia,1985,1387831
Slovenia,1986,1401197
Slovenia,1987,1441843
Slovenia,1988,1452114
Slovenia,1989,1457374
Slovenia,1990,1461730
Slovenia,1991,1471025
Slovenia,1992,1479026
Slovenia,1993,1484276
Slovenia,1994,1489393
Slovenia,1995,1499744
Slovenia,1996,1508460
Slovenia,1997,1518507
Slovenia,1998,1529165
Slovenia,1999,1535405
Slovenia,2000,1556529
Slovenia,2001,1569133
Slovenia,2002,1582709
Slovenia,2003,1592774
Slovenia,2004,1602715
Slovenia,2005,1611193
Slovenia,2006,1622857
Slovenia,2007,1635589
Slovenia,2008,1641413
Slovenia,2009,1662897
Slovenia,2010,1676625
Slovenia,2011,1678729
Slovenia,2012,1681619
Slovenia,2013,1682465
Slovenia,2014,1683211
Slovenia,2015,1683056
Slovenia,2016,1682677
Slovenia,2017,1682674
Slovenia,2018,1681820
Slovenia,2019,1692737
Slovenia,2020,1705616
Slovenia,2021,1715833
Slovenia,2022,1712187
Slovenia,2023,1718811
Slovakia,1960,2470574
Slovakia,1961,2595930
Slovakia,1962,2627616
Slovakia,1963,2654790
Slovakia,1964,2686242
Slovakia,1965,2715252
Slovakia,1966,2746310
Slovakia,1967,2787845
Slovakia,1968,2831861
Slovakia,1969,2873507
Slovakia,1970,2921773
Slovakia,1971,2932336
Slovakia,1972,2980327
Slovakia,1973,3030914
Slovakia,1974,3079682
Slovakia,1975,3128838
Slovakia,1976,3176974
Slovakia,1977,3223889
Slovakia,1978,3266268
Slovakia,1979,3302267
Slovakia,1980,3338611
Slovakia,1981,3367201
Slovakia,1982,3396761
Slovakia,1983,3428483
Slovakia,1984,3458011
Slovakia,1985,3485182
Slovakia,1986,3509573
Slovakia,1987,3528906
Slovakia,1988,3548767
Slovakia,1989,3571506
Slovakia,1990,3594232
Slovakia,1991,3618609
Slovakia,1992,3623347
Slovakia,1993,3657508
Slovakia,1994,3699979
Slovakia,1995,3747190
Slovakia,1996,3793215
Slovakia,1997,3840281
Slovakia,1998,3886837
Slovakia,1999,3931384
Slovakia,2000,3972349
Slovakia,2001,3989714
Slovakia,2002,4019033
Slovakia,2003,4054489
Slovakia,2004,4089166
Slovakia,2005,4125128
Slovakia,2006,4156681
Slovakia,2007,4185024
Slovakia,2008,4214491
Slovakia,2009,4241558
Slovakia,2010,4266810
Slovakia,2011,4288390
Slovakia,2012,4312945
Slovakia,2013,4335064
Slovakia,2014,4349382
Slovakia,2015,4359528
Slovakia,2016,4367182
Slovakia,2017,4375013
Slovakia,2018,4379236
Slovakia,2019,4382353
Slovakia,2020,4384924
Slovakia,2021,4379021
Slovakia,2022,4350668
Slovakia,2023,4341161
Finland,1960,2777194
Finland,1961,2815031
Finland,1962,2825982
Finland,1963,2849608
Finland,1964,2877873
Finland,1965,2913525
Finland,1966,2955676
Finland,1967,3005447
Finland,1968,3059301
Finland,1969,3101366
Finland,1970,3121590
Finland,1971,3141792
Finland,1972,3194386
Finland,1973,3245047
Finland,1974,3295739
Finland,1975,3339582
Finland,1976,3377425
Finland,1977,3405234
Finland,1978,3432036
Finland,1979,3459485
Finland,1980,3487924
Finland,1981,3518208
Finland,1982,3553749
Finland,1983,3592172
Finland,1984,3627853
Finland,1985,3659707
Finland,1986,3687088
Finland,1987,3714112
Finland,1988,3737466
Finland,1989,3754780
Finland,1990,3773819
Finland,1991,3791624
Finland,1992,3812197
Finland,1993,3826142
Finland,1994,3843773
Finland,1995,3863820
Finland,1996,3884593
Finland,1997,3904334
Finland,1998,3923858
Finland,1999,3942704
Finland,2000,3960482
Finland,2001,3977762
Finland,2002,4001483
Finland,2003,4024158
Finland,2004,4046263
Finland,2005,4068035
Finland,2006,4089872
Finland,2007,4111734
Finland,2008,4138779
Finland,2009,4166895
Finland,2010,4195425
Finland,2011,4222063
Finland,2012,4252415
Finland,2013,4280460
Finland,2014,4308971
Finland,2015,4332865
Finland,2016,4352183
Finland,2017,4371154
Finland,2018,4385380
Finland,2019,4399339
Finland,2020,4416388
Finland,2021,4432697
Finland,2022,4451607
Finland,2023,4475118
Sweden,1960,5315453
Sweden,1961,5339185
Sweden,1962,5389998
Sweden,1963,5444966
Sweden,1964,5508763
Sweden,1965,5581232
Sweden,1966,5660011
Sweden,1967,5730783
Sweden,1968,5784633
Sweden,1969,5830143
Sweden,1970,5896395
Sweden,1971,5961546
Sweden,1972,5994004
Sweden,1973,6009490
Sweden,1974,6024627
Sweden,1975,6054768
Sweden,1976,6087296
Sweden,1977,6118749
Sweden,1978,6154316
Sweden,1979,6183074
Sweden,1980,6207811
Sweden,1981,6230980
Sweden,1982,6251056
Sweden,1983,6277834
Sweden,1984,6313161
Sweden,1985,6353122
Sweden,1986,6391031
Sweden,1987,6430007
Sweden,1988,6465999
Sweden,1989,6499603
Sweden,1990,6550278
Sweden,1991,6594524
Sweden,1992,6631510
Sweden,1993,6662709
Sweden,1994,6701536
Sweden,1995,6750110
Sweden,1996,6768517
Sweden,1997,6780166
Sweden,1998,6788261
Sweden,1999,6802718
Sweden,2000,6819740
Sweden,2001,6843427
Sweden,2002,6869808
Sweden,2003,6895996
Sweden,2004,6925478
Sweden,2005,6959916
Sweden,2006,6998763
Sweden,2007,7056859
Sweden,2008,7124767
Sweden,2009,7196915
Sweden,2010,7285186
Sweden,2011,7363982
Sweden,2012,7436037
Sweden,2013,7504247
Sweden,2014,7576161
Sweden,2015,7651982
Sweden,2016,7719129
Sweden,2017,7809834
Sweden,2018,7887400
Sweden,2019,7961682
Sweden,2020,8034548
Sweden,2021,8073463
Sweden,2022,8134443
Sweden,2023,8204888
"European Economic Area (EU28 - 2013-2020 and IS, LI, NO)",1960,0
"European Economic Area (EU28 - 2013-2020 and IS, LI, NO)",1961,0
"European Economic Area (EU28 - 2013-2020 and IS, LI, NO)",1962,0
"European Economic Area (EU28 - 2013-2020 and IS, LI, NO)",1963,0
"European Economic Area (EU28 - 2013-2020 and IS, LI, NO)",1964,0
"European Economic Area (EU28 - 2013-2020 and IS, LI, NO)",1965,0
"European Economic Area (EU28 - 2013-2020 and IS, LI, NO)",1966,0
"European Economic Area (EU28 - 2013-2020 and IS, LI, NO)",1967,0
"European Economic Area (EU28 - 2013-2020 and IS, LI, NO)",1968,0
"European Economic Area (EU28 - 2013-2020 and IS, LI, NO)",1969,0
"European Economic Area (EU28 - 2013-2020 and IS, LI, NO)",1970,0
"European Economic Area (EU28 - 2013-2020 and IS, LI, NO)",1971,0
"European Economic Area (EU28 - 2013-2020 and IS, LI, NO)",1972,0
"European Economic Area (EU28 - 2013-2020 and IS, LI, NO)",1973,0
"European Economic Area (EU28 - 2013-2020 and IS, LI, NO)",1974,0
"European Economic Area (EU28 - 2013-2020 and IS, LI, NO)",1975,0
"European Economic Area (EU28 - 2013-2020 and IS, LI, NO)",1976,0
"European Economic Area (EU28 - 2013-2020 and IS, LI, NO)",1977,0
"European Economic Area (EU28 - 2013-2020 and IS, LI, NO)",1978,0
"European Economic Area (EU28 - 2013-2020 and IS, LI, NO)",1979,0
"European Economic Area (EU28 - 2013-2020 and IS, LI, NO)",1980,0
"European Economic Area (EU28 - 2013-2020 and IS, LI, NO)",1981,0
"European Economic Area (EU28 - 2013-2020 and IS, LI, NO)",1982,0
"European Economic Area (EU28 - 2013-2020 and IS, LI, NO)",1983,0
"European Economic Area (EU28 - 2013-2020 and IS, LI, NO)",1984,0
"European Economic Area (EU28 - 2013-2020 and IS, LI, NO)",1985,0
"European Economic Area (EU28 - 2013-2020 and IS, LI, NO)",1986,0
"European Economic Area (EU28 - 2013-2020 and IS, LI, NO)",1987,0
"European Economic Area (EU28 - 2013-2020 and IS, LI, NO)",1988,0
"European Economic Area (EU28 - 2013-2020 and IS, LI, NO)",1989,0
"European Economic Area (EU28 - 2013-2020 and IS, LI, NO)",1990,0
"European Economic Area (EU28 - 2013-2020 and IS, LI, NO)",1991,0
"European Economic Area (EU28 - 2013-2020 and IS, LI, NO)",1992,0
"European Economic Area (EU28 - 2013-2020 and IS, LI, NO)",1993,0
"European Economic Area (EU28 - 2013-2020 and IS, LI, NO)",1994,0
"European Economic Area (EU28 - 2013-2020 and IS, LI, NO)",1995,0
"European Economic Area (EU28 - 2013-2020 and IS, LI, NO)",1996,0
"European Economic Area (EU28 - 2013-2020 and IS, LI, NO)",1997,0
"European Economic Area (EU28 - 2013-2020 and IS, LI, NO)",1998,0
"European Economic Area (EU28 - 2013-2020 and IS, LI, NO)",1999,0
"European Economic Area (EU28 - 2013-2020 and IS, LI, NO)",2000,0
"European Economic Area (EU28 - 2013-2020 and IS, LI, NO)",2001,375650349
"European Economic Area (EU28 - 2013-2020 and IS, LI, NO)",2002,377472914
"European Economic Area (EU28 - 2013-2020 and IS, LI, NO)",2003,380178390
"European Economic Area (EU28 - 2013-2020 and IS, LI, NO)",2004,382983667
"European Economic Area (EU28 - 2013-2020 and IS, LI, NO)",2005,385538985
"European Economic Area (EU28 - 2013-2020 and IS, LI, NO)",2006,387669751
"European Economic Area (EU28 - 2013-2020 and IS, LI, NO)",2007,389480282
"European Economic Area (EU28 - 2013-2020 and IS, LI, NO)",2008,391693656
"European Economic Area (EU28 - 2013-2020 and IS, LI, NO)",2009,393578913
"European Economic Area (EU28 - 2013-2020 and IS, LI, NO)",2010,394681581
"European Economic Area (EU28 - 2013-2020 and IS, LI, NO)",2011,394598580
"European Economic Area (EU28 - 2013-2020 and IS, LI, NO)",2012,395646659
"European Economic Area (EU28 - 2013-2020 and IS, LI, NO)",2013,396642220
"European Economic Area (EU28 - 2013-2020 and IS, LI, NO)",2014,0
"European Economic Area (EU28 - 2013-2020 and IS, LI, NO)",2015,411160171
"European Economic Area (EU28 - 2013-2020 and IS, LI, NO)",2016,412650130
"European Economic Area (EU28 - 2013-2020 and IS, LI, NO)",2017,413749570
"European Economic Area (EU28 - 2013-2020 and IS, LI, NO)",2018,414840855
"European Economic Area (EU28 - 2013-2020 and IS, LI, NO)",2019,416201253
"European Economic Area (EU28 - 2013-2020 and IS, LI, NO)",2020,0
"European Economic Area (EU28 - 2013-2020 and IS, LI, NO)",2021,0
"European Economic Area (EU28 - 2013-2020 and IS, LI, NO)",2022,0
"European Economic Area (EU28 - 2013-2020 and IS, LI, NO)",2023,0
"European Economic Area (EU27 - 2007-2013 and IS, LI, NO)",1960,0
"European Economic Area (EU27 - 2007-2013 and IS, LI, NO)",1961,0
"European Economic Area (EU27 - 2007-2013 and IS, LI, NO)",1962,0
"European Economic Area (EU27 - 2007-2013 and IS, LI, NO)",1963,0
"European Economic Area (EU27 - 2007-2013 and IS, LI, NO)",1964,0
"European Economic Area (EU27 - 2007-2013 and IS, LI, NO)",1965,0
"European Economic Area (EU27 - 2007-2013 and IS, LI, NO)",1966,0
"European Economic Area (EU27 - 2007-2013 and IS, LI, NO)",1967,0
"European Economic Area (EU27 - 2007-2013 and IS, LI, NO)",1968,0
"European Economic Area (EU27 - 2007-2013 and IS, LI, NO)",1969,0
"European Economic Area (EU27 - 2007-2013 and IS, LI, NO)",1970,0
"European Economic Area (EU27 - 2007-2013 and IS, LI, NO)",1971,0
"European Economic Area (EU27 - 2007-2013 and IS, LI, NO)",1972,0
"European Economic Area (EU27 - 2007-2013 and IS, LI, NO)",1973,0
"European Economic Area (EU27 - 2007-2013 and IS, LI, NO)",1974,0
"European Economic Area (EU27 - 2007-2013 and IS, LI, NO)",1975,0
"European Economic Area (EU27 - 2007-2013 and IS, LI, NO)",1976,0
"European Economic Area (EU27 - 2007-2013 and IS, LI, NO)",1977,0
"European Economic Area (EU27 - 2007-2013 and IS, LI, NO)",1978,0
"European Economic Area (EU27 - 2007-2013 and IS, LI, NO)",1979,0
"European Economic Area (EU27 - 2007-2013 and IS, LI, NO)",1980,0
"European Economic Area (EU27 - 2007-2013 and IS, LI, NO)",1981,0
"European Economic Area (EU27 - 2007-2013 and IS, LI, NO)",1982,0
"European Economic Area (EU27 - 2007-2013 and IS, LI, NO)",1983,0
"European Economic Area (EU27 - 2007-2013 and IS, LI, NO)",1984,0
"European Economic Area (EU27 - 2007-2013 and IS, LI, NO)",1985,0
"European Economic Area (EU27 - 2007-2013 and IS, LI, NO)",1986,0
"European Economic Area (EU27 - 2007-2013 and IS, LI, NO)",1987,0
"European Economic Area (EU27 - 2007-2013 and IS, LI, NO)",1988,0
"European Economic Area (EU27 - 2007-2013 and IS, LI, NO)",1989,0
"European Economic Area (EU27 - 2007-2013 and IS, LI, NO)",1990,0
"European Economic Area (EU27 - 2007-2013 and IS, LI, NO)",1991,0
"European Economic Area (EU27 - 2007-2013 and IS, LI, NO)",1992,0
"European Economic Area (EU27 - 2007-2013 and IS, LI, NO)",1993,356538064
"European Economic Area (EU27 - 2007-2013 and IS, LI, NO)",1994,358638639
"European Economic Area (EU27 - 2007-2013 and IS, LI, NO)",1995,360513127
"European Economic Area (EU27 - 2007-2013 and IS, LI, NO)",1996,362322027
"European Economic Area (EU27 - 2007-2013 and IS, LI, NO)",1997,364039738
"European Economic Area (EU27 - 2007-2013 and IS, LI, NO)",1998,366684114
"European Economic Area (EU27 - 2007-2013 and IS, LI, NO)",1999,368381374
"European Economic Area (EU27 - 2007-2013 and IS, LI, NO)",2000,370086379
"European Economic Area (EU27 - 2007-2013 and IS, LI, NO)",2001,372345300
"European Economic Area (EU27 - 2007-2013 and IS, LI, NO)",2002,374143387
"European Economic Area (EU27 - 2007-2013 and IS, LI, NO)",2003,376832312
"European Economic Area (EU27 - 2007-2013 and IS, LI, NO)",2004,379618928
"European Economic Area (EU27 - 2007-2013 and IS, LI, NO)",2005,382160050
"European Economic Area (EU27 - 2007-2013 and IS, LI, NO)",2006,384284818
"European Economic Area (EU27 - 2007-2013 and IS, LI, NO)",2007,386089943
"European Economic Area (EU27 - 2007-2013 and IS, LI, NO)",2008,388298824
"European Economic Area (EU27 - 2007-2013 and IS, LI, NO)",2009,390184165
"European Economic Area (EU27 - 2007-2013 and IS, LI, NO)",2010,391291591
"European Economic Area (EU27 - 2007-2013 and IS, LI, NO)",2011,391216726
"European Economic Area (EU27 - 2007-2013 and IS, LI, NO)",2012,392276027
"European Economic Area (EU27 - 2007-2013 and IS, LI, NO)",2013,401285803
"European Economic Area (EU27 - 2007-2013 and IS, LI, NO)",2014,0
"European Economic Area (EU27 - 2007-2013 and IS, LI, NO)",2015,407781825
"European Economic Area (EU27 - 2007-2013 and IS, LI, NO)",2016,409301794
"European Economic Area (EU27 - 2007-2013 and IS, LI, NO)",2017,410433920
"European Economic Area (EU27 - 2007-2013 and IS, LI, NO)",2018,411570717
"European Economic Area (EU27 - 2007-2013 and IS, LI, NO)",2019,412962123
"European Economic Area (EU27 - 2007-2013 and IS, LI, NO)",2020,0
"European Economic Area (EU27 - 2007-2013 and IS, LI, NO)",2021,0
"European Economic Area (EU27 - 2007-2013 and IS, LI, NO)",2022,0
"European Economic Area (EU27 - 2007-2013 and IS, LI, NO)",2023,0
European Free Trade Association,1960,6186498
European Free Trade Association,1961,6243129
European Free Trade Association,1962,6340324
European Free Trade Association,1963,6439351
European Free Trade Association,1964,6539399
European Free Trade Association,1965,6629744
European Free Trade Association,1966,6712168
European Free Trade Association,1967,6800893
European Free Trade Association,1968,6902192
European Free Trade Association,1969,6995180
European Free Trade Association,1970,0
European Free Trade Association,1971,7121192
European Free Trade Association,1972,0
European Free Trade Association,1973,7264229
European Free Trade Association,1974,7333912
European Free Trade Association,1975,7404068
European Free Trade Association,1976,7429088
European Free Trade Association,1977,7455162
European Free Trade Association,1978,7500290
European Free Trade Association,1979,7554075
European Free Trade Association,1980,7614512
European Free Trade Association,1981,7683865
European Free Trade Association,1982,7764818
European Free Trade Association,1983,7851400
European Free Trade Association,1984,7925064
European Free Trade Association,1985,8002148
European Free Trade Association,1986,8079848
European Free Trade Association,1987,8160532
European Free Trade Association,1988,8247423
European Free Trade Association,1989,8333601
European Free Trade Association,1990,8403019
European Free Trade Association,1991,8501979
European Free Trade Association,1992,8588860
European Free Trade Association,1993,8653073
European Free Trade Association,1994,8714758
European Free Trade Association,1995,8764542
European Free Trade Association,1996,8803506
European Free Trade Association,1997,8825168
European Free Trade Association,1998,8850548
European Free Trade Association,1999,8893547
European Free Trade Association,2000,8950658
European Free Trade Association,2001,9007717
European Free Trade Association,2002,9093880
European Free Trade Association,2003,9170500
European Free Trade Association,2004,9241255
European Free Trade Association,2005,9315188
European Free Trade Association,2006,9387026
European Free Trade Association,2007,9471456
European Free Trade Association,2008,9607826
European Free Trade Association,2009,9762921
European Free Trade Association,2010,9891827
European Free Trade Association,2011,10029432
European Free Trade Association,2012,10169796
European Free Trade Association,2013,10615726
European Free Trade Association,2014,0
European Free Trade Association,2015,10910698
European Free Trade Association,2016,11041144
European Free Trade Association,2017,11164763
European Free Trade Association,2018,11266958
European Free Trade Association,2019,11364541
European Free Trade Association,2020,11471950
European Free Trade Association,2021,11557959
European Free Trade Association,2022,11652200
European Free Trade Association,2023,11785030
Liechtenstein,1960,10393
Liechtenstein,1961,10637
Liechtenstein,1962,10982
Liechtenstein,1963,11484
Liechtenstein,1964,12023
Liechtenstein,1965,12493
Liechtenstein,1966,12606
Liechtenstein,1967,13109
Liechtenstein,1968,13509
Liechtenstein,1969,14104
Liechtenstein,1970,0
Liechtenstein,1971,13975
Liechtenstein,1972,0
Liechtenstein,1973,14955
Liechtenstein,1974,15507
Liechtenstein,1975,15986
Liechtenstein,1976,16287
Liechtenstein,1977,16547
Liechtenstein,1978,17040
Liechtenstein,1979,17664
Liechtenstein,1980,18207
Liechtenstein,1981,17791
Liechtenstein,1982,18505
Liechtenstein,1983,18746
Liechtenstein,1984,18992
Liechtenstein,1985,19251
Liechtenstein,1986,19665
Liechtenstein,1987,20053
Liechtenstein,1988,20468
Liechtenstein,1989,20947
Liechtenstein,1990,21282
Liechtenstein,1991,21899
Liechtenstein,1992,22084
Liechtenstein,1993,22519
Liechtenstein,1994,22908
Liechtenstein,1995,23237
Liechtenstein,1996,23447
Liechtenstein,1997,23714
Liechtenstein,1998,23814
Liechtenstein,1999,24401
Liechtenstein,2000,24754
Liechtenstein,2001,25159
Liechtenstein,2002,25733
Liechtenstein,2003,26044
Liechtenstein,2004,26466
Liechtenstein,2005,26831
Liechtenstein,2006,27134
Liechtenstein,2007,27420
Liechtenstein,2008,27723
Liechtenstein,2009,28032
Liechtenstein,2010,28321
Liechtenstein,2011,28669
Liechtenstein,2012,28989
Liechtenstein,2013,29403
Liechtenstein,2014,29742
Liechtenstein,2015,30015
Liechtenstein,2016,30313
Liechtenstein,2017,30553
Liechtenstein,2018,30892
Liechtenstein,2019,31165
Liechtenstein,2020,31513
Liechtenstein,2021,31787
Liechtenstein,2022,32013
Liechtenstein,2023,32349
Norway,1960,2433293
Norway,1961,2442968
Norway,1962,2461209
Norway,1963,2481898
Norway,1964,2506527
Norway,1965,2533359
Norway,1966,2566108
Norway,1967,2596090
Norway,1968,2625542
Norway,1969,2650529
Norway,1970,2674256
Norway,1971,2693856
Norway,1972,2718102
Norway,1973,2744540
Norway,1974,2768674
Norway,1975,2794621
Norway,1976,2819710
Norway,1977,2844628
Norway,1978,2869999
Norway,1979,2894194
Norway,1980,2915686
Norway,1981,2938356
Norway,1982,2962049
Norway,1983,2987838
Norway,1984,3013677
Norway,1985,3039645
Norway,1986,3066917
Norway,1987,3095618
Norway,1988,3129255
Norway,1989,3160111
Norway,1990,3177845
Norway,1991,3198502
Norway,1992,3224010
Norway,1993,3248917
Norway,1994,3270888
Norway,1995,3289755
Norway,1996,3303877
Norway,1997,3316475
Norway,1998,3332147
Norway,1999,3351253
Norway,2000,3371928
Norway,2001,3388274
Norway,2002,3403290
Norway,2003,3422725
Norway,2004,3440351
Norway,2005,3462105
Norway,2006,3489711
Norway,2007,3523941
Norway,2008,3574702
Norway,2009,3630376
Norway,2010,3683216
Norway,2011,3740283
Norway,2012,3802181
Norway,2013,3862487
Norway,2014,3916280
Norway,2015,3972443
Norway,2016,4016798
Norway,2017,4061182
Norway,2018,4099201
Norway,2019,4138264
Norway,2020,4184296
Norway,2021,4216062
Norway,2022,4251821
Norway,2023,4310611
Switzerland,1960,3690596
Switzerland,1961,3738576
Switzerland,1962,3817882
Switzerland,1963,3895767
Switzerland,1964,3970066
Switzerland,1965,4033121
Switzerland,1966,4082380
Switzerland,1967,4139861
Switzerland,1968,4211462
Switzerland,1969,4278596
Switzerland,1970,4344485
Switzerland,1971,4362517
Switzerland,1972,4400764
Switzerland,1973,4453376
Switzerland,1974,4498291
Switzerland,1975,4542077
Switzerland,1976,4542152
Switzerland,1977,4544192
Switzerland,1978,4565930
Switzerland,1979,4597478
Switzerland,1980,4638132
Switzerland,1981,4687973
Switzerland,1982,4747129
Switzerland,1983,4810288
Switzerland,1984,4860505
Switzerland,1985,4915474
Switzerland,1986,4969521
Switzerland,1987,5025819
Switzerland,1988,5083221
Switzerland,1989,5140773
Switzerland,1990,5197027
Switzerland,1991,5279280
Switzerland,1992,5342954
Switzerland,1993,5386437
Switzerland,1994,5429717
Switzerland,1995,5465661
Switzerland,1996,5494685
Switzerland,1997,5507265
Switzerland,1998,5520214
Switzerland,1999,5545507
Switzerland,2000,5582861
Switzerland,2001,5621884
Switzerland,2002,5696597
Switzerland,2003,5753718
Switzerland,2004,5806863
Switzerland,2005,5860541
Switzerland,2006,5910318
Switzerland,2007,5964234
Switzerland,2008,6051235
Switzerland,2009,6155956
Switzerland,2010,6240865
Switzerland,2011,6321538
Switzerland,2012,6405732
Switzerland,2013,6486426
Switzerland,2014,6576367
Switzerland,2015,6663744
Switzerland,2016,6742729
Switzerland,2017,6818918
Switzerland,2018,6873197
Switzerland,2019,6923420
Switzerland,2020,6977819
Switzerland,2021,7028142
Switzerland,2022,7080283
Switzerland,2023,7143873
United Kingdom,1960,0
United Kingdom,1961,0
United Kingdom,1962,0
United Kingdom,1963,0
United Kingdom,1964,0
United Kingdom,1965,0
United Kingdom,1966,0
United Kingdom,1967,0
United Kingdom,1968,0
United Kingdom,1969,0
United Kingdom,1970,0
United Kingdom,1971,0
United Kingdom,1972,38925997
United Kingdom,1973,39032243
United Kingdom,1974,39111948
United Kingdom,1975,39177461
United Kingdom,1976,39281438
United Kingdom,1977,39425031
United Kingdom,1978,39588466
United Kingdom,1979,39774999
United Kingdom,1980,40001103
United Kingdom,1981,40233040
United Kingdom,1982,40424068
United Kingdom,1983,40638927
United Kingdom,1984,40941026
United Kingdom,1985,41257432
United Kingdom,1986,41534798
United Kingdom,1987,41775504
United Kingdom,1988,41983535
United Kingdom,1989,42180476
United Kingdom,1990,42383809
United Kingdom,1991,42576521
United Kingdom,1992,42722684
United Kingdom,1993,42810893
United Kingdom,1994,42875687
United Kingdom,1995,42943149
United Kingdom,1996,42997191
United Kingdom,1997,43042793
United Kingdom,1998,43131136
United Kingdom,1999,43297261
United Kingdom,2000,43526400
United Kingdom,2001,43781521
United Kingdom,2002,44794692
United Kingdom,2003,45058890
United Kingdom,2004,45354773
United Kingdom,2005,45747670
United Kingdom,2006,46178700
United Kingdom,2007,46608449
United Kingdom,2008,47064247
United Kingdom,2009,47476028
United Kingdom,2010,47879594
United Kingdom,2011,48324774
United Kingdom,2012,49195498
United Kingdom,2013,49540418
United Kingdom,2014,49914387
United Kingdom,2015,50326433
United Kingdom,2016,50759408
United Kingdom,2017,51139677
United Kingdom,2018,51487986
United Kingdom,2019,51802474
United Kingdom,2020,0
United Kingdom,2021,0
United Kingdom,2022,0
United Kingdom,2023,0
Bosnia and Herzegovina,1960,0
Bosnia and Herzegovina,1961,0
Bosnia and Herzegovina,1962,0
Bosnia and Herzegovina,1963,0
Bosnia and Herzegovina,1964,0
Bosnia and Herzegovina,1965,0
Bosnia and Herzegovina,1966,0
Bosnia and Herzegovina,1967,0
Bosnia and Herzegovina,1968,0
Bosnia and Herzegovina,1969,0
Bosnia and Herzegovina,1970,0
Bosnia and Herzegovina,1971,0
Bosnia and Herzegovina,1972,0
Bosnia and Herzegovina,1973,0
Bosnia and Herzegovina,1974,0
Bosnia and Herzegovina,1975,0
Bosnia and Herzegovina,1976,0
Bosnia and Herzegovina,1977,0
Bosnia and Herzegovina,1978,0
Bosnia and Herzegovina,1979,0
Bosnia and Herzegovina,1980,0
Bosnia and Herzegovina,1981,0
Bosnia and Herzegovina,1982,0
Bosnia and Herzegovina,1983,0
Bosnia and Herzegovina,1984,0
Bosnia and Herzegovina,1985,0
Bosnia and Herzegovina,1986,0
Bosnia and Herzegovina,1987,0
Bosnia and Herzegovina,1988,0
Bosnia and Herzegovina,1989,0
Bosnia and Herzegovina,1990,0
Bosnia and Herzegovina,1991,0
Bosnia and Herzegovina,1992,0
Bosnia and Herzegovina,1993,0
Bosnia and Herzegovina,1994,0
Bosnia and Herzegovina,1995,0
Bosnia and Herzegovina,1996,0
Bosnia and Herzegovina,1997,0
Bosnia and Herzegovina,1998,0
Bosnia and Herzegovina,1999,0
Bosnia and Herzegovina,2000,0
Bosnia and Herzegovina,2001,0
Bosnia and Herzegovina,2002,0
Bosnia and Herzegovina,2003,0
Bosnia and Herzegovina,2004,0
Bosnia and Herzegovina,2005,0
Bosnia and Herzegovina,2006,0
Bosnia and Herzegovina,2007,0
Bosnia and Herzegovina,2008,0
Bosnia and Herzegovina,2009,0
Bosnia and Herzegovina,2010,0
Bosnia and Herzegovina,2011,0
Bosnia and Herzegovina,2012,0
Bosnia and Herzegovina,2013,0
Bosnia and Herzegovina,2014,0
Bosnia and Herzegovina,2015,0
Bosnia and Herzegovina,2016,0
Bosnia and Herzegovina,2017,0
Bosnia and Herzegovina,2018,0
Bosnia and Herzegovina,2019,0
Bosnia and Herzegovina,2020,0
Bosnia and Herzegovina,2021,0
Bosnia and Herzegovina,2022,0
Bosnia and Herzegovina,2023,0
Montenegro,1960,0
Montenegro,1961,0
Montenegro,1962,0
Montenegro,1963,0
Montenegro,1964,0
Montenegro,1965,0
Montenegro,1966,0
Montenegro,1967,0
Montenegro,1968,0
Montenegro,1969,0
Montenegro,1970,0
Montenegro,1971,0
Montenegro,1972,0
Montenegro,1973,0
Montenegro,1974,0
Montenegro,1975,0
Montenegro,1976,0
Montenegro,1977,0
Montenegro,1978,0
Montenegro,1979,0
Montenegro,1980,0
Montenegro,1981,0
Montenegro,1982,0
Montenegro,1983,0
Montenegro,1984,0
Montenegro,1985,0
Montenegro,1986,0
Montenegro,1987,0
Montenegro,1988,0
Montenegro,1989,0
Montenegro,1990,0
Montenegro,1991,0
Montenegro,1992,0
Montenegro,1993,0
Montenegro,1994,0
Montenegro,1995,0
Montenegro,1996,0
Montenegro,1997,0
Montenegro,1998,0
Montenegro,1999,0
Montenegro,2000,437856
Montenegro,2001,439751
Montenegro,2002,441711
Montenegro,2003,443197
Montenegro,2004,444274
Montenegro,2005,447445
Montenegro,2006,449890
Montenegro,2007,453801
Montenegro,2008,456834
Montenegro,2009,459509
Montenegro,2010,462111
Montenegro,2011,465131
Montenegro,2012,467506
Montenegro,2013,469429
Montenegro,2014,471478
Montenegro,2015,473661
Montenegro,2016,475126
Montenegro,2017,476248
Montenegro,2018,477308
Montenegro,2019,477911
Montenegro,2020,478618
Montenegro,2021,478668
Montenegro,2022,476886
Montenegro,2023,476753
Moldova,1960,0
Moldova,1961,0
Moldova,1962,0
Moldova,1963,0
Moldova,1964,0
Moldova,1965,0
Moldova,1966,0
Moldova,1967,0
Moldova,1968,0
Moldova,1969,0
Moldova,1970,0
Moldova,1971,0
Moldova,1972,0
Moldova,1973,0
Moldova,1974,0
Moldova,1975,0
Moldova,1976,0
Moldova,1977,0
Moldova,1978,0
Moldova,1979,0
Moldova,1980,0
Moldova,1981,0
Moldova,1982,0
Moldova,1983,0
Moldova,1984,0
Moldova,1985,0
Moldova,1986,0
Moldova,1987,0
Moldova,1988,0
Moldova,1989,0
Moldova,1990,0
Moldova,1991,0
Moldova,1992,0
Moldova,1993,0
Moldova,1994,0
Moldova,1995,0
Moldova,1996,0
Moldova,1997,0
Moldova,1998,0
Moldova,1999,0
Moldova,2000,0
Moldova,2001,0
Moldova,2002,0
Moldova,2003,0
Moldova,2004,0
Moldova,2005,0
Moldova,2006,2642668
Moldova,2007,2662098
Moldova,2008,2689887
Moldova,2009,2714666
Moldova,2010,2737044
Moldova,2011,2755293
Moldova,2012,2775173
Moldova,2013,2793296
Moldova,2014,2777161
Moldova,2015,2785433
Moldova,2016,2173144
Moldova,2017,2161561
Moldova,2018,2124632
Moldova,2019,2081397
Moldova,2020,2049213
Moldova,2021,2022732
Moldova,2022,1965148
Moldova,2023,1927158
North Macedonia,1960,0
North Macedonia,1961,0
North Macedonia,1962,0
North Macedonia,1963,0
North Macedonia,1964,0
North Macedonia,1965,0
North Macedonia,1966,0
North Macedonia,1967,0
North Macedonia,1968,0
North Macedonia,1969,0
North Macedonia,1970,0
North Macedonia,1971,0
North Macedonia,1972,0
North Macedonia,1973,0
North Macedonia,1974,0
North Macedonia,1975,0
North Macedonia,1976,0
North Macedonia,1977,0
North Macedonia,1978,0
North Macedonia,1979,0
North Macedonia,1980,0
North Macedonia,1981,0
North Macedonia,1982,0
North Macedonia,1983,0
North Macedonia,1984,0
North Macedonia,1985,0
North Macedonia,1986,0
North Macedonia,1987,0
North Macedonia,1988,0
North Macedonia,1989,0
North Macedonia,1990,0
North Macedonia,1991,0
North Macedonia,1992,0
North Macedonia,1993,0
North Macedonia,1994,1317592
North Macedonia,1995,1338365
North Macedonia,1996,1357727
North Macedonia,1997,1376051
North Macedonia,1998,1393645
North Macedonia,1999,1411465
North Macedonia,2000,1429633
North Macedonia,2001,1447152
North Macedonia,2002,1465015
North Macedonia,2003,1464605
North Macedonia,2004,1481091
North Macedonia,2005,1496880
North Macedonia,2006,1511361
North Macedonia,2007,1526180
North Macedonia,2008,1540346
North Macedonia,2009,1553055
North Macedonia,2010,1565513
North Macedonia,2011,1578282
North Macedonia,2012,1589402
North Macedonia,2013,1598517
North Macedonia,2014,1609150
North Macedonia,2015,1617770
North Macedonia,2016,1624849
North Macedonia,2017,1630475
North Macedonia,2018,1636132
North Macedonia,2019,1640838
North Macedonia,2020,1645773
North Macedonia,2021,1644377
North Macedonia,2022,1440949
North Macedonia,2023,1440423
Georgia,1960,0
Georgia,1961,0
Georgia,1962,0
Georgia,1963,0
Georgia,1964,0
Georgia,1965,0
Georgia,1966,0
Georgia,1967,0
Georgia,1968,0
Georgia,1969,0
Georgia,1970,0
Georgia,1971,0
Georgia,1972,0
Georgia,1973,0
Georgia,1974,0
Georgia,1975,0
Georgia,1976,0
Georgia,1977,0
Georgia,1978,0
Georgia,1979,0
Georgia,1980,0
Georgia,1981,0
Georgia,1982,0
Georgia,1983,0
Georgia,1984,0
Georgia,1985,0
Georgia,1986,0
Georgia,1987,0
Georgia,1988,0
Georgia,1989,0
Georgia,1990,0
Georgia,1991,0
Georgia,1992,0
Georgia,1993,0
Georgia,1994,0
Georgia,1995,0
Georgia,1996,0
Georgia,1997,0
Georgia,1998,0
Georgia,1999,0
Georgia,2000,0
Georgia,2001,0
Georgia,2002,0
Georgia,2003,0
Georgia,2004,0
Georgia,2005,0
Georgia,2006,3263155
Georgia,2007,3283097
Georgia,2008,3292908
Georgia,2009,3312028
Georgia,2010,3370392
Georgia,2011,3409374
Georgia,2012,3443396
Georgia,2013,0
Georgia,2014,3427847
Georgia,2015,2900700
Georgia,2016,2790000
Georgia,2017,2781700
Georgia,2018,2819408
Georgia,2019,2805053
Georgia,2020,2794845
Georgia,2021,2800325
Georgia,2022,2757311
Georgia,2023,2794347
Albania,1960,0
Albania,1961,0
Albania,1962,0
Albania,1963,0
Albania,1964,0
Albania,1965,0
Albania,1966,0
Albania,1967,0
Albania,1968,0
Albania,1969,0
Albania,1970,0
Albania,1971,0
Albania,1972,0
Albania,1973,0
Albania,1974,0
Albania,1975,0
Albania,1976,0
Albania,1977,0
Albania,1978,0
Albania,1979,0
Albania,1980,0
Albania,1981,0
Albania,1982,0
Albania,1983,0
Albania,1984,0
Albania,1985,0
Albania,1986,0
Albania,1987,0
Albania,1988,0
Albania,1989,0
Albania,1990,0
Albania,1991,0
Albania,1992,0
Albania,1993,0
Albania,1994,0
Albania,1995,0
Albania,1996,0
Albania,1997,0
Albania,1998,0
Albania,1999,0
Albania,2000,0
Albania,2001,0
Albania,2002,1908431
Albania,2003,1917172
Albania,2004,1927718
Albania,2005,1944005
Albania,2006,1952422
Albania,2007,1966146
Albania,2008,1978121
Albania,2009,1991731
Albania,2010,2011642
Albania,2011,2030573
Albania,2012,2057229
Albania,2013,2081379
Albania,2014,2104865
Albania,2015,2121776
Albania,2016,2137012
Albania,2017,2157806
Albania,2018,2169803
Albania,2019,2183408
Albania,2020,2186617
Albania,2021,2183177
Albania,2022,2194726
Albania,2023,2155353
Serbia,1960,0
Serbia,1961,0
Serbia,1962,0
Serbia,1963,0
Serbia,1964,0
Serbia,1965,0
Serbia,1966,0
Serbia,1967,0
Serbia,1968,0
Serbia,1969,0
Serbia,1970,0
Serbia,1971,0
Serbia,1972,0
Serbia,1973,0
Serbia,1974,0
Serbia,1975,0
Serbia,1976,0
Serbia,1977,0
Serbia,1978,0
Serbia,1979,0
Serbia,1980,0
Serbia,1981,0
Serbia,1982,0
Serbia,1983,0
Serbia,1984,0
Serbia,1985,0
Serbia,1986,0
Serbia,1987,0
Serbia,1988,0
Serbia,1989,0
Serbia,1990,0
Serbia,1991,0
Serbia,1992,0
Serbia,1993,0
Serbia,1994,0
Serbia,1995,0
Serbia,1996,0
Serbia,1997,0
Serbia,1998,0
Serbia,1999,5871101
Serbia,2000,5873536
Serbia,2001,5876594
Serbia,2002,5895050
Serbia,2003,5899160
Serbia,2004,5899868
Serbia,2005,5902129
Serbia,2006,5894338
Serbia,2007,5890189
Serbia,2008,5883188
Serbia,2009,5871028
Serbia,2010,5858404
Serbia,2011,5876384
Serbia,2012,5857816
Serbia,2013,5838170
Serbia,2014,5820620
Serbia,2015,5802676
Serbia,2016,5776410
Serbia,2017,5749036
Serbia,2018,5715721
Serbia,2019,5682413
Serbia,2020,5648232
Serbia,2021,5603532
Serbia,2022,5538265
Serbia,2023,5415786
Türkiye,1960,13918272
Türkiye,1961,14139096
Türkiye,1962,14387725
Türkiye,1963,14665571
Türkiye,1964,14974244
Türkiye,1965,15315550
Türkiye,1966,15603959
Türkiye,1967,15919001
Türkiye,1968,16261946
Türkiye,1969,16634203
Türkiye,1970,17037379
Türkiye,1971,17519928
Türkiye,1972,18040410
Türkiye,1973,18601181
Türkiye,1974,19204835
Türkiye,1975,19854213
Türkiye,1976,20270647
Türkiye,1977,20742472
Türkiye,1978,21273500
Türkiye,1979,21868098
Türkiye,1980,22531262
Türkiye,1981,23214932
Türkiye,1982,23948796
Türkiye,1983,24735694
Türkiye,1984,25578750
Türkiye,1985,26481390
Türkiye,1986,27238940
Türkiye,1987,28048350
Türkiye,1988,28913023
Türkiye,1989,29836687
Türkiye,1990,30823407
Türkiye,1991,31303015
Türkiye,1992,32245134
Türkiye,1993,33218693
Türkiye,1994,34216263
Türkiye,1995,35245867
Türkiye,1996,36286832
Türkiye,1997,37319320
Türkiye,1998,38354349
Türkiye,1999,39394353
Türkiye,2000,40392115
Türkiye,2001,0
Türkiye,2002,0
Türkiye,2003,0
Türkiye,2004,0
Türkiye,2005,0
Türkiye,2006,0
Türkiye,2007,0
Türkiye,2008,46937766
Türkiye,2009,47737660
Türkiye,2010,48629499
Türkiye,2011,49725317
Türkiye,2012,50665564
Türkiye,2013,51545079
Türkiye,2014,52544685
Türkiye,2015,53465311
Türkiye,2016,54421148
Türkiye,2017,55446158
Türkiye,2018,56580370
Türkiye,2019,57570741
Türkiye,2020,58952982
Türkiye,2021,59629097
Türkiye,2022,60713836
Türkiye,2023,61450001
Ukraine,1960,0
Ukraine,1961,0
Ukraine,1962,0
Ukraine,1963,0
Ukraine,1964,0
Ukraine,1965,0
Ukraine,1966,0
Ukraine,1967,0
Ukraine,1968,0
Ukraine,1969,0
Ukraine,1970,0
Ukraine,1971,0
Ukraine,1972,0
Ukraine,1973,0
Ukraine,1974,0
Ukraine,1975,0
Ukraine,1976,0
Ukraine,1977,0
Ukraine,1978,0
Ukraine,1979,0
Ukraine,1980,0
Ukraine,1981,0
Ukraine,1982,0
Ukraine,1983,0
Ukraine,1984,0
Ukraine,1985,0
Ukraine,1986,0
Ukraine,1987,0
Ukraine,1988,0
Ukraine,1989,0
Ukraine,1990,0
Ukraine,1991,0
Ukraine,1992,0
Ukraine,1993,0
Ukraine,1994,0
Ukraine,1995,0
Ukraine,1996,0
Ukraine,1997,0
Ukraine,1998,0
Ukraine,1999,0
Ukraine,2000,0
Ukraine,2001,0
Ukraine,2002,0
Ukraine,2003,0
Ukraine,2004,0
Ukraine,2005,0
Ukraine,2006,37200629
Ukraine,2007,37208831
Ukraine,2008,37190143
Ukraine,2009,37132089
Ukraine,2010,37088868
Ukraine,2011,37023280
Ukraine,2012,36951193
Ukraine,2013,36874141
Ukraine,2014,36746965
Ukraine,2015,34694722
Ukraine,2016,34561088
Ukraine,2017,34401076
Ukraine,2018,34230610
Ukraine,2019,34029233
Ukraine,2020,33833470
Ukraine,2021,33574165
Ukraine,2022,33242178
Ukraine,2023,0
Kosovo*,1960,0
Kosovo*,1961,0
Kosovo*,1962,0
Kosovo*,1963,0
Kosovo*,1964,0
Kosovo*,1965,0
Kosovo*,1966,0
Kosovo*,1967,0
Kosovo*,1968,0
Kosovo*,1969,0
Kosovo*,1970,0
Kosovo*,1971,0
Kosovo*,1972,0
Kosovo*,1973,0
Kosovo*,1974,0
Kosovo*,1975,0
Kosovo*,1976,0
Kosovo*,1977,0
Kosovo*,1978,0
Kosovo*,1979,0
Kosovo*,1980,0
Kosovo*,1981,0
Kosovo*,1982,0
Kosovo*,1983,0
Kosovo*,1984,0
Kosovo*,1985,0
Kosovo*,1986,0
Kosovo*,1987,0
Kosovo*,1988,0
Kosovo*,1989,0
Kosovo*,1990,0
Kosovo*,1991,0
Kosovo*,1992,0
Kosovo*,1993,0
Kosovo*,1994,0
Kosovo*,1995,0
Kosovo*,1996,0
Kosovo*,1997,0
Kosovo*,1998,0
Kosovo*,1999,0
Kosovo*,2000,0
Kosovo*,2001,0
Kosovo*,2002,0
Kosovo*,2003,0
Kosovo*,2004,0
Kosovo*,2005,0
Kosovo*,2006,0
Kosovo*,2007,0
Kosovo*,2008,0
Kosovo*,2009,0
Kosovo*,2010,0
Kosovo*,2011,0
Kosovo*,2012,0
Kosovo*,2013,0
Kosovo*,2014,0
Kosovo*,2015,0
Kosovo*,2016,1151852
Kosovo*,2017,1197769
Kosovo*,2018,1207872
Kosovo*,2019,1221048
Kosovo*,2020,1229858
Kosovo*,2021,1250718
Kosovo*,2022,1239661
Kosovo*,2023,0
Andorra,1960,0
Andorra,1961,0
Andorra,1962,0
Andorra,1963,0
Andorra,1964,0
Andorra,1965,0
Andorra,1966,0
Andorra,1967,0
Andorra,1968,0
Andorra,1969,0
Andorra,1970,0
Andorra,1971,0
Andorra,1972,0
Andorra,1973,0
Andorra,1974,0
Andorra,1975,0
Andorra,1976,0
Andorra,1977,0
Andorra,1978,0
Andorra,1979,0
Andorra,1980,0
Andorra,1981,0
Andorra,1982,0
Andorra,1983,0
Andorra,1984,0
Andorra,1985,0
Andorra,1986,33140
Andorra,1987,35002
Andorra,1988,36373
Andorra,1989,38267
Andorra,1990,38590
Andorra,1991,41783
Andorra,1992,45975
Andorra,1993,48320
Andorra,1994,51687
Andorra,1995,51110
Andorra,1996,50844
Andorra,1997,51548
Andorra,1998,52359
Andorra,1999,52994
Andorra,2000,53060
Andorra,2001,53045
Andorra,2002,53619
Andorra,2003,54458
Andorra,2004,58818
Andorra,2005,62565
Andorra,2006,63745
Andorra,2007,66017
Andorra,2008,67693
Andorra,2009,68924
Andorra,2010,68604
Andorra,2011,62932
Andorra,2012,62932
Andorra,2013,61303
Andorra,2014,0
Andorra,2015,0
Andorra,2016,0
Andorra,2017,0
Andorra,2018,0
Andorra,2019,62403
Andorra,2020,0
Andorra,2021,0
Andorra,2022,0
Andorra,2023,0
Belarus,1960,0
Belarus,1961,0
Belarus,1962,0
Belarus,1963,0
Belarus,1964,0
Belarus,1965,0
Belarus,1966,0
Belarus,1967,0
Belarus,1968,0
Belarus,1969,0
Belarus,1970,0
Belarus,1971,0
Belarus,1972,0
Belarus,1973,0
Belarus,1974,0
Belarus,1975,0
Belarus,1976,0
Belarus,1977,0
Belarus,1978,0
Belarus,1979,0
Belarus,1980,0
Belarus,1981,0
Belarus,1982,0
Belarus,1983,0
Belarus,1984,0
Belarus,1985,0
Belarus,1986,0
Belarus,1987,0
Belarus,1988,0
Belarus,1989,0
Belarus,1990,0
Belarus,1991,0
Belarus,1992,0
Belarus,1993,0
Belarus,1994,0
Belarus,1995,0
Belarus,1996,0
Belarus,1997,0
Belarus,1998,0
Belarus,1999,0
Belarus,2000,0
Belarus,2001,0
Belarus,2002,0
Belarus,2003,0
Belarus,2004,0
Belarus,2005,0
Belarus,2006,7578777
Belarus,2007,7608681
Belarus,2008,7635073
Belarus,2009,7653898
Belarus,2010,0
Belarus,2011,7509206
Belarus,2012,7617755
Belarus,2013,7612716
Belarus,2014,7605619
Belarus,2015,7596980
Belarus,2016,7584986
Belarus,2017,7560147
Belarus,2018,7534626
Belarus,2019,7512676
Belarus,2020,0
Belarus,2021,0
Belarus,2022,0
Belarus,2023,0
Monaco,1960,0
Monaco,1961,0
Monaco,1962,0
Monaco,1963,0
Monaco,1964,0
Monaco,1965,0
Monaco,1966,0
Monaco,1967,0
Monaco,1968,0
Monaco,1969,0
Monaco,1970,0
Monaco,1971,0
Monaco,1972,0
Monaco,1973,0
Monaco,1974,0
Monaco,1975,0
Monaco,1976,0
Monaco,1977,0
Monaco,1978,0
Monaco,1979,0
Monaco,1980,0
Monaco,1981,0
Monaco,1982,0
Monaco,1983,0
Monaco,1984,0
Monaco,1985,0
Monaco,1986,0
Monaco,1987,0
Monaco,1988,0
Monaco,1989,0
Monaco,1990,0
Monaco,1991,0
Monaco,1992,0
Monaco,1993,0
Monaco,1994,0
Monaco,1995,0
Monaco,1996,0
Monaco,1997,0
Monaco,1998,0
Monaco,1999,0
Monaco,2000,0
Monaco,2001,0
Monaco,2002,0
Monaco,2003,0
Monaco,2004,0
Monaco,2005,0
Monaco,2006,0
Monaco,2007,0
Monaco,2008,0
Monaco,2009,0
Monaco,2010,0
Monaco,2011,0
Monaco,2012,0
Monaco,2013,0
Monaco,2014,0
Monaco,2015,0
Monaco,2016,0
Monaco,2017,0
Monaco,2018,0
Monaco,2019,0
Monaco,2020,0
Monaco,2021,0
Monaco,2022,0
Monaco,2023,0
Russia,1960,0
Russia,1961,0
Russia,1962,0
Russia,1963,0
Russia,1964,0
Russia,1965,0
Russia,1966,0
Russia,1967,0
Russia,1968,0
Russia,1969,0
Russia,1970,0
Russia,1971,0
Russia,1972,0
Russia,1973,0
Russia,1974,0
Russia,1975,0
Russia,1976,0
Russia,1977,0
Russia,1978,0
Russia,1979,0
Russia,1980,0
Russia,1981,0
Russia,1982,0
Russia,1983,0
Russia,1984,0
Russia,1985,0
Russia,1986,0
Russia,1987,0
Russia,1988,0
Russia,1989,0
Russia,1990,0
Russia,1991,0
Russia,1992,0
Russia,1993,0
Russia,1994,0
Russia,1995,0
Russia,1996,0
Russia,1997,0
Russia,1998,0
Russia,1999,0
Russia,2000,0
Russia,2001,0
Russia,2002,0
Russia,2003,0
Russia,2004,0
Russia,2005,0
Russia,2006,112243674
Russia,2007,112792190
Russia,2008,113357799
Russia,2009,113754104
Russia,2010,114070163
Russia,2011,114788789
Russia,2012,0
Russia,2013,0
Russia,2014,114833799
Russia,2015,0
Russia,2016,0
Russia,2017,0
Russia,2018,0
Russia,2019,0
Russia,2020,0
Russia,2021,0
Russia,2022,0
Russia,2023,0
San Marino,1960,0
San Marino,1961,0
San Marino,1962,0
San Marino,1963,0
San Marino,1964,0
San Marino,1965,0
San Marino,1966,0
San Marino,1967,0
San Marino,1968,0
San Marino,1969,0
San Marino,1970,0
San Marino,1971,0
San Marino,1972,0
San Marino,1973,0
San Marino,1974,0
San Marino,1975,0
San Marino,1976,0
San Marino,1977,0
San Marino,1978,0
San Marino,1979,0
San Marino,1980,0
San Marino,1981,0
San Marino,1982,0
San Marino,1983,0
San Marino,1984,0
San Marino,1985,0
San Marino,1986,0
San Marino,1987,0
San Marino,1988,0
San Marino,1989,0
San Marino,1990,0
San Marino,1991,0
San Marino,1992,0
San Marino,1993,0
San Marino,1994,0
San Marino,1995,0
San Marino,1996,0
San Marino,1997,0
San Marino,1998,0
San Marino,1999,0
San Marino,2000,0
San Marino,2001,0
San Marino,2002,0
San Marino,2003,0
San Marino,2004,0
San Marino,2005,0
San Marino,2006,0
San Marino,2007,0
San Marino,2008,0
San Marino,2009,0
San Marino,2010,0
San Marino,2011,0
San Marino,2012,27091
San Marino,2013,27256
San Marino,2014,0
San Marino,2015,0
San Marino,2016,0
San Marino,2017,0
San Marino,2018,28166
San Marino,2019,0
San Marino,2020,0
San Marino,2021,0
San Marino,2022,0
San Marino,2023,0
Armenia,1960,0
Armenia,1961,0
Armenia,1962,0
Armenia,1963,0
Armenia,1964,0
Armenia,1965,0
Armenia,1966,0
Armenia,1967,0
Armenia,1968,0
Armenia,1969,0
Armenia,1970,0
Armenia,1971,0
Armenia,1972,0
Armenia,1973,0
Armenia,1974,0
Armenia,1975,0
Armenia,1976,0
Armenia,1977,0
Armenia,1978,0
Armenia,1979,0
Armenia,1980,0
Armenia,1981,0
Armenia,1982,0
Armenia,1983,0
Armenia,1984,0
Armenia,1985,0
Armenia,1986,0
Armenia,1987,0
Armenia,1988,0
Armenia,1989,0
Armenia,1990,0
Armenia,1991,0
Armenia,1992,0
Armenia,1993,0
Armenia,1994,0
Armenia,1995,0
Armenia,1996,0
Armenia,1997,0
Armenia,1998,0
Armenia,1999,0
Armenia,2000,0
Armenia,2001,0
Armenia,2002,0
Armenia,2003,0
Armenia,2004,0
Armenia,2005,0
Armenia,2006,2289727
Armenia,2007,2321633
Armenia,2008,2353024
Armenia,2009,2384056
Armenia,2010,2416888
Armenia,2011,0
Armenia,2012,0
Armenia,2013,0
Armenia,2014,0
Armenia,2015,2255755
Armenia,2016,2241704
Armenia,2017,2228501
Armenia,2018,2212232
Armenia,2019,2201214
Armenia,2020,2195318
Armenia,2021,2192965
Armenia,2022,0
Armenia,2023,1831101
Azerbaijan,1960,0
Azerbaijan,1961,0
Azerbaijan,1962,0
Azerbaijan,1963,0
Azerbaijan,1964,0
Azerbaijan,1965,0
Azerbaijan,1966,0
Azerbaijan,1967,0
Azerbaijan,1968,0
Azerbaijan,1969,0
Azerbaijan,1970,0
Azerbaijan,1971,0
Azerbaijan,1972,0
Azerbaijan,1973,0
Azerbaijan,1974,0
Azerbaijan,1975,0
Azerbaijan,1976,0
Azerbaijan,1977,0
Azerbaijan,1978,0
Azerbaijan,1979,0
Azerbaijan,1980,0
Azerbaijan,1981,0
Azerbaijan,1982,0
Azerbaijan,1983,0
Azerbaijan,1984,0
Azerbaijan,1985,0
Azerbaijan,1986,0
Azerbaijan,1987,0
Azerbaijan,1988,0
Azerbaijan,1989,0
Azerbaijan,1990,0
Azerbaijan,1991,0
Azerbaijan,1992,0
Azerbaijan,1993,0
Azerbaijan,1994,0
Azerbaijan,1995,0
Azerbaijan,1996,0
Azerbaijan,1997,0
Azerbaijan,1998,0
Azerbaijan,1999,0
Azerbaijan,2000,0
Azerbaijan,2001,0
Azerbaijan,2002,0
Azerbaijan,2003,0
Azerbaijan,2004,0
Azerbaijan,2005,0
Azerbaijan,2006,5621400
Azerbaijan,2007,5753300
Azerbaijan,2008,5887800
Azerbaijan,2009,6140400
Azerbaijan,2010,6251073
Azerbaijan,2011,6386526
Azerbaijan,2012,6517054
Azerbaijan,2013,6644047
Azerbaijan,2014,6766904
Azerbaijan,2015,6876027
Azerbaijan,2016,6978656
Azerbaijan,2017,7063403
Azerbaijan,2018,7148386
Azerbaijan,2019,7229040
Azerbaijan,2020,7305197
Azerbaijan,2021,7355927
Azerbaijan,2022,7410233
Azerbaijan,2023,0
Iceland,2007,223489
Iceland,2008,230648
Iceland,2009,233644
Iceland,2010,232312
Iceland,2011,227247
Iceland,2012,229077
Iceland,2013,231905
Iceland,2014,235698
Iceland,2015,238909
Iceland,2016,242529
Iceland,2017,248757
Iceland,2018,257878
Iceland,2019,264640
Iceland,2020,268815
Iceland,2021,272025
Iceland,2022,277368
Iceland,2023,286296
Iceland,2024,294175
