rikisfang,ar,n
Ísland,1998,134100
Ísland,1999,135295
Ísland,2000,136507
Ísland,2001,137880
Ísland,2002,138891
Ísland,2003,139601
Ísland,2004,140671
Ísland,2005,141951
Ísland,2006,143586
Ísland,2007,145075
Ísland,2008,146576
Ísland,2009,148056
Ísland,2010,148317
Ísland,2011,146382
Ísland,2012,146963
Ísland,2013,147899
Ísland,2014,148975
Ísland,2015,149809
Ísland,2016,150530
Ísland,2017,151846
Ísland,2018,153301
Ísland,2019,154399
Ísland,2020,155326
Ísland,2021,156986
Ísland,2022,158872
Ísland,2023,159763
Ísland,2024,160623
Danmörk,1998,369
Danmörk,1999,387
Danmörk,2000,373
Danmörk,2001,392
Danmörk,2002,403
Danmörk,2003,378
Danmörk,2004,360
Danmörk,2005,380
Danmörk,2006,392
Danmörk,2007,406
Danmörk,2008,422
Danmörk,2009,421
Danmörk,2010,382
Danmörk,2011,353
Danmörk,2012,353
Danmörk,2013,361
Danmörk,2014,370
Danmörk,2015,377
Danmörk,2016,376
Danmörk,2017,368
Danmörk,2018,392
Danmörk,2019,405
Danmörk,2020,384
Danmörk,2021,378
Danmörk,2022,387
Danmörk,2023,389
Danmörk,2024,402
Finnland,1998,27
Finnland,1999,33
Finnland,2000,27
Finnland,2001,23
Finnland,2002,37
Finnland,2003,26
Finnland,2004,23
Finnland,2005,21
Finnland,2006,24
Finnland,2007,35
Finnland,2008,35
Finnland,2009,33
Finnland,2010,30
Finnland,2011,23
Finnland,2012,23
Finnland,2013,17
Finnland,2014,22
Finnland,2015,27
Finnland,2016,29
Finnland,2017,37
Finnland,2018,34
Finnland,2019,39
Finnland,2020,32
Finnland,2021,31
Finnland,2022,39
Finnland,2023,47
Finnland,2024,44
Noregur,1998,101
Noregur,1999,109
Noregur,2000,112
Noregur,2001,117
Noregur,2002,113
Noregur,2003,113
Noregur,2004,129
Noregur,2005,114
Noregur,2006,119
Noregur,2007,117
Noregur,2008,118
Noregur,2009,117
Noregur,2010,102
Noregur,2011,83
Noregur,2012,82
Noregur,2013,81
Noregur,2014,98
Noregur,2015,107
Noregur,2016,98
Noregur,2017,106
Noregur,2018,119
Noregur,2019,132
Noregur,2020,121
Noregur,2021,118
Noregur,2022,134
Noregur,2023,125
Noregur,2024,128
Svíþjóð,1998,100
Svíþjóð,1999,117
Svíþjóð,2000,130
Svíþjóð,2001,114
Svíþjóð,2002,123
Svíþjóð,2003,106
Svíþjóð,2004,126
Svíþjóð,2005,116
Svíþjóð,2006,129
Svíþjóð,2007,129
Svíþjóð,2008,171
Svíþjóð,2009,156
Svíþjóð,2010,126
Svíþjóð,2011,118
Svíþjóð,2012,105
Svíþjóð,2013,108
Svíþjóð,2014,116
Svíþjóð,2015,128
Svíþjóð,2016,131
Svíþjóð,2017,122
Svíþjóð,2018,155
Svíþjóð,2019,169
Svíþjóð,2020,155
Svíþjóð,2021,142
Svíþjóð,2022,176
Svíþjóð,2023,174
Svíþjóð,2024,192
Austurríki,1998,19
Austurríki,1999,18
Austurríki,2000,16
Austurríki,2001,18
Austurríki,2002,21
Austurríki,2003,18
Austurríki,2004,17
Austurríki,2005,21
Austurríki,2006,25
Austurríki,2007,33
Austurríki,2008,39
Austurríki,2009,37
Austurríki,2010,38
Austurríki,2011,24
Austurríki,2012,17
Austurríki,2013,18
Austurríki,2014,29
Austurríki,2015,33
Austurríki,2016,35
Austurríki,2017,36
Austurríki,2018,42
Austurríki,2019,38
Austurríki,2020,37
Austurríki,2021,36
Austurríki,2022,43
Austurríki,2023,42
Austurríki,2024,50
Belgía,1998,13
Belgía,1999,14
Belgía,2000,17
Belgía,2001,26
Belgía,2002,30
Belgía,2003,31
Belgía,2004,24
Belgía,2005,13
Belgía,2006,16
Belgía,2007,15
Belgía,2008,17
Belgía,2009,23
Belgía,2010,23
Belgía,2011,12
Belgía,2012,9
Belgía,2013,14
Belgía,2014,12
Belgía,2015,20
Belgía,2016,21
Belgía,2017,34
Belgía,2018,45
Belgía,2019,51
Belgía,2020,48
Belgía,2021,46
Belgía,2022,47
Belgía,2023,45
Belgía,2024,49
Búlgaría,1998,12
Búlgaría,1999,14
Búlgaría,2000,20
Búlgaría,2001,29
Búlgaría,2002,31
Búlgaría,2003,36
Búlgaría,2004,36
Búlgaría,2005,37
Búlgaría,2006,49
Búlgaría,2007,54
Búlgaría,2008,55
Búlgaría,2009,51
Búlgaría,2010,41
Búlgaría,2011,38
Búlgaría,2012,35
Búlgaría,2013,44
Búlgaría,2014,62
Búlgaría,2015,84
Búlgaría,2016,107
Búlgaría,2017,146
Búlgaría,2018,176
Búlgaría,2019,218
Búlgaría,2020,245
Búlgaría,2021,239
Búlgaría,2022,239
Búlgaría,2023,266
Búlgaría,2024,261
Kýpur,1998,0
Kýpur,1999,0
Kýpur,2000,0
Kýpur,2001,0
Kýpur,2002,0
Kýpur,2003,0
Kýpur,2004,0
Kýpur,2005,0
Kýpur,2006,0
Kýpur,2007,1
Kýpur,2008,1
Kýpur,2009,1
Kýpur,2010,2
Kýpur,2011,0
Kýpur,2012,0
Kýpur,2013,0
Kýpur,2014,0
Kýpur,2015,0
Kýpur,2016,0
Kýpur,2017,1
Kýpur,2018,3
Kýpur,2019,4
Kýpur,2020,3
Kýpur,2021,5
Kýpur,2022,5
Kýpur,2023,8
Kýpur,2024,8
Tékkland,1998,11
Tékkland,1999,13
Tékkland,2000,26
Tékkland,2001,12
Tékkland,2002,11
Tékkland,2003,13
Tékkland,2004,13
Tékkland,2005,15
Tékkland,2006,18
Tékkland,2007,99
Tékkland,2008,165
Tékkland,2009,182
Tékkland,2010,72
Tékkland,2011,44
Tékkland,2012,52
Tékkland,2013,49
Tékkland,2014,72
Tékkland,2015,111
Tékkland,2016,131
Tékkland,2017,163
Tékkland,2018,245
Tékkland,2019,328
Tékkland,2020,355
Tékkland,2021,324
Tékkland,2022,359
Tékkland,2023,407
Tékkland,2024,475
Þýskaland,1998,88
Þýskaland,1999,91
Þýskaland,2000,97
Þýskaland,2001,139
Þýskaland,2002,167
Þýskaland,2003,182
Þýskaland,2004,168
Þýskaland,2005,166
Þýskaland,2006,344
Þýskaland,2007,452
Þýskaland,2008,503
Þýskaland,2009,474
Þýskaland,2010,383
Þýskaland,2011,274
Þýskaland,2012,256
Þýskaland,2013,241
Þýskaland,2014,261
Þýskaland,2015,291
Þýskaland,2016,310
Þýskaland,2017,345
Þýskaland,2018,396
Þýskaland,2019,398
Þýskaland,2020,385
Þýskaland,2021,422
Þýskaland,2022,446
Þýskaland,2023,480
Þýskaland,2024,498
Eistland,1998,5
Eistland,1999,8
Eistland,2000,8
Eistland,2001,21
Eistland,2002,24
Eistland,2003,21
Eistland,2004,24
Eistland,2005,23
Eistland,2006,25
Eistland,2007,37
Eistland,2008,46
Eistland,2009,57
Eistland,2010,51
Eistland,2011,41
Eistland,2012,38
Eistland,2013,32
Eistland,2014,33
Eistland,2015,32
Eistland,2016,39
Eistland,2017,41
Eistland,2018,50
Eistland,2019,50
Eistland,2020,50
Eistland,2021,68
Eistland,2022,90
Eistland,2023,94
Eistland,2024,142
Spánn,1998,43
Spánn,1999,52
Spánn,2000,52
Spánn,2001,59
Spánn,2002,64
Spánn,2003,73
Spánn,2004,68
Spánn,2005,60
Spánn,2006,70
Spánn,2007,74
Spánn,2008,85
Spánn,2009,102
Spánn,2010,107
Spánn,2011,110
Spánn,2012,87
Spánn,2013,98
Spánn,2014,160
Spánn,2015,227
Spánn,2016,257
Spánn,2017,330
Spánn,2018,427
Spánn,2019,470
Spánn,2020,556
Spánn,2021,555
Spánn,2022,648
Spánn,2023,780
Spánn,2024,854
Frakkland,1998,45
Frakkland,1999,53
Frakkland,2000,63
Frakkland,2001,78
Frakkland,2002,94
Frakkland,2003,80
Frakkland,2004,66
Frakkland,2005,70
Frakkland,2006,82
Frakkland,2007,85
Frakkland,2008,105
Frakkland,2009,130
Frakkland,2010,151
Frakkland,2011,114
Frakkland,2012,111
Frakkland,2013,106
Frakkland,2014,135
Frakkland,2015,162
Frakkland,2016,182
Frakkland,2017,201
Frakkland,2018,245
Frakkland,2019,292
Frakkland,2020,306
Frakkland,2021,313
Frakkland,2022,330
Frakkland,2023,364
Frakkland,2024,389
Bretland,1998,185
Bretland,1999,198
Bretland,2000,216
Bretland,2001,246
Bretland,2002,277
Bretland,2003,260
Bretland,2004,234
Bretland,2005,215
Bretland,2006,248
Bretland,2007,287
Bretland,2008,324
Bretland,2009,372
Bretland,2010,379
Bretland,2011,339
Bretland,2012,355
Bretland,2013,360
Bretland,2014,385
Bretland,2015,402
Bretland,2016,440
Bretland,2017,502
Bretland,2018,540
Bretland,2019,586
Bretland,2020,648
Bretland,2021,667
Bretland,2022,619
Bretland,2023,630
Bretland,2024,619
Grikkland,1998,3
Grikkland,1999,6
Grikkland,2000,5
Grikkland,2001,4
Grikkland,2002,6
Grikkland,2003,6
Grikkland,2004,6
Grikkland,2005,5
Grikkland,2006,6
Grikkland,2007,8
Grikkland,2008,9
Grikkland,2009,5
Grikkland,2010,7
Grikkland,2011,8
Grikkland,2012,10
Grikkland,2013,13
Grikkland,2014,17
Grikkland,2015,19
Grikkland,2016,28
Grikkland,2017,44
Grikkland,2018,84
Grikkland,2019,122
Grikkland,2020,142
Grikkland,2021,150
Grikkland,2022,199
Grikkland,2023,271
Grikkland,2024,364
Ungverjaland,1998,18
Ungverjaland,1999,21
Ungverjaland,2000,22
Ungverjaland,2001,18
Ungverjaland,2002,18
Ungverjaland,2003,19
Ungverjaland,2004,19
Ungverjaland,2005,19
Ungverjaland,2006,21
Ungverjaland,2007,27
Ungverjaland,2008,48
Ungverjaland,2009,99
Ungverjaland,2010,69
Ungverjaland,2011,58
Ungverjaland,2012,54
Ungverjaland,2013,59
Ungverjaland,2014,69
Ungverjaland,2015,85
Ungverjaland,2016,107
Ungverjaland,2017,153
Ungverjaland,2018,235
Ungverjaland,2019,232
Ungverjaland,2020,269
Ungverjaland,2021,275
Ungverjaland,2022,296
Ungverjaland,2023,384
Ungverjaland,2024,429
Írland,1998,22
Írland,1999,30
Írland,2000,24
Írland,2001,25
Írland,2002,29
Írland,2003,26
Írland,2004,22
Írland,2005,16
Írland,2006,20
Írland,2007,26
Írland,2008,33
Írland,2009,38
Írland,2010,45
Írland,2011,34
Írland,2012,40
Írland,2013,43
Írland,2014,41
Írland,2015,38
Írland,2016,43
Írland,2017,51
Írland,2018,55
Írland,2019,60
Írland,2020,76
Írland,2021,91
Írland,2022,86
Írland,2023,101
Írland,2024,106
Ítalía,1998,19
Ítalía,1999,21
Ítalía,2000,25
Ítalía,2001,44
Ítalía,2002,53
Ítalía,2003,62
Ítalía,2004,67
Ítalía,2005,183
Ítalía,2006,233
Ítalía,2007,242
Ítalía,2008,185
Ítalía,2009,159
Ítalía,2010,112
Ítalía,2011,90
Ítalía,2012,71
Ítalía,2013,82
Ítalía,2014,101
Ítalía,2015,118
Ítalía,2016,137
Ítalía,2017,161
Ítalía,2018,213
Ítalía,2019,246
Ítalía,2020,277
Ítalía,2021,295
Ítalía,2022,403
Ítalía,2023,483
Ítalía,2024,525
Litháen (Lietuva),1998,8
Litháen (Lietuva),1999,14
Litháen (Lietuva),2000,28
Litháen (Lietuva),2001,95
Litháen (Lietuva),2002,152
Litháen (Lietuva),2003,183
Litháen (Lietuva),2004,195
Litháen (Lietuva),2005,211
Litháen (Lietuva),2006,335
Litháen (Lietuva),2007,616
Litháen (Lietuva),2008,921
Litháen (Lietuva),2009,1014
Litháen (Lietuva),2010,879
Litháen (Lietuva),2011,755
Litháen (Lietuva),2012,761
Litháen (Lietuva),2013,765
Litháen (Lietuva),2014,790
Litháen (Lietuva),2015,788
Litháen (Lietuva),2016,887
Litháen (Lietuva),2017,1324
Litháen (Lietuva),2018,2002
Litháen (Lietuva),2019,2375
Litháen (Lietuva),2020,2466
Litháen (Lietuva),2021,2389
Litháen (Lietuva),2022,2491
Litháen (Lietuva),2023,2753
Litháen (Lietuva),2024,2960
Lúxemborg,1998,0
Lúxemborg,1999,1
Lúxemborg,2000,1
Lúxemborg,2001,2
Lúxemborg,2002,2
Lúxemborg,2003,2
Lúxemborg,2004,1
Lúxemborg,2005,1
Lúxemborg,2006,1
Lúxemborg,2007,2
Lúxemborg,2008,2
Lúxemborg,2009,3
Lúxemborg,2010,3
Lúxemborg,2011,2
Lúxemborg,2012,3
Lúxemborg,2013,3
Lúxemborg,2014,3
Lúxemborg,2015,3
Lúxemborg,2016,3
Lúxemborg,2017,4
Lúxemborg,2018,6
Lúxemborg,2019,5
Lúxemborg,2020,6
Lúxemborg,2021,6
Lúxemborg,2022,8
Lúxemborg,2023,8
Lúxemborg,2024,9
Lettland (Latvija),1998,1
Lettland (Latvija),1999,4
Lettland (Latvija),2000,7
Lettland (Latvija),2001,26
Lettland (Latvija),2002,35
Lettland (Latvija),2003,41
Lettland (Latvija),2004,36
Lettland (Latvija),2005,36
Lettland (Latvija),2006,95
Lettland (Latvija),2007,215
Lettland (Latvija),2008,287
Lettland (Latvija),2009,366
Lettland (Latvija),2010,334
Lettland (Latvija),2011,290
Lettland (Latvija),2012,298
Lettland (Latvija),2013,297
Lettland (Latvija),2014,308
Lettland (Latvija),2015,325
Lettland (Latvija),2016,363
Lettland (Latvija),2017,430
Lettland (Latvija),2018,840
Lettland (Latvija),2019,1067
Lettland (Latvija),2020,1055
Lettland (Latvija),2021,1107
Lettland (Latvija),2022,1238
Lettland (Latvija),2023,1429
Lettland (Latvija),2024,1564
Malta,1998,0
Malta,1999,0
Malta,2000,0
Malta,2001,0
Malta,2002,0
Malta,2003,0
Malta,2004,0
Malta,2005,0
Malta,2006,0
Malta,2007,0
Malta,2008,3
Malta,2009,3
Malta,2010,2
Malta,2011,1
Malta,2012,1
Malta,2013,2
Malta,2014,3
Malta,2015,7
Malta,2016,5
Malta,2017,5
Malta,2018,6
Malta,2019,8
Malta,2020,8
Malta,2021,9
Malta,2022,14
Malta,2023,13
Malta,2024,11
Holland (Niðurland),1998,47
Holland (Niðurland),1999,47
Holland (Niðurland),2000,55
Holland (Niðurland),2001,55
Holland (Niðurland),2002,61
Holland (Niðurland),2003,65
Holland (Niðurland),2004,63
Holland (Niðurland),2005,63
Holland (Niðurland),2006,64
Holland (Niðurland),2007,73
Holland (Niðurland),2008,85
Holland (Niðurland),2009,87
Holland (Niðurland),2010,92
Holland (Niðurland),2011,75
Holland (Niðurland),2012,74
Holland (Niðurland),2013,73
Holland (Niðurland),2014,77
Holland (Niðurland),2015,81
Holland (Niðurland),2016,84
Holland (Niðurland),2017,97
Holland (Niðurland),2018,111
Holland (Niðurland),2019,124
Holland (Niðurland),2020,132
Holland (Niðurland),2021,129
Holland (Niðurland),2022,138
Holland (Niðurland),2023,151
Holland (Niðurland),2024,165
Pólland,1998,287
Pólland,1999,432
Pólland,2000,510
Pólland,2001,697
Pólland,2002,826
Pólland,2003,909
Pólland,2004,947
Pólland,2005,987
Pólland,2006,2111
Pólland,2007,4376
Pólland,2008,6840
Pólland,2009,6941
Pólland,2010,5580
Pólland,2011,4538
Pólland,2012,4547
Pólland,2013,4807
Pólland,2014,5267
Pólland,2015,5787
Pólland,2016,6316
Pólland,2017,7684
Pólland,2018,9695
Pólland,2019,10803
Pólland,2020,11013
Pólland,2021,10729
Pólland,2022,10855
Pólland,2023,12235
Pólland,2024,13187
Portúgal,1998,46
Portúgal,1999,48
Portúgal,2000,52
Portúgal,2001,72
Portúgal,2002,75
Portúgal,2003,64
Portúgal,2004,64
Portúgal,2005,311
Portúgal,2006,359
Portúgal,2007,624
Portúgal,2008,778
Portúgal,2009,564
Portúgal,2010,412
Portúgal,2011,278
Portúgal,2012,268
Portúgal,2013,286
Portúgal,2014,319
Portúgal,2015,349
Portúgal,2016,381
Portúgal,2017,478
Portúgal,2018,591
Portúgal,2019,739
Portúgal,2020,768
Portúgal,2021,736
Portúgal,2022,787
Portúgal,2023,942
Portúgal,2024,1056
Rúmenía,1998,6
Rúmenía,1999,10
Rúmenía,2000,22
Rúmenía,2001,36
Rúmenía,2002,42
Rúmenía,2003,45
Rúmenía,2004,47
Rúmenía,2005,54
Rúmenía,2006,62
Rúmenía,2007,69
Rúmenía,2008,91
Rúmenía,2009,102
Rúmenía,2010,81
Rúmenía,2011,68
Rúmenía,2012,72
Rúmenía,2013,98
Rúmenía,2014,118
Rúmenía,2015,156
Rúmenía,2016,225
Rúmenía,2017,332
Rúmenía,2018,620
Rúmenía,2019,916
Rúmenía,2020,1151
Rúmenía,2021,1200
Rúmenía,2022,1501
Rúmenía,2023,2052
Rúmenía,2024,2425
Slóvenía,1998,3
Slóvenía,1999,3
Slóvenía,2000,7
Slóvenía,2001,6
Slóvenía,2002,6
Slóvenía,2003,4
Slóvenía,2004,4
Slóvenía,2005,4
Slóvenía,2006,5
Slóvenía,2007,46
Slóvenía,2008,34
Slóvenía,2009,22
Slóvenía,2010,16
Slóvenía,2011,6
Slóvenía,2012,8
Slóvenía,2013,7
Slóvenía,2014,12
Slóvenía,2015,11
Slóvenía,2016,11
Slóvenía,2017,11
Slóvenía,2018,21
Slóvenía,2019,28
Slóvenía,2020,37
Slóvenía,2021,37
Slóvenía,2022,38
Slóvenía,2023,39
Slóvenía,2024,39
Slóvakía,1998,6
Slóvakía,1999,7
Slóvakía,2000,11
Slóvakía,2001,12
Slóvakía,2002,23
Slóvakía,2003,26
Slóvakía,2004,34
Slóvakía,2005,61
Slóvakía,2006,68
Slóvakía,2007,169
Slóvakía,2008,168
Slóvakía,2009,249
Slóvakía,2010,164
Slóvakía,2011,71
Slóvakía,2012,77
Slóvakía,2013,79
Slóvakía,2014,103
Slóvakía,2015,139
Slóvakía,2016,143
Slóvakía,2017,210
Slóvakía,2018,246
Slóvakía,2019,257
Slóvakía,2020,253
Slóvakía,2021,198
Slóvakía,2022,239
Slóvakía,2023,280
Slóvakía,2024,304
Andorra,1998,0
Andorra,1999,0
Andorra,2000,0
Andorra,2001,0
Andorra,2002,0
Andorra,2003,0
Andorra,2004,0
Andorra,2005,0
Andorra,2006,0
Andorra,2007,0
Andorra,2008,0
Andorra,2009,0
Andorra,2010,0
Andorra,2011,0
Andorra,2012,0
Andorra,2013,0
Andorra,2014,0
Andorra,2015,0
Andorra,2016,0
Andorra,2017,0
Andorra,2018,0
Andorra,2019,0
Andorra,2020,1
Andorra,2021,0
Andorra,2022,0
Andorra,2023,0
Andorra,2024,0
Albanía,1998,2
Albanía,1999,2
Albanía,2000,4
Albanía,2001,7
Albanía,2002,12
Albanía,2003,11
Albanía,2004,12
Albanía,2005,12
Albanía,2006,13
Albanía,2007,12
Albanía,2008,11
Albanía,2009,7
Albanía,2010,6
Albanía,2011,7
Albanía,2012,8
Albanía,2013,7
Albanía,2014,9
Albanía,2015,12
Albanía,2016,18
Albanía,2017,34
Albanía,2018,61
Albanía,2019,87
Albanía,2020,102
Albanía,2021,120
Albanía,2022,133
Albanía,2023,153
Albanía,2024,177
Bosnia og Herzegovina,1998,10
Bosnia og Herzegovina,1999,14
Bosnia og Herzegovina,2000,17
Bosnia og Herzegovina,2001,33
Bosnia og Herzegovina,2002,37
Bosnia og Herzegovina,2003,43
Bosnia og Herzegovina,2004,42
Bosnia og Herzegovina,2005,47
Bosnia og Herzegovina,2006,52
Bosnia og Herzegovina,2007,60
Bosnia og Herzegovina,2008,45
Bosnia og Herzegovina,2009,41
Bosnia og Herzegovina,2010,34
Bosnia og Herzegovina,2011,28
Bosnia og Herzegovina,2012,25
Bosnia og Herzegovina,2013,17
Bosnia og Herzegovina,2014,14
Bosnia og Herzegovina,2015,12
Bosnia og Herzegovina,2016,11
Bosnia og Herzegovina,2017,15
Bosnia og Herzegovina,2018,48
Bosnia og Herzegovina,2019,28
Bosnia og Herzegovina,2020,50
Bosnia og Herzegovina,2021,56
Bosnia og Herzegovina,2022,69
Bosnia og Herzegovina,2023,48
Bosnia og Herzegovina,2024,48
Belarús (Hvíta-Rússland),1998,2
Belarús (Hvíta-Rússland),1999,1
Belarús (Hvíta-Rússland),2000,6
Belarús (Hvíta-Rússland),2001,8
Belarús (Hvíta-Rússland),2002,8
Belarús (Hvíta-Rússland),2003,7
Belarús (Hvíta-Rússland),2004,9
Belarús (Hvíta-Rússland),2005,9
Belarús (Hvíta-Rússland),2006,11
Belarús (Hvíta-Rússland),2007,12
Belarús (Hvíta-Rússland),2008,12
Belarús (Hvíta-Rússland),2009,10
Belarús (Hvíta-Rússland),2010,9
Belarús (Hvíta-Rússland),2011,10
Belarús (Hvíta-Rússland),2012,11
Belarús (Hvíta-Rússland),2013,6
Belarús (Hvíta-Rússland),2014,7
Belarús (Hvíta-Rússland),2015,4
Belarús (Hvíta-Rússland),2016,5
Belarús (Hvíta-Rússland),2017,5
Belarús (Hvíta-Rússland),2018,8
Belarús (Hvíta-Rússland),2019,8
Belarús (Hvíta-Rússland),2020,8
Belarús (Hvíta-Rússland),2021,8
Belarús (Hvíta-Rússland),2022,6
Belarús (Hvíta-Rússland),2023,8
Belarús (Hvíta-Rússland),2024,18
Sviss,1998,10
Sviss,1999,11
Sviss,2000,9
Sviss,2001,10
Sviss,2002,12
Sviss,2003,11
Sviss,2004,12
Sviss,2005,13
Sviss,2006,15
Sviss,2007,21
Sviss,2008,28
Sviss,2009,37
Sviss,2010,31
Sviss,2011,16
Sviss,2012,20
Sviss,2013,20
Sviss,2014,19
Sviss,2015,21
Sviss,2016,24
Sviss,2017,30
Sviss,2018,32
Sviss,2019,35
Sviss,2020,35
Sviss,2021,37
Sviss,2022,47
Sviss,2023,47
Sviss,2024,38
Serbía og Svartfjallaland,1998,0
Serbía og Svartfjallaland,1999,0
Serbía og Svartfjallaland,2000,0
Serbía og Svartfjallaland,2001,0
Serbía og Svartfjallaland,2002,0
Serbía og Svartfjallaland,2003,0
Serbía og Svartfjallaland,2004,1
Serbía og Svartfjallaland,2005,17
Serbía og Svartfjallaland,2006,63
Serbía og Svartfjallaland,2007,0
Serbía og Svartfjallaland,2008,0
Serbía og Svartfjallaland,2009,0
Serbía og Svartfjallaland,2010,0
Serbía og Svartfjallaland,2011,0
Serbía og Svartfjallaland,2012,0
Serbía og Svartfjallaland,2013,0
Serbía og Svartfjallaland,2014,0
Serbía og Svartfjallaland,2015,0
Serbía og Svartfjallaland,2016,0
Serbía og Svartfjallaland,2017,0
Serbía og Svartfjallaland,2018,0
Serbía og Svartfjallaland,2019,0
Serbía og Svartfjallaland,2020,0
Serbía og Svartfjallaland,2021,0
Serbía og Svartfjallaland,2022,0
Serbía og Svartfjallaland,2023,0
Serbía og Svartfjallaland,2024,0
Króatía,1998,20
Króatía,1999,21
Króatía,2000,29
Króatía,2001,43
Króatía,2002,39
Króatía,2003,36
Króatía,2004,35
Króatía,2005,30
Króatía,2006,25
Króatía,2007,97
Króatía,2008,29
Króatía,2009,29
Króatía,2010,22
Króatía,2011,19
Króatía,2012,17
Króatía,2013,22
Króatía,2014,23
Króatía,2015,22
Króatía,2016,27
Króatía,2017,100
Króatía,2018,263
Króatía,2019,433
Króatía,2020,510
Króatía,2021,503
Króatía,2022,542
Króatía,2023,586
Króatía,2024,662
Liechtenstein,1998,0
Liechtenstein,1999,0
Liechtenstein,2000,0
Liechtenstein,2001,0
Liechtenstein,2002,0
Liechtenstein,2003,0
Liechtenstein,2004,0
Liechtenstein,2005,0
Liechtenstein,2006,0
Liechtenstein,2007,0
Liechtenstein,2008,0
Liechtenstein,2009,0
Liechtenstein,2010,0
Liechtenstein,2011,0
Liechtenstein,2012,0
Liechtenstein,2013,0
Liechtenstein,2014,1
Liechtenstein,2015,1
Liechtenstein,2016,1
Liechtenstein,2017,1
Liechtenstein,2018,1
Liechtenstein,2019,1
Liechtenstein,2020,1
Liechtenstein,2021,1
Liechtenstein,2022,1
Liechtenstein,2023,1
Liechtenstein,2024,1
Moldóva,1998,0
Moldóva,1999,0
Moldóva,2000,0
Moldóva,2001,4
Moldóva,2002,4
Moldóva,2003,4
Moldóva,2004,4
Moldóva,2005,4
Moldóva,2006,3
Moldóva,2007,5
Moldóva,2008,5
Moldóva,2009,3
Moldóva,2010,2
Moldóva,2011,3
Moldóva,2012,3
Moldóva,2013,3
Moldóva,2014,3
Moldóva,2015,4
Moldóva,2016,3
Moldóva,2017,3
Moldóva,2018,4
Moldóva,2019,5
Moldóva,2020,5
Moldóva,2021,7
Moldóva,2022,8
Moldóva,2023,15
Moldóva,2024,24
Montenegró (Svartfjallaland),1998,0
Montenegró (Svartfjallaland),1999,0
Montenegró (Svartfjallaland),2000,0
Montenegró (Svartfjallaland),2001,0
Montenegró (Svartfjallaland),2002,0
Montenegró (Svartfjallaland),2003,0
Montenegró (Svartfjallaland),2004,0
Montenegró (Svartfjallaland),2005,0
Montenegró (Svartfjallaland),2006,0
Montenegró (Svartfjallaland),2007,0
Montenegró (Svartfjallaland),2008,0
Montenegró (Svartfjallaland),2009,0
Montenegró (Svartfjallaland),2010,1
Montenegró (Svartfjallaland),2011,1
Montenegró (Svartfjallaland),2012,2
Montenegró (Svartfjallaland),2013,1
Montenegró (Svartfjallaland),2014,1
Montenegró (Svartfjallaland),2015,0
Montenegró (Svartfjallaland),2016,2
Montenegró (Svartfjallaland),2017,1
Montenegró (Svartfjallaland),2018,3
Montenegró (Svartfjallaland),2019,4
Montenegró (Svartfjallaland),2020,8
Montenegró (Svartfjallaland),2021,8
Montenegró (Svartfjallaland),2022,7
Montenegró (Svartfjallaland),2023,10
Montenegró (Svartfjallaland),2024,10
Norður Makedónía,1998,1
Norður Makedónía,1999,4
Norður Makedónía,2000,7
Norður Makedónía,2001,9
Norður Makedónía,2002,8
Norður Makedónía,2003,12
Norður Makedónía,2004,9
Norður Makedónía,2005,10
Norður Makedónía,2006,14
Norður Makedónía,2007,18
Norður Makedónía,2008,19
Norður Makedónía,2009,16
Norður Makedónía,2010,12
Norður Makedónía,2011,10
Norður Makedónía,2012,9
Norður Makedónía,2013,7
Norður Makedónía,2014,11
Norður Makedónía,2015,9
Norður Makedónía,2016,9
Norður Makedónía,2017,11
Norður Makedónía,2018,15
Norður Makedónía,2019,26
Norður Makedónía,2020,28
Norður Makedónía,2021,37
Norður Makedónía,2022,31
Norður Makedónía,2023,29
Norður Makedónía,2024,33
Serbía,1998,0
Serbía,1999,0
Serbía,2000,0
Serbía,2001,0
Serbía,2002,0
Serbía,2003,0
Serbía,2004,0
Serbía,2005,0
Serbía,2006,0
Serbía,2007,12
Serbía,2008,65
Serbía,2009,69
Serbía,2010,60
Serbía,2011,49
Serbía,2012,48
Serbía,2013,37
Serbía,2014,37
Serbía,2015,28
Serbía,2016,30
Serbía,2017,36
Serbía,2018,56
Serbía,2019,78
Serbía,2020,72
Serbía,2021,76
Serbía,2022,77
Serbía,2023,81
Serbía,2024,127
Rússland,1998,36
Rússland,1999,50
Rússland,2000,59
Rússland,2001,74
Rússland,2002,86
Rússland,2003,87
Rússland,2004,77
Rússland,2005,70
Rússland,2006,76
Rússland,2007,69
Rússland,2008,67
Rússland,2009,57
Rússland,2010,54
Rússland,2011,52
Rússland,2012,47
Rússland,2013,47
Rússland,2014,43
Rússland,2015,45
Rússland,2016,46
Rússland,2017,57
Rússland,2018,57
Rússland,2019,64
Rússland,2020,66
Rússland,2021,65
Rússland,2022,70
Rússland,2023,81
Rússland,2024,90
San Marínó,1998,0
San Marínó,1999,0
San Marínó,2000,0
San Marínó,2001,0
San Marínó,2002,0
San Marínó,2003,0
San Marínó,2004,0
San Marínó,2005,0
San Marínó,2006,0
San Marínó,2007,0
San Marínó,2008,0
San Marínó,2009,0
San Marínó,2010,0
San Marínó,2011,0
San Marínó,2012,0
San Marínó,2013,0
San Marínó,2014,0
San Marínó,2015,0
San Marínó,2016,0
San Marínó,2017,0
San Marínó,2018,1
San Marínó,2019,1
San Marínó,2020,1
San Marínó,2021,1
San Marínó,2022,1
San Marínó,2023,1
San Marínó,2024,1
Fyrrum Sovétríki,1998,4
Fyrrum Sovétríki,1999,3
Fyrrum Sovétríki,2000,1
Fyrrum Sovétríki,2001,1
Fyrrum Sovétríki,2002,1
Fyrrum Sovétríki,2003,0
Fyrrum Sovétríki,2004,0
Fyrrum Sovétríki,2005,0
Fyrrum Sovétríki,2006,0
Fyrrum Sovétríki,2007,0
Fyrrum Sovétríki,2008,0
Fyrrum Sovétríki,2009,0
Fyrrum Sovétríki,2010,0
Fyrrum Sovétríki,2011,0
Fyrrum Sovétríki,2012,0
Fyrrum Sovétríki,2013,0
Fyrrum Sovétríki,2014,0
Fyrrum Sovétríki,2015,0
Fyrrum Sovétríki,2016,0
Fyrrum Sovétríki,2017,0
Fyrrum Sovétríki,2018,0
Fyrrum Sovétríki,2019,0
Fyrrum Sovétríki,2020,0
Fyrrum Sovétríki,2021,0
Fyrrum Sovétríki,2022,0
Fyrrum Sovétríki,2023,0
Fyrrum Sovétríki,2024,0
Úkraína,1998,4
Úkraína,1999,11
Úkraína,2000,20
Úkraína,2001,30
Úkraína,2002,35
Úkraína,2003,41
Úkraína,2004,45
Úkraína,2005,46
Úkraína,2006,62
Úkraína,2007,66
Úkraína,2008,71
Úkraína,2009,68
Úkraína,2010,56
Úkraína,2011,55
Úkraína,2012,53
Úkraína,2013,45
Úkraína,2014,45
Úkraína,2015,47
Úkraína,2016,58
Úkraína,2017,65
Úkraína,2018,73
Úkraína,2019,85
Úkraína,2020,94
Úkraína,2021,91
Úkraína,2022,88
Úkraína,2023,974
Úkraína,2024,1532
Kósovó,1998,0
Kósovó,1999,0
Kósovó,2000,0
Kósovó,2001,0
Kósovó,2002,0
Kósovó,2003,0
Kósovó,2004,0
Kósovó,2005,0
Kósovó,2006,0
Kósovó,2007,0
Kósovó,2008,0
Kósovó,2009,0
Kósovó,2010,27
Kósovó,2011,46
Kósovó,2012,46
Kósovó,2013,41
Kósovó,2014,40
Kósovó,2015,32
Kósovó,2016,26
Kósovó,2017,24
Kósovó,2018,27
Kósovó,2019,34
Kósovó,2020,38
Kósovó,2021,44
Kósovó,2022,46
Kósovó,2023,43
Kósovó,2024,47
Evrópa ótilgreint,1998,1
Evrópa ótilgreint,1999,0
Evrópa ótilgreint,2000,0
Evrópa ótilgreint,2001,0
Evrópa ótilgreint,2002,0
Evrópa ótilgreint,2003,1
Evrópa ótilgreint,2004,0
Evrópa ótilgreint,2005,1
Evrópa ótilgreint,2006,1
Evrópa ótilgreint,2007,0
Evrópa ótilgreint,2008,0
Evrópa ótilgreint,2009,0
Evrópa ótilgreint,2010,0
Evrópa ótilgreint,2011,0
Evrópa ótilgreint,2012,0
Evrópa ótilgreint,2013,0
Evrópa ótilgreint,2014,0
Evrópa ótilgreint,2015,0
Evrópa ótilgreint,2016,0
Evrópa ótilgreint,2017,0
Evrópa ótilgreint,2018,0
Evrópa ótilgreint,2019,0
Evrópa ótilgreint,2020,0
Evrópa ótilgreint,2021,0
Evrópa ótilgreint,2022,0
Evrópa ótilgreint,2023,0
Evrópa ótilgreint,2024,0
"Ríki í fyrrum Júgóslavíu, ótilgreint",1998,0
"Ríki í fyrrum Júgóslavíu, ótilgreint",1999,0
"Ríki í fyrrum Júgóslavíu, ótilgreint",2000,0
"Ríki í fyrrum Júgóslavíu, ótilgreint",2001,0
"Ríki í fyrrum Júgóslavíu, ótilgreint",2002,0
"Ríki í fyrrum Júgóslavíu, ótilgreint",2003,0
"Ríki í fyrrum Júgóslavíu, ótilgreint",2004,0
"Ríki í fyrrum Júgóslavíu, ótilgreint",2005,245
"Ríki í fyrrum Júgóslavíu, ótilgreint",2006,220
"Ríki í fyrrum Júgóslavíu, ótilgreint",2007,246
"Ríki í fyrrum Júgóslavíu, ótilgreint",2008,179
"Ríki í fyrrum Júgóslavíu, ótilgreint",2009,107
"Ríki í fyrrum Júgóslavíu, ótilgreint",2010,56
"Ríki í fyrrum Júgóslavíu, ótilgreint",2011,48
"Ríki í fyrrum Júgóslavíu, ótilgreint",2012,29
"Ríki í fyrrum Júgóslavíu, ótilgreint",2013,17
"Ríki í fyrrum Júgóslavíu, ótilgreint",2014,8
"Ríki í fyrrum Júgóslavíu, ótilgreint",2015,6
"Ríki í fyrrum Júgóslavíu, ótilgreint",2016,4
"Ríki í fyrrum Júgóslavíu, ótilgreint",2017,2
"Ríki í fyrrum Júgóslavíu, ótilgreint",2018,2
"Ríki í fyrrum Júgóslavíu, ótilgreint",2019,3
"Ríki í fyrrum Júgóslavíu, ótilgreint",2020,3
"Ríki í fyrrum Júgóslavíu, ótilgreint",2021,3
"Ríki í fyrrum Júgóslavíu, ótilgreint",2022,3
"Ríki í fyrrum Júgóslavíu, ótilgreint",2023,4
"Ríki í fyrrum Júgóslavíu, ótilgreint",2024,4
Júgóslavía (Serbía og Svartfjallaland),1998,78
Júgóslavía (Serbía og Svartfjallaland),1999,140
Júgóslavía (Serbía og Svartfjallaland),2000,181
Júgóslavía (Serbía og Svartfjallaland),2001,230
Júgóslavía (Serbía og Svartfjallaland),2002,270
Júgóslavía (Serbía og Svartfjallaland),2003,275
Júgóslavía (Serbía og Svartfjallaland),2004,269
Júgóslavía (Serbía og Svartfjallaland),2005,0
Júgóslavía (Serbía og Svartfjallaland),2006,0
Júgóslavía (Serbía og Svartfjallaland),2007,0
Júgóslavía (Serbía og Svartfjallaland),2008,0
Júgóslavía (Serbía og Svartfjallaland),2009,0
Júgóslavía (Serbía og Svartfjallaland),2010,0
Júgóslavía (Serbía og Svartfjallaland),2011,0
Júgóslavía (Serbía og Svartfjallaland),2012,0
Júgóslavía (Serbía og Svartfjallaland),2013,0
Júgóslavía (Serbía og Svartfjallaland),2014,0
Júgóslavía (Serbía og Svartfjallaland),2015,0
Júgóslavía (Serbía og Svartfjallaland),2016,0
Júgóslavía (Serbía og Svartfjallaland),2017,0
Júgóslavía (Serbía og Svartfjallaland),2018,0
Júgóslavía (Serbía og Svartfjallaland),2019,0
Júgóslavía (Serbía og Svartfjallaland),2020,0
Júgóslavía (Serbía og Svartfjallaland),2021,0
Júgóslavía (Serbía og Svartfjallaland),2022,0
Júgóslavía (Serbía og Svartfjallaland),2023,0
Júgóslavía (Serbía og Svartfjallaland),2024,0
Kanada,1998,28
Kanada,1999,32
Kanada,2000,34
Kanada,2001,40
Kanada,2002,40
Kanada,2003,37
Kanada,2004,36
Kanada,2005,39
Kanada,2006,50
Kanada,2007,81
Kanada,2008,137
Kanada,2009,66
Kanada,2010,57
Kanada,2011,48
Kanada,2012,51
Kanada,2013,45
Kanada,2014,46
Kanada,2015,41
Kanada,2016,41
Kanada,2017,55
Kanada,2018,55
Kanada,2019,61
Kanada,2020,56
Kanada,2021,52
Kanada,2022,63
Kanada,2023,69
Kanada,2024,79
Bandaríkin,1998,292
Bandaríkin,1999,303
Bandaríkin,2000,289
Bandaríkin,2001,327
Bandaríkin,2002,338
Bandaríkin,2003,317
Bandaríkin,2004,287
Bandaríkin,2005,285
Bandaríkin,2006,323
Bandaríkin,2007,380
Bandaríkin,2008,371
Bandaríkin,2009,295
Bandaríkin,2010,274
Bandaríkin,2011,238
Bandaríkin,2012,217
Bandaríkin,2013,276
Bandaríkin,2014,277
Bandaríkin,2015,260
Bandaríkin,2016,277
Bandaríkin,2017,312
Bandaríkin,2018,326
Bandaríkin,2019,363
Bandaríkin,2020,374
Bandaríkin,2021,375
Bandaríkin,2022,441
Bandaríkin,2023,455
Bandaríkin,2024,489
Antigua og Barbuda,1998,0
Antigua og Barbuda,1999,0
Antigua og Barbuda,2000,0
Antigua og Barbuda,2001,0
Antigua og Barbuda,2002,0
Antigua og Barbuda,2003,0
Antigua og Barbuda,2004,0
Antigua og Barbuda,2005,0
Antigua og Barbuda,2006,0
Antigua og Barbuda,2007,0
Antigua og Barbuda,2008,0
Antigua og Barbuda,2009,0
Antigua og Barbuda,2010,0
Antigua og Barbuda,2011,0
Antigua og Barbuda,2012,0
Antigua og Barbuda,2013,0
Antigua og Barbuda,2014,0
Antigua og Barbuda,2015,0
Antigua og Barbuda,2016,1
Antigua og Barbuda,2017,0
Antigua og Barbuda,2018,0
Antigua og Barbuda,2019,0
Antigua og Barbuda,2020,0
Antigua og Barbuda,2021,0
Antigua og Barbuda,2022,0
Antigua og Barbuda,2023,0
Antigua og Barbuda,2024,0
Argentína,1998,1
Argentína,1999,1
Argentína,2000,3
Argentína,2001,6
Argentína,2002,7
Argentína,2003,4
Argentína,2004,6
Argentína,2005,2
Argentína,2006,14
Argentína,2007,15
Argentína,2008,7
Argentína,2009,6
Argentína,2010,7
Argentína,2011,7
Argentína,2012,9
Argentína,2013,8
Argentína,2014,9
Argentína,2015,10
Argentína,2016,12
Argentína,2017,17
Argentína,2018,14
Argentína,2019,16
Argentína,2020,11
Argentína,2021,12
Argentína,2022,13
Argentína,2023,13
Argentína,2024,15
Barbados,1998,0
Barbados,1999,1
Barbados,2000,1
Barbados,2001,1
Barbados,2002,1
Barbados,2003,1
Barbados,2004,1
Barbados,2005,1
Barbados,2006,1
Barbados,2007,1
Barbados,2008,1
Barbados,2009,1
Barbados,2010,1
Barbados,2011,2
Barbados,2012,1
Barbados,2013,1
Barbados,2014,1
Barbados,2015,1
Barbados,2016,1
Barbados,2017,1
Barbados,2018,1
Barbados,2019,1
Barbados,2020,1
Barbados,2021,1
Barbados,2022,1
Barbados,2023,1
Barbados,2024,1
Bólivía,1998,2
Bólivía,1999,2
Bólivía,2000,2
Bólivía,2001,3
Bólivía,2002,3
Bólivía,2003,2
Bólivía,2004,2
Bólivía,2005,2
Bólivía,2006,2
Bólivía,2007,2
Bólivía,2008,3
Bólivía,2009,2
Bólivía,2010,1
Bólivía,2011,0
Bólivía,2012,1
Bólivía,2013,1
Bólivía,2014,1
Bólivía,2015,1
Bólivía,2016,2
Bólivía,2017,2
Bólivía,2018,2
Bólivía,2019,1
Bólivía,2020,2
Bólivía,2021,2
Bólivía,2022,1
Bólivía,2023,2
Bólivía,2024,3
Brasilía,1998,6
Brasilía,1999,6
Brasilía,2000,10
Brasilía,2001,11
Brasilía,2002,8
Brasilía,2003,10
Brasilía,2004,10
Brasilía,2005,14
Brasilía,2006,15
Brasilía,2007,17
Brasilía,2008,19
Brasilía,2009,20
Brasilía,2010,14
Brasilía,2011,15
Brasilía,2012,14
Brasilía,2013,12
Brasilía,2014,18
Brasilía,2015,19
Brasilía,2016,18
Brasilía,2017,23
Brasilía,2018,24
Brasilía,2019,28
Brasilía,2020,30
Brasilía,2021,33
Brasilía,2022,35
Brasilía,2023,41
Brasilía,2024,47
Bahamaeyjar,1998,0
Bahamaeyjar,1999,0
Bahamaeyjar,2000,0
Bahamaeyjar,2001,0
Bahamaeyjar,2002,0
Bahamaeyjar,2003,0
Bahamaeyjar,2004,0
Bahamaeyjar,2005,0
Bahamaeyjar,2006,0
Bahamaeyjar,2007,0
Bahamaeyjar,2008,0
Bahamaeyjar,2009,0
Bahamaeyjar,2010,0
Bahamaeyjar,2011,0
Bahamaeyjar,2012,0
Bahamaeyjar,2013,0
Bahamaeyjar,2014,0
Bahamaeyjar,2015,0
Bahamaeyjar,2016,1
Bahamaeyjar,2017,0
Bahamaeyjar,2018,0
Bahamaeyjar,2019,0
Bahamaeyjar,2020,0
Bahamaeyjar,2021,1
Bahamaeyjar,2022,1
Bahamaeyjar,2023,1
Bahamaeyjar,2024,1
Belize,1998,0
Belize,1999,0
Belize,2000,0
Belize,2001,0
Belize,2002,0
Belize,2003,0
Belize,2004,0
Belize,2005,0
Belize,2006,0
Belize,2007,0
Belize,2008,0
Belize,2009,0
Belize,2010,1
Belize,2011,0
Belize,2012,0
Belize,2013,0
Belize,2014,0
Belize,2015,0
Belize,2016,0
Belize,2017,0
Belize,2018,0
Belize,2019,0
Belize,2020,1
Belize,2021,1
Belize,2022,0
Belize,2023,0
Belize,2024,0
Chile,1998,9
Chile,1999,9
Chile,2000,14
Chile,2001,21
Chile,2002,25
Chile,2003,26
Chile,2004,22
Chile,2005,27
Chile,2006,36
Chile,2007,40
Chile,2008,24
Chile,2009,19
Chile,2010,16
Chile,2011,13
Chile,2012,11
Chile,2013,10
Chile,2014,8
Chile,2015,11
Chile,2016,10
Chile,2017,11
Chile,2018,10
Chile,2019,12
Chile,2020,17
Chile,2021,17
Chile,2022,19
Chile,2023,21
Chile,2024,22
Colombia,1998,5
Colombia,1999,5
Colombia,2000,8
Colombia,2001,12
Colombia,2002,12
Colombia,2003,13
Colombia,2004,14
Colombia,2005,18
Colombia,2006,30
Colombia,2007,31
Colombia,2008,31
Colombia,2009,29
Colombia,2010,29
Colombia,2011,26
Colombia,2012,16
Colombia,2013,17
Colombia,2014,10
Colombia,2015,11
Colombia,2016,12
Colombia,2017,19
Colombia,2018,17
Colombia,2019,24
Colombia,2020,28
Colombia,2021,34
Colombia,2022,36
Colombia,2023,42
Colombia,2024,56
Costa Rica,1998,4
Costa Rica,1999,3
Costa Rica,2000,5
Costa Rica,2001,4
Costa Rica,2002,4
Costa Rica,2003,3
Costa Rica,2004,4
Costa Rica,2005,4
Costa Rica,2006,3
Costa Rica,2007,5
Costa Rica,2008,5
Costa Rica,2009,3
Costa Rica,2010,2
Costa Rica,2011,2
Costa Rica,2012,0
Costa Rica,2013,0
Costa Rica,2014,2
Costa Rica,2015,2
Costa Rica,2016,1
Costa Rica,2017,5
Costa Rica,2018,7
Costa Rica,2019,7
Costa Rica,2020,6
Costa Rica,2021,5
Costa Rica,2022,6
Costa Rica,2023,5
Costa Rica,2024,7
Kúba,1998,1
Kúba,1999,4
Kúba,2000,5
Kúba,2001,8
Kúba,2002,9
Kúba,2003,8
Kúba,2004,5
Kúba,2005,4
Kúba,2006,4
Kúba,2007,5
Kúba,2008,8
Kúba,2009,7
Kúba,2010,8
Kúba,2011,7
Kúba,2012,5
Kúba,2013,7
Kúba,2014,8
Kúba,2015,10
Kúba,2016,10
Kúba,2017,11
Kúba,2018,10
Kúba,2019,7
Kúba,2020,9
Kúba,2021,7
Kúba,2022,7
Kúba,2023,8
Kúba,2024,11
Dóminíka,1998,0
Dóminíka,1999,0
Dóminíka,2000,0
Dóminíka,2001,0
Dóminíka,2002,0
Dóminíka,2003,0
Dóminíka,2004,0
Dóminíka,2005,0
Dóminíka,2006,0
Dóminíka,2007,0
Dóminíka,2008,0
Dóminíka,2009,0
Dóminíka,2010,0
Dóminíka,2011,0
Dóminíka,2012,0
Dóminíka,2013,0
Dóminíka,2014,0
Dóminíka,2015,1
Dóminíka,2016,1
Dóminíka,2017,0
Dóminíka,2018,0
Dóminíka,2019,0
Dóminíka,2020,0
Dóminíka,2021,0
Dóminíka,2022,0
Dóminíka,2023,1
Dóminíka,2024,1
Dóminíska lýðveldið,1998,0
Dóminíska lýðveldið,1999,0
Dóminíska lýðveldið,2000,0
Dóminíska lýðveldið,2001,0
Dóminíska lýðveldið,2002,2
Dóminíska lýðveldið,2003,2
Dóminíska lýðveldið,2004,1
Dóminíska lýðveldið,2005,1
Dóminíska lýðveldið,2006,1
Dóminíska lýðveldið,2007,2
Dóminíska lýðveldið,2008,2
Dóminíska lýðveldið,2009,4
Dóminíska lýðveldið,2010,3
Dóminíska lýðveldið,2011,4
Dóminíska lýðveldið,2012,5
Dóminíska lýðveldið,2013,3
Dóminíska lýðveldið,2014,4
Dóminíska lýðveldið,2015,3
Dóminíska lýðveldið,2016,5
Dóminíska lýðveldið,2017,6
Dóminíska lýðveldið,2018,9
Dóminíska lýðveldið,2019,7
Dóminíska lýðveldið,2020,6
Dóminíska lýðveldið,2021,5
Dóminíska lýðveldið,2022,5
Dóminíska lýðveldið,2023,5
Dóminíska lýðveldið,2024,6
Ekvador,1998,2
Ekvador,1999,0
Ekvador,2000,2
Ekvador,2001,5
Ekvador,2002,4
Ekvador,2003,4
Ekvador,2004,5
Ekvador,2005,3
Ekvador,2006,6
Ekvador,2007,5
Ekvador,2008,6
Ekvador,2009,2
Ekvador,2010,2
Ekvador,2011,3
Ekvador,2012,6
Ekvador,2013,7
Ekvador,2014,5
Ekvador,2015,5
Ekvador,2016,5
Ekvador,2017,5
Ekvador,2018,5
Ekvador,2019,8
Ekvador,2020,6
Ekvador,2021,8
Ekvador,2022,9
Ekvador,2023,7
Ekvador,2024,10
Grenada,1998,0
Grenada,1999,0
Grenada,2000,0
Grenada,2001,0
Grenada,2002,0
Grenada,2003,0
Grenada,2004,0
Grenada,2005,0
Grenada,2006,0
Grenada,2007,0
Grenada,2008,0
Grenada,2009,0
Grenada,2010,0
Grenada,2011,0
Grenada,2012,0
Grenada,2013,0
Grenada,2014,0
Grenada,2015,0
Grenada,2016,0
Grenada,2017,0
Grenada,2018,0
Grenada,2019,1
Grenada,2020,0
Grenada,2021,0
Grenada,2022,0
Grenada,2023,0
Grenada,2024,0
Guatemala,1998,1
Guatemala,1999,1
Guatemala,2000,1
Guatemala,2001,1
Guatemala,2002,1
Guatemala,2003,1
Guatemala,2004,1
Guatemala,2005,1
Guatemala,2006,1
Guatemala,2007,1
Guatemala,2008,1
Guatemala,2009,2
Guatemala,2010,1
Guatemala,2011,1
Guatemala,2012,1
Guatemala,2013,3
Guatemala,2014,2
Guatemala,2015,1
Guatemala,2016,2
Guatemala,2017,2
Guatemala,2018,1
Guatemala,2019,1
Guatemala,2020,2
Guatemala,2021,4
Guatemala,2022,5
Guatemala,2023,4
Guatemala,2024,4
Guyana,1998,2
Guyana,1999,5
Guyana,2000,5
Guyana,2001,5
Guyana,2002,3
Guyana,2003,3
Guyana,2004,4
Guyana,2005,4
Guyana,2006,2
Guyana,2007,2
Guyana,2008,2
Guyana,2009,2
Guyana,2010,2
Guyana,2011,1
Guyana,2012,1
Guyana,2013,0
Guyana,2014,0
Guyana,2015,0
Guyana,2016,1
Guyana,2017,1
Guyana,2018,1
Guyana,2019,3
Guyana,2020,3
Guyana,2021,3
Guyana,2022,1
Guyana,2023,1
Guyana,2024,1
Hondúras,1998,7
Hondúras,1999,11
Hondúras,2000,9
Hondúras,2001,10
Hondúras,2002,11
Hondúras,2003,7
Hondúras,2004,8
Hondúras,2005,6
Hondúras,2006,7
Hondúras,2007,7
Hondúras,2008,7
Hondúras,2009,5
Hondúras,2010,4
Hondúras,2011,4
Hondúras,2012,3
Hondúras,2013,3
Hondúras,2014,5
Hondúras,2015,4
Hondúras,2016,5
Hondúras,2017,9
Hondúras,2018,10
Hondúras,2019,10
Hondúras,2020,10
Hondúras,2021,13
Hondúras,2022,12
Hondúras,2023,18
Hondúras,2024,25
Haítí,1998,0
Haítí,1999,0
Haítí,2000,0
Haítí,2001,0
Haítí,2002,0
Haítí,2003,0
Haítí,2004,0
Haítí,2005,0
Haítí,2006,0
Haítí,2007,1
Haítí,2008,1
Haítí,2009,1
Haítí,2010,2
Haítí,2011,3
Haítí,2012,2
Haítí,2013,5
Haítí,2014,4
Haítí,2015,1
Haítí,2016,1
Haítí,2017,2
Haítí,2018,2
Haítí,2019,1
Haítí,2020,2
Haítí,2021,2
Haítí,2022,4
Haítí,2023,4
Haítí,2024,4
Jamaíka,1998,3
Jamaíka,1999,2
Jamaíka,2000,3
Jamaíka,2001,2
Jamaíka,2002,2
Jamaíka,2003,2
Jamaíka,2004,2
Jamaíka,2005,3
Jamaíka,2006,1
Jamaíka,2007,1
Jamaíka,2008,1
Jamaíka,2009,1
Jamaíka,2010,1
Jamaíka,2011,2
Jamaíka,2012,2
Jamaíka,2013,1
Jamaíka,2014,0
Jamaíka,2015,1
Jamaíka,2016,1
Jamaíka,2017,0
Jamaíka,2018,2
Jamaíka,2019,1
Jamaíka,2020,1
Jamaíka,2021,2
Jamaíka,2022,2
Jamaíka,2023,3
Jamaíka,2024,3
Sankti Kitts og Nevis,1998,0
Sankti Kitts og Nevis,1999,0
Sankti Kitts og Nevis,2000,0
Sankti Kitts og Nevis,2001,0
Sankti Kitts og Nevis,2002,0
Sankti Kitts og Nevis,2003,0
Sankti Kitts og Nevis,2004,0
Sankti Kitts og Nevis,2005,0
Sankti Kitts og Nevis,2006,0
Sankti Kitts og Nevis,2007,0
Sankti Kitts og Nevis,2008,0
Sankti Kitts og Nevis,2009,0
Sankti Kitts og Nevis,2010,0
Sankti Kitts og Nevis,2011,0
Sankti Kitts og Nevis,2012,0
Sankti Kitts og Nevis,2013,0
Sankti Kitts og Nevis,2014,0
Sankti Kitts og Nevis,2015,0
Sankti Kitts og Nevis,2016,0
Sankti Kitts og Nevis,2017,0
Sankti Kitts og Nevis,2018,0
Sankti Kitts og Nevis,2019,0
Sankti Kitts og Nevis,2020,0
Sankti Kitts og Nevis,2021,0
Sankti Kitts og Nevis,2022,0
Sankti Kitts og Nevis,2023,0
Sankti Kitts og Nevis,2024,0
Mexíkó,1998,6
Mexíkó,1999,7
Mexíkó,2000,5
Mexíkó,2001,6
Mexíkó,2002,7
Mexíkó,2003,8
Mexíkó,2004,11
Mexíkó,2005,8
Mexíkó,2006,11
Mexíkó,2007,11
Mexíkó,2008,11
Mexíkó,2009,17
Mexíkó,2010,16
Mexíkó,2011,12
Mexíkó,2012,13
Mexíkó,2013,17
Mexíkó,2014,14
Mexíkó,2015,19
Mexíkó,2016,24
Mexíkó,2017,32
Mexíkó,2018,32
Mexíkó,2019,37
Mexíkó,2020,36
Mexíkó,2021,35
Mexíkó,2022,40
Mexíkó,2023,43
Mexíkó,2024,46
Nicaragua,1998,0
Nicaragua,1999,0
Nicaragua,2000,0
Nicaragua,2001,0
Nicaragua,2002,0
Nicaragua,2003,1
Nicaragua,2004,1
Nicaragua,2005,1
Nicaragua,2006,0
Nicaragua,2007,0
Nicaragua,2008,0
Nicaragua,2009,0
Nicaragua,2010,0
Nicaragua,2011,0
Nicaragua,2012,1
Nicaragua,2013,0
Nicaragua,2014,0
Nicaragua,2015,0
Nicaragua,2016,0
Nicaragua,2017,0
Nicaragua,2018,1
Nicaragua,2019,0
Nicaragua,2020,1
Nicaragua,2021,2
Nicaragua,2022,2
Nicaragua,2023,2
Nicaragua,2024,5
Panama,1998,0
Panama,1999,1
Panama,2000,1
Panama,2001,0
Panama,2002,0
Panama,2003,0
Panama,2004,1
Panama,2005,1
Panama,2006,1
Panama,2007,1
Panama,2008,0
Panama,2009,2
Panama,2010,2
Panama,2011,1
Panama,2012,1
Panama,2013,1
Panama,2014,1
Panama,2015,1
Panama,2016,1
Panama,2017,1
Panama,2018,1
Panama,2019,2
Panama,2020,2
Panama,2021,4
Panama,2022,2
Panama,2023,3
Panama,2024,5
Perú,1998,5
Perú,1999,7
Perú,2000,8
Perú,2001,10
Perú,2002,12
Perú,2003,15
Perú,2004,18
Perú,2005,19
Perú,2006,16
Perú,2007,17
Perú,2008,13
Perú,2009,12
Perú,2010,10
Perú,2011,9
Perú,2012,7
Perú,2013,7
Perú,2014,8
Perú,2015,6
Perú,2016,7
Perú,2017,2
Perú,2018,3
Perú,2019,4
Perú,2020,5
Perú,2021,5
Perú,2022,7
Perú,2023,11
Perú,2024,17
Puerto Rico,1998,0
Puerto Rico,1999,1
Puerto Rico,2000,1
Puerto Rico,2001,1
Puerto Rico,2002,1
Puerto Rico,2003,1
Puerto Rico,2004,0
Puerto Rico,2005,0
Puerto Rico,2006,0
Puerto Rico,2007,0
Puerto Rico,2008,0
Puerto Rico,2009,0
Puerto Rico,2010,0
Puerto Rico,2011,0
Puerto Rico,2012,0
Puerto Rico,2013,0
Puerto Rico,2014,0
Puerto Rico,2015,0
Puerto Rico,2016,0
Puerto Rico,2017,0
Puerto Rico,2018,0
Puerto Rico,2019,0
Puerto Rico,2020,0
Puerto Rico,2021,0
Puerto Rico,2022,0
Puerto Rico,2023,0
Puerto Rico,2024,0
Paraguay,1998,0
Paraguay,1999,1
Paraguay,2000,0
Paraguay,2001,1
Paraguay,2002,2
Paraguay,2003,2
Paraguay,2004,1
Paraguay,2005,2
Paraguay,2006,3
Paraguay,2007,4
Paraguay,2008,4
Paraguay,2009,3
Paraguay,2010,3
Paraguay,2011,4
Paraguay,2012,4
Paraguay,2013,3
Paraguay,2014,2
Paraguay,2015,1
Paraguay,2016,1
Paraguay,2017,1
Paraguay,2018,1
Paraguay,2019,1
Paraguay,2020,1
Paraguay,2021,0
Paraguay,2022,1
Paraguay,2023,1
Paraguay,2024,1
Súrinam,1998,0
Súrinam,1999,0
Súrinam,2000,0
Súrinam,2001,0
Súrinam,2002,0
Súrinam,2003,0
Súrinam,2004,0
Súrinam,2005,0
Súrinam,2006,0
Súrinam,2007,0
Súrinam,2008,0
Súrinam,2009,0
Súrinam,2010,0
Súrinam,2011,0
Súrinam,2012,0
Súrinam,2013,0
Súrinam,2014,0
Súrinam,2015,0
Súrinam,2016,0
Súrinam,2017,0
Súrinam,2018,0
Súrinam,2019,0
Súrinam,2020,0
Súrinam,2021,0
Súrinam,2022,0
Súrinam,2023,0
Súrinam,2024,0
El Salvador,1998,0
El Salvador,1999,0
El Salvador,2000,0
El Salvador,2001,0
El Salvador,2002,1
El Salvador,2003,2
El Salvador,2004,2
El Salvador,2005,2
El Salvador,2006,2
El Salvador,2007,2
El Salvador,2008,6
El Salvador,2009,4
El Salvador,2010,4
El Salvador,2011,3
El Salvador,2012,2
El Salvador,2013,1
El Salvador,2014,1
El Salvador,2015,1
El Salvador,2016,0
El Salvador,2017,2
El Salvador,2018,2
El Salvador,2019,5
El Salvador,2020,7
El Salvador,2021,9
El Salvador,2022,11
El Salvador,2023,14
El Salvador,2024,15
Trínidad og Tóbagó,1998,1
Trínidad og Tóbagó,1999,1
Trínidad og Tóbagó,2000,1
Trínidad og Tóbagó,2001,1
Trínidad og Tóbagó,2002,2
Trínidad og Tóbagó,2003,2
Trínidad og Tóbagó,2004,1
Trínidad og Tóbagó,2005,0
Trínidad og Tóbagó,2006,0
Trínidad og Tóbagó,2007,0
Trínidad og Tóbagó,2008,0
Trínidad og Tóbagó,2009,0
Trínidad og Tóbagó,2010,0
Trínidad og Tóbagó,2011,0
Trínidad og Tóbagó,2012,0
Trínidad og Tóbagó,2013,0
Trínidad og Tóbagó,2014,0
Trínidad og Tóbagó,2015,0
Trínidad og Tóbagó,2016,2
Trínidad og Tóbagó,2017,2
Trínidad og Tóbagó,2018,1
Trínidad og Tóbagó,2019,1
Trínidad og Tóbagó,2020,1
Trínidad og Tóbagó,2021,1
Trínidad og Tóbagó,2022,4
Trínidad og Tóbagó,2023,4
Trínidad og Tóbagó,2024,6
Uruguay,1998,1
Uruguay,1999,1
Uruguay,2000,2
Uruguay,2001,2
Uruguay,2002,2
Uruguay,2003,2
Uruguay,2004,5
Uruguay,2005,4
Uruguay,2006,9
Uruguay,2007,10
Uruguay,2008,5
Uruguay,2009,4
Uruguay,2010,4
Uruguay,2011,4
Uruguay,2012,3
Uruguay,2013,2
Uruguay,2014,3
Uruguay,2015,2
Uruguay,2016,2
Uruguay,2017,2
Uruguay,2018,2
Uruguay,2019,3
Uruguay,2020,3
Uruguay,2021,3
Uruguay,2022,4
Uruguay,2023,4
Uruguay,2024,4
Sankti Vinsent og Grenadínur,1998,0
Sankti Vinsent og Grenadínur,1999,0
Sankti Vinsent og Grenadínur,2000,0
Sankti Vinsent og Grenadínur,2001,0
Sankti Vinsent og Grenadínur,2002,0
Sankti Vinsent og Grenadínur,2003,0
Sankti Vinsent og Grenadínur,2004,0
Sankti Vinsent og Grenadínur,2005,0
Sankti Vinsent og Grenadínur,2006,0
Sankti Vinsent og Grenadínur,2007,0
Sankti Vinsent og Grenadínur,2008,0
Sankti Vinsent og Grenadínur,2009,0
Sankti Vinsent og Grenadínur,2010,0
Sankti Vinsent og Grenadínur,2011,0
Sankti Vinsent og Grenadínur,2012,0
Sankti Vinsent og Grenadínur,2013,1
Sankti Vinsent og Grenadínur,2014,1
Sankti Vinsent og Grenadínur,2015,1
Sankti Vinsent og Grenadínur,2016,1
Sankti Vinsent og Grenadínur,2017,1
Sankti Vinsent og Grenadínur,2018,2
Sankti Vinsent og Grenadínur,2019,0
Sankti Vinsent og Grenadínur,2020,0
Sankti Vinsent og Grenadínur,2021,0
Sankti Vinsent og Grenadínur,2022,0
Sankti Vinsent og Grenadínur,2023,0
Sankti Vinsent og Grenadínur,2024,0
Venesúela,1998,4
Venesúela,1999,1
Venesúela,2000,2
Venesúela,2001,4
Venesúela,2002,1
Venesúela,2003,5
Venesúela,2004,3
Venesúela,2005,3
Venesúela,2006,3
Venesúela,2007,11
Venesúela,2008,11
Venesúela,2009,8
Venesúela,2010,8
Venesúela,2011,9
Venesúela,2012,8
Venesúela,2013,8
Venesúela,2014,6
Venesúela,2015,5
Venesúela,2016,5
Venesúela,2017,6
Venesúela,2018,10
Venesúela,2019,20
Venesúela,2020,82
Venesúela,2021,174
Venesúela,2022,260
Venesúela,2023,698
Venesúela,2024,762
Angóla,1998,0
Angóla,1999,1
Angóla,2000,2
Angóla,2001,2
Angóla,2002,2
Angóla,2003,3
Angóla,2004,3
Angóla,2005,4
Angóla,2006,4
Angóla,2007,4
Angóla,2008,3
Angóla,2009,1
Angóla,2010,2
Angóla,2011,2
Angóla,2012,2
Angóla,2013,2
Angóla,2014,2
Angóla,2015,2
Angóla,2016,2
Angóla,2017,3
Angóla,2018,2
Angóla,2019,1
Angóla,2020,2
Angóla,2021,2
Angóla,2022,1
Angóla,2023,1
Angóla,2024,1
Búrkína Fasó,1998,0
Búrkína Fasó,1999,0
Búrkína Fasó,2000,0
Búrkína Fasó,2001,0
Búrkína Fasó,2002,0
Búrkína Fasó,2003,0
Búrkína Fasó,2004,0
Búrkína Fasó,2005,0
Búrkína Fasó,2006,0
Búrkína Fasó,2007,0
Búrkína Fasó,2008,1
Búrkína Fasó,2009,1
Búrkína Fasó,2010,1
Búrkína Fasó,2011,1
Búrkína Fasó,2012,1
Búrkína Fasó,2013,1
Búrkína Fasó,2014,0
Búrkína Fasó,2015,0
Búrkína Fasó,2016,0
Búrkína Fasó,2017,0
Búrkína Fasó,2018,0
Búrkína Fasó,2019,1
Búrkína Fasó,2020,2
Búrkína Fasó,2021,3
Búrkína Fasó,2022,3
Búrkína Fasó,2023,3
Búrkína Fasó,2024,3
Benín,1998,0
Benín,1999,0
Benín,2000,0
Benín,2001,0
Benín,2002,0
Benín,2003,0
Benín,2004,0
Benín,2005,0
Benín,2006,0
Benín,2007,0
Benín,2008,0
Benín,2009,0
Benín,2010,0
Benín,2011,1
Benín,2012,1
Benín,2013,1
Benín,2014,1
Benín,2015,1
Benín,2016,0
Benín,2017,0
Benín,2018,0
Benín,2019,0
Benín,2020,0
Benín,2021,0
Benín,2022,0
Benín,2023,0
Benín,2024,0
Botswana,1998,0
Botswana,1999,0
Botswana,2000,0
Botswana,2001,0
Botswana,2002,0
Botswana,2003,0
Botswana,2004,0
Botswana,2005,0
Botswana,2006,0
Botswana,2007,0
Botswana,2008,0
Botswana,2009,0
Botswana,2010,0
Botswana,2011,0
Botswana,2012,0
Botswana,2013,0
Botswana,2014,0
Botswana,2015,0
Botswana,2016,0
Botswana,2017,0
Botswana,2018,0
Botswana,2019,0
Botswana,2020,0
Botswana,2021,0
Botswana,2022,0
Botswana,2023,0
Botswana,2024,0
"Kongó, Lýðstjórnarlýðveldið",1998,0
"Kongó, Lýðstjórnarlýðveldið",1999,0
"Kongó, Lýðstjórnarlýðveldið",2000,1
"Kongó, Lýðstjórnarlýðveldið",2001,1
"Kongó, Lýðstjórnarlýðveldið",2002,1
"Kongó, Lýðstjórnarlýðveldið",2003,1
"Kongó, Lýðstjórnarlýðveldið",2004,1
"Kongó, Lýðstjórnarlýðveldið",2005,1
"Kongó, Lýðstjórnarlýðveldið",2006,1
"Kongó, Lýðstjórnarlýðveldið",2007,1
"Kongó, Lýðstjórnarlýðveldið",2008,1
"Kongó, Lýðstjórnarlýðveldið",2009,1
"Kongó, Lýðstjórnarlýðveldið",2010,1
"Kongó, Lýðstjórnarlýðveldið",2011,1
"Kongó, Lýðstjórnarlýðveldið",2012,1
"Kongó, Lýðstjórnarlýðveldið",2013,1
"Kongó, Lýðstjórnarlýðveldið",2014,1
"Kongó, Lýðstjórnarlýðveldið",2015,1
"Kongó, Lýðstjórnarlýðveldið",2016,1
"Kongó, Lýðstjórnarlýðveldið",2017,1
"Kongó, Lýðstjórnarlýðveldið",2018,1
"Kongó, Lýðstjórnarlýðveldið",2019,1
"Kongó, Lýðstjórnarlýðveldið",2020,1
"Kongó, Lýðstjórnarlýðveldið",2021,3
"Kongó, Lýðstjórnarlýðveldið",2022,2
"Kongó, Lýðstjórnarlýðveldið",2023,3
"Kongó, Lýðstjórnarlýðveldið",2024,3
"Kongó, Lýðveldið",1998,0
"Kongó, Lýðveldið",1999,0
"Kongó, Lýðveldið",2000,1
"Kongó, Lýðveldið",2001,1
"Kongó, Lýðveldið",2002,1
"Kongó, Lýðveldið",2003,0
"Kongó, Lýðveldið",2004,1
"Kongó, Lýðveldið",2005,1
"Kongó, Lýðveldið",2006,1
"Kongó, Lýðveldið",2007,0
"Kongó, Lýðveldið",2008,0
"Kongó, Lýðveldið",2009,0
"Kongó, Lýðveldið",2010,0
"Kongó, Lýðveldið",2011,0
"Kongó, Lýðveldið",2012,0
"Kongó, Lýðveldið",2013,0
"Kongó, Lýðveldið",2014,0
"Kongó, Lýðveldið",2015,0
"Kongó, Lýðveldið",2016,0
"Kongó, Lýðveldið",2017,0
"Kongó, Lýðveldið",2018,0
"Kongó, Lýðveldið",2019,0
"Kongó, Lýðveldið",2020,3
"Kongó, Lýðveldið",2021,3
"Kongó, Lýðveldið",2022,3
"Kongó, Lýðveldið",2023,2
"Kongó, Lýðveldið",2024,4
Côte d'Ivoire (Fílabeinsströndin),1998,0
Côte d'Ivoire (Fílabeinsströndin),1999,0
Côte d'Ivoire (Fílabeinsströndin),2000,0
Côte d'Ivoire (Fílabeinsströndin),2001,0
Côte d'Ivoire (Fílabeinsströndin),2002,1
Côte d'Ivoire (Fílabeinsströndin),2003,1
Côte d'Ivoire (Fílabeinsströndin),2004,1
Côte d'Ivoire (Fílabeinsströndin),2005,1
Côte d'Ivoire (Fílabeinsströndin),2006,2
Côte d'Ivoire (Fílabeinsströndin),2007,2
Côte d'Ivoire (Fílabeinsströndin),2008,2
Côte d'Ivoire (Fílabeinsströndin),2009,2
Côte d'Ivoire (Fílabeinsströndin),2010,1
Côte d'Ivoire (Fílabeinsströndin),2011,1
Côte d'Ivoire (Fílabeinsströndin),2012,0
Côte d'Ivoire (Fílabeinsströndin),2013,0
Côte d'Ivoire (Fílabeinsströndin),2014,0
Côte d'Ivoire (Fílabeinsströndin),2015,0
Côte d'Ivoire (Fílabeinsströndin),2016,0
Côte d'Ivoire (Fílabeinsströndin),2017,1
Côte d'Ivoire (Fílabeinsströndin),2018,1
Côte d'Ivoire (Fílabeinsströndin),2019,2
Côte d'Ivoire (Fílabeinsströndin),2020,3
Côte d'Ivoire (Fílabeinsströndin),2021,3
Côte d'Ivoire (Fílabeinsströndin),2022,3
Côte d'Ivoire (Fílabeinsströndin),2023,2
Côte d'Ivoire (Fílabeinsströndin),2024,4
Kamerún,1998,0
Kamerún,1999,0
Kamerún,2000,0
Kamerún,2001,1
Kamerún,2002,1
Kamerún,2003,0
Kamerún,2004,0
Kamerún,2005,0
Kamerún,2006,2
Kamerún,2007,2
Kamerún,2008,3
Kamerún,2009,3
Kamerún,2010,4
Kamerún,2011,6
Kamerún,2012,4
Kamerún,2013,5
Kamerún,2014,5
Kamerún,2015,4
Kamerún,2016,4
Kamerún,2017,4
Kamerún,2018,3
Kamerún,2019,2
Kamerún,2020,4
Kamerún,2021,6
Kamerún,2022,4
Kamerún,2023,7
Kamerún,2024,11
Cabo Verde (Grænhöfðaeyjar),1998,10
Cabo Verde (Grænhöfðaeyjar),1999,9
Cabo Verde (Grænhöfðaeyjar),2000,10
Cabo Verde (Grænhöfðaeyjar),2001,12
Cabo Verde (Grænhöfðaeyjar),2002,11
Cabo Verde (Grænhöfðaeyjar),2003,8
Cabo Verde (Grænhöfðaeyjar),2004,7
Cabo Verde (Grænhöfðaeyjar),2005,9
Cabo Verde (Grænhöfðaeyjar),2006,6
Cabo Verde (Grænhöfðaeyjar),2007,5
Cabo Verde (Grænhöfðaeyjar),2008,8
Cabo Verde (Grænhöfðaeyjar),2009,10
Cabo Verde (Grænhöfðaeyjar),2010,10
Cabo Verde (Grænhöfðaeyjar),2011,8
Cabo Verde (Grænhöfðaeyjar),2012,5
Cabo Verde (Grænhöfðaeyjar),2013,6
Cabo Verde (Grænhöfðaeyjar),2014,6
Cabo Verde (Grænhöfðaeyjar),2015,7
Cabo Verde (Grænhöfðaeyjar),2016,7
Cabo Verde (Grænhöfðaeyjar),2017,8
Cabo Verde (Grænhöfðaeyjar),2018,8
Cabo Verde (Grænhöfðaeyjar),2019,11
Cabo Verde (Grænhöfðaeyjar),2020,9
Cabo Verde (Grænhöfðaeyjar),2021,9
Cabo Verde (Grænhöfðaeyjar),2022,9
Cabo Verde (Grænhöfðaeyjar),2023,8
Cabo Verde (Grænhöfðaeyjar),2024,9
Djibútí,1998,0
Djibútí,1999,0
Djibútí,2000,0
Djibútí,2001,0
Djibútí,2002,0
Djibútí,2003,0
Djibútí,2004,0
Djibútí,2005,0
Djibútí,2006,0
Djibútí,2007,1
Djibútí,2008,1
Djibútí,2009,1
Djibútí,2010,1
Djibútí,2011,1
Djibútí,2012,1
Djibútí,2013,1
Djibútí,2014,1
Djibútí,2015,0
Djibútí,2016,1
Djibútí,2017,1
Djibútí,2018,1
Djibútí,2019,0
Djibútí,2020,0
Djibútí,2021,0
Djibútí,2022,1
Djibútí,2023,0
Djibútí,2024,0
Alsír,1998,8
Alsír,1999,8
Alsír,2000,9
Alsír,2001,10
Alsír,2002,10
Alsír,2003,9
Alsír,2004,7
Alsír,2005,4
Alsír,2006,1
Alsír,2007,0
Alsír,2008,0
Alsír,2009,1
Alsír,2010,1
Alsír,2011,3
Alsír,2012,5
Alsír,2013,9
Alsír,2014,9
Alsír,2015,15
Alsír,2016,16
Alsír,2017,20
Alsír,2018,21
Alsír,2019,25
Alsír,2020,26
Alsír,2021,29
Alsír,2022,21
Alsír,2023,23
Alsír,2024,19
Egyptaland,1998,4
Egyptaland,1999,4
Egyptaland,2000,4
Egyptaland,2001,6
Egyptaland,2002,6
Egyptaland,2003,8
Egyptaland,2004,7
Egyptaland,2005,6
Egyptaland,2006,5
Egyptaland,2007,5
Egyptaland,2008,5
Egyptaland,2009,7
Egyptaland,2010,9
Egyptaland,2011,6
Egyptaland,2012,7
Egyptaland,2013,9
Egyptaland,2014,5
Egyptaland,2015,8
Egyptaland,2016,12
Egyptaland,2017,13
Egyptaland,2018,12
Egyptaland,2019,15
Egyptaland,2020,19
Egyptaland,2021,28
Egyptaland,2022,29
Egyptaland,2023,36
Egyptaland,2024,39
Vestur-Sahara,1998,0
Vestur-Sahara,1999,0
Vestur-Sahara,2000,0
Vestur-Sahara,2001,0
Vestur-Sahara,2002,0
Vestur-Sahara,2003,0
Vestur-Sahara,2004,0
Vestur-Sahara,2005,0
Vestur-Sahara,2006,0
Vestur-Sahara,2007,0
Vestur-Sahara,2008,0
Vestur-Sahara,2009,0
Vestur-Sahara,2010,0
Vestur-Sahara,2011,0
Vestur-Sahara,2012,0
Vestur-Sahara,2013,0
Vestur-Sahara,2014,0
Vestur-Sahara,2015,0
Vestur-Sahara,2016,0
Vestur-Sahara,2017,0
Vestur-Sahara,2018,1
Vestur-Sahara,2019,1
Vestur-Sahara,2020,1
Vestur-Sahara,2021,1
Vestur-Sahara,2022,1
Vestur-Sahara,2023,0
Vestur-Sahara,2024,0
Eritrea,1998,0
Eritrea,1999,0
Eritrea,2000,0
Eritrea,2001,0
Eritrea,2002,0
Eritrea,2003,0
Eritrea,2004,0
Eritrea,2005,2
Eritrea,2006,0
Eritrea,2007,0
Eritrea,2008,1
Eritrea,2009,2
Eritrea,2010,3
Eritrea,2011,3
Eritrea,2012,3
Eritrea,2013,5
Eritrea,2014,8
Eritrea,2015,3
Eritrea,2016,4
Eritrea,2017,4
Eritrea,2018,5
Eritrea,2019,5
Eritrea,2020,2
Eritrea,2021,2
Eritrea,2022,1
Eritrea,2023,1
Eritrea,2024,1
Eþíópía,1998,0
Eþíópía,1999,1
Eþíópía,2000,3
Eþíópía,2001,10
Eþíópía,2002,10
Eþíópía,2003,11
Eþíópía,2004,11
Eþíópía,2005,14
Eþíópía,2006,15
Eþíópía,2007,16
Eþíópía,2008,20
Eþíópía,2009,16
Eþíópía,2010,13
Eþíópía,2011,10
Eþíópía,2012,10
Eþíópía,2013,13
Eþíópía,2014,10
Eþíópía,2015,10
Eþíópía,2016,11
Eþíópía,2017,15
Eþíópía,2018,18
Eþíópía,2019,20
Eþíópía,2020,19
Eþíópía,2021,20
Eþíópía,2022,27
Eþíópía,2023,29
Eþíópía,2024,34
Gabon,1998,0
Gabon,1999,0
Gabon,2000,0
Gabon,2001,0
Gabon,2002,0
Gabon,2003,0
Gabon,2004,0
Gabon,2005,0
Gabon,2006,0
Gabon,2007,0
Gabon,2008,0
Gabon,2009,0
Gabon,2010,0
Gabon,2011,0
Gabon,2012,0
Gabon,2013,0
Gabon,2014,0
Gabon,2015,0
Gabon,2016,0
Gabon,2017,0
Gabon,2018,0
Gabon,2019,0
Gabon,2020,0
Gabon,2021,0
Gabon,2022,0
Gabon,2023,0
Gabon,2024,0
Ghana,1998,4
Ghana,1999,4
Ghana,2000,5
Ghana,2001,11
Ghana,2002,15
Ghana,2003,13
Ghana,2004,12
Ghana,2005,9
Ghana,2006,10
Ghana,2007,11
Ghana,2008,12
Ghana,2009,11
Ghana,2010,11
Ghana,2011,7
Ghana,2012,7
Ghana,2013,13
Ghana,2014,14
Ghana,2015,17
Ghana,2016,23
Ghana,2017,25
Ghana,2018,43
Ghana,2019,51
Ghana,2020,60
Ghana,2021,63
Ghana,2022,75
Ghana,2023,82
Ghana,2024,118
Gambía,1998,0
Gambía,1999,1
Gambía,2000,1
Gambía,2001,1
Gambía,2002,3
Gambía,2003,3
Gambía,2004,3
Gambía,2005,3
Gambía,2006,2
Gambía,2007,2
Gambía,2008,3
Gambía,2009,3
Gambía,2010,3
Gambía,2011,3
Gambía,2012,5
Gambía,2013,4
Gambía,2014,6
Gambía,2015,6
Gambía,2016,6
Gambía,2017,8
Gambía,2018,8
Gambía,2019,10
Gambía,2020,9
Gambía,2021,7
Gambía,2022,8
Gambía,2023,11
Gambía,2024,13
Gínea,1998,0
Gínea,1999,0
Gínea,2000,3
Gínea,2001,5
Gínea,2002,5
Gínea,2003,6
Gínea,2004,7
Gínea,2005,5
Gínea,2006,6
Gínea,2007,4
Gínea,2008,2
Gínea,2009,2
Gínea,2010,2
Gínea,2011,4
Gínea,2012,5
Gínea,2013,5
Gínea,2014,6
Gínea,2015,6
Gínea,2016,5
Gínea,2017,7
Gínea,2018,6
Gínea,2019,7
Gínea,2020,9
Gínea,2021,9
Gínea,2022,8
Gínea,2023,8
Gínea,2024,9
Miðbaugs-Gínea,1998,0
Miðbaugs-Gínea,1999,0
Miðbaugs-Gínea,2000,0
Miðbaugs-Gínea,2001,0
Miðbaugs-Gínea,2002,1
Miðbaugs-Gínea,2003,1
Miðbaugs-Gínea,2004,0
Miðbaugs-Gínea,2005,0
Miðbaugs-Gínea,2006,0
Miðbaugs-Gínea,2007,0
Miðbaugs-Gínea,2008,0
Miðbaugs-Gínea,2009,0
Miðbaugs-Gínea,2010,1
Miðbaugs-Gínea,2011,1
Miðbaugs-Gínea,2012,1
Miðbaugs-Gínea,2013,1
Miðbaugs-Gínea,2014,1
Miðbaugs-Gínea,2015,1
Miðbaugs-Gínea,2016,0
Miðbaugs-Gínea,2017,1
Miðbaugs-Gínea,2018,2
Miðbaugs-Gínea,2019,1
Miðbaugs-Gínea,2020,1
Miðbaugs-Gínea,2021,1
Miðbaugs-Gínea,2022,1
Miðbaugs-Gínea,2023,1
Miðbaugs-Gínea,2024,1
Gínea-Bissaú,1998,1
Gínea-Bissaú,1999,1
Gínea-Bissaú,2000,1
Gínea-Bissaú,2001,1
Gínea-Bissaú,2002,1
Gínea-Bissaú,2003,0
Gínea-Bissaú,2004,0
Gínea-Bissaú,2005,0
Gínea-Bissaú,2006,0
Gínea-Bissaú,2007,0
Gínea-Bissaú,2008,0
Gínea-Bissaú,2009,0
Gínea-Bissaú,2010,0
Gínea-Bissaú,2011,0
Gínea-Bissaú,2012,0
Gínea-Bissaú,2013,0
Gínea-Bissaú,2014,0
Gínea-Bissaú,2015,0
Gínea-Bissaú,2016,0
Gínea-Bissaú,2017,1
Gínea-Bissaú,2018,1
Gínea-Bissaú,2019,0
Gínea-Bissaú,2020,0
Gínea-Bissaú,2021,0
Gínea-Bissaú,2022,0
Gínea-Bissaú,2023,0
Gínea-Bissaú,2024,0
Kenya,1998,1
Kenya,1999,1
Kenya,2000,1
Kenya,2001,3
Kenya,2002,5
Kenya,2003,4
Kenya,2004,5
Kenya,2005,5
Kenya,2006,7
Kenya,2007,8
Kenya,2008,14
Kenya,2009,9
Kenya,2010,9
Kenya,2011,8
Kenya,2012,12
Kenya,2013,18
Kenya,2014,21
Kenya,2015,16
Kenya,2016,14
Kenya,2017,15
Kenya,2018,11
Kenya,2019,9
Kenya,2020,10
Kenya,2021,12
Kenya,2022,16
Kenya,2023,17
Kenya,2024,24
Sankti Lúsía,1998,0
Sankti Lúsía,1999,0
Sankti Lúsía,2000,0
Sankti Lúsía,2001,0
Sankti Lúsía,2002,0
Sankti Lúsía,2003,0
Sankti Lúsía,2004,0
Sankti Lúsía,2005,0
Sankti Lúsía,2006,0
Sankti Lúsía,2007,0
Sankti Lúsía,2008,0
Sankti Lúsía,2009,0
Sankti Lúsía,2010,0
Sankti Lúsía,2011,0
Sankti Lúsía,2012,0
Sankti Lúsía,2013,0
Sankti Lúsía,2014,0
Sankti Lúsía,2015,0
Sankti Lúsía,2016,0
Sankti Lúsía,2017,0
Sankti Lúsía,2018,0
Sankti Lúsía,2019,0
Sankti Lúsía,2020,1
Sankti Lúsía,2021,0
Sankti Lúsía,2022,0
Sankti Lúsía,2023,0
Sankti Lúsía,2024,0
Líbería,1998,0
Líbería,1999,0
Líbería,2000,0
Líbería,2001,0
Líbería,2002,0
Líbería,2003,0
Líbería,2004,0
Líbería,2005,0
Líbería,2006,0
Líbería,2007,0
Líbería,2008,0
Líbería,2009,1
Líbería,2010,0
Líbería,2011,1
Líbería,2012,0
Líbería,2013,1
Líbería,2014,0
Líbería,2015,0
Líbería,2016,0
Líbería,2017,1
Líbería,2018,2
Líbería,2019,5
Líbería,2020,2
Líbería,2021,2
Líbería,2022,3
Líbería,2023,2
Líbería,2024,1
Lesótó,1998,0
Lesótó,1999,0
Lesótó,2000,0
Lesótó,2001,0
Lesótó,2002,0
Lesótó,2003,0
Lesótó,2004,0
Lesótó,2005,0
Lesótó,2006,4
Lesótó,2007,4
Lesótó,2008,0
Lesótó,2009,0
Lesótó,2010,0
Lesótó,2011,0
Lesótó,2012,0
Lesótó,2013,0
Lesótó,2014,0
Lesótó,2015,0
Lesótó,2016,0
Lesótó,2017,0
Lesótó,2018,0
Lesótó,2019,0
Lesótó,2020,0
Lesótó,2021,0
Lesótó,2022,0
Lesótó,2023,0
Lesótó,2024,1
Líbía,1998,0
Líbía,1999,0
Líbía,2000,0
Líbía,2001,0
Líbía,2002,0
Líbía,2003,0
Líbía,2004,1
Líbía,2005,1
Líbía,2006,1
Líbía,2007,1
Líbía,2008,1
Líbía,2009,1
Líbía,2010,2
Líbía,2011,2
Líbía,2012,2
Líbía,2013,2
Líbía,2014,1
Líbía,2015,1
Líbía,2016,2
Líbía,2017,4
Líbía,2018,3
Líbía,2019,2
Líbía,2020,4
Líbía,2021,5
Líbía,2022,7
Líbía,2023,8
Líbía,2024,11
Marokkó,1998,23
Marokkó,1999,26
Marokkó,2000,28
Marokkó,2001,36
Marokkó,2002,39
Marokkó,2003,42
Marokkó,2004,42
Marokkó,2005,38
Marokkó,2006,49
Marokkó,2007,60
Marokkó,2008,55
Marokkó,2009,43
Marokkó,2010,46
Marokkó,2011,40
Marokkó,2012,42
Marokkó,2013,38
Marokkó,2014,38
Marokkó,2015,38
Marokkó,2016,40
Marokkó,2017,45
Marokkó,2018,56
Marokkó,2019,59
Marokkó,2020,62
Marokkó,2021,71
Marokkó,2022,72
Marokkó,2023,70
Marokkó,2024,81
Madagaskar,1998,1
Madagaskar,1999,1
Madagaskar,2000,1
Madagaskar,2001,1
Madagaskar,2002,0
Madagaskar,2003,0
Madagaskar,2004,0
Madagaskar,2005,0
Madagaskar,2006,0
Madagaskar,2007,0
Madagaskar,2008,0
Madagaskar,2009,0
Madagaskar,2010,0
Madagaskar,2011,0
Madagaskar,2012,0
Madagaskar,2013,0
Madagaskar,2014,0
Madagaskar,2015,0
Madagaskar,2016,0
Madagaskar,2017,0
Madagaskar,2018,0
Madagaskar,2019,0
Madagaskar,2020,0
Madagaskar,2021,0
Madagaskar,2022,0
Madagaskar,2023,0
Madagaskar,2024,0
Malí,1998,0
Malí,1999,0
Malí,2000,0
Malí,2001,0
Malí,2002,0
Malí,2003,0
Malí,2004,0
Malí,2005,0
Malí,2006,0
Malí,2007,0
Malí,2008,0
Malí,2009,1
Malí,2010,1
Malí,2011,1
Malí,2012,1
Malí,2013,1
Malí,2014,1
Malí,2015,1
Malí,2016,2
Malí,2017,2
Malí,2018,3
Malí,2019,3
Malí,2020,2
Malí,2021,3
Malí,2022,2
Malí,2023,3
Malí,2024,3
Máritanía,1998,0
Máritanía,1999,0
Máritanía,2000,0
Máritanía,2001,0
Máritanía,2002,0
Máritanía,2003,0
Máritanía,2004,0
Máritanía,2005,0
Máritanía,2006,0
Máritanía,2007,0
Máritanía,2008,0
Máritanía,2009,0
Máritanía,2010,0
Máritanía,2011,0
Máritanía,2012,0
Máritanía,2013,0
Máritanía,2014,0
Máritanía,2015,0
Máritanía,2016,1
Máritanía,2017,1
Máritanía,2018,1
Máritanía,2019,1
Máritanía,2020,0
Máritanía,2021,1
Máritanía,2022,2
Máritanía,2023,1
Máritanía,2024,0
Máritíus,1998,1
Máritíus,1999,1
Máritíus,2000,1
Máritíus,2001,2
Máritíus,2002,2
Máritíus,2003,1
Máritíus,2004,3
Máritíus,2005,2
Máritíus,2006,2
Máritíus,2007,3
Máritíus,2008,3
Máritíus,2009,1
Máritíus,2010,2
Máritíus,2011,1
Máritíus,2012,1
Máritíus,2013,1
Máritíus,2014,1
Máritíus,2015,1
Máritíus,2016,1
Máritíus,2017,2
Máritíus,2018,2
Máritíus,2019,2
Máritíus,2020,2
Máritíus,2021,2
Máritíus,2022,1
Máritíus,2023,2
Máritíus,2024,2
Malaví,1998,0
Malaví,1999,0
Malaví,2000,0
Malaví,2001,0
Malaví,2002,0
Malaví,2003,0
Malaví,2004,2
Malaví,2005,1
Malaví,2006,1
Malaví,2007,1
Malaví,2008,0
Malaví,2009,0
Malaví,2010,0
Malaví,2011,0
Malaví,2012,0
Malaví,2013,0
Malaví,2014,0
Malaví,2015,2
Malaví,2016,2
Malaví,2017,1
Malaví,2018,0
Malaví,2019,0
Malaví,2020,5
Malaví,2021,4
Malaví,2022,6
Malaví,2023,5
Malaví,2024,7
Mósambík,1998,0
Mósambík,1999,0
Mósambík,2000,0
Mósambík,2001,0
Mósambík,2002,0
Mósambík,2003,0
Mósambík,2004,1
Mósambík,2005,0
Mósambík,2006,0
Mósambík,2007,0
Mósambík,2008,0
Mósambík,2009,0
Mósambík,2010,1
Mósambík,2011,1
Mósambík,2012,1
Mósambík,2013,3
Mósambík,2014,3
Mósambík,2015,4
Mósambík,2016,4
Mósambík,2017,4
Mósambík,2018,4
Mósambík,2019,4
Mósambík,2020,2
Mósambík,2021,3
Mósambík,2022,4
Mósambík,2023,3
Mósambík,2024,3
Namibía,1998,4
Namibía,1999,2
Namibía,2000,4
Namibía,2001,5
Namibía,2002,9
Namibía,2003,8
Namibía,2004,10
Namibía,2005,6
Namibía,2006,4
Namibía,2007,3
Namibía,2008,3
Namibía,2009,5
Namibía,2010,4
Namibía,2011,4
Namibía,2012,3
Namibía,2013,1
Namibía,2014,3
Namibía,2015,1
Namibía,2016,2
Namibía,2017,2
Namibía,2018,3
Namibía,2019,1
Namibía,2020,1
Namibía,2021,0
Namibía,2022,3
Namibía,2023,4
Namibía,2024,3
Níger,1998,0
Níger,1999,0
Níger,2000,0
Níger,2001,0
Níger,2002,0
Níger,2003,0
Níger,2004,0
Níger,2005,0
Níger,2006,1
Níger,2007,1
Níger,2008,0
Níger,2009,0
Níger,2010,0
Níger,2011,0
Níger,2012,0
Níger,2013,0
Níger,2014,0
Níger,2015,0
Níger,2016,0
Níger,2017,0
Níger,2018,0
Níger,2019,0
Níger,2020,0
Níger,2021,0
Níger,2022,0
Níger,2023,0
Níger,2024,0
Nígería,1998,4
Nígería,1999,8
Nígería,2000,9
Nígería,2001,20
Nígería,2002,18
Nígería,2003,19
Nígería,2004,17
Nígería,2005,17
Nígería,2006,15
Nígería,2007,15
Nígería,2008,17
Nígería,2009,16
Nígería,2010,13
Nígería,2011,16
Nígería,2012,16
Nígería,2013,20
Nígería,2014,22
Nígería,2015,30
Nígería,2016,37
Nígería,2017,40
Nígería,2018,55
Nígería,2019,56
Nígería,2020,73
Nígería,2021,91
Nígería,2022,109
Nígería,2023,117
Nígería,2024,150
Rwanda,1998,0
Rwanda,1999,1
Rwanda,2000,1
Rwanda,2001,1
Rwanda,2002,1
Rwanda,2003,1
Rwanda,2004,1
Rwanda,2005,1
Rwanda,2006,1
Rwanda,2007,1
Rwanda,2008,1
Rwanda,2009,1
Rwanda,2010,1
Rwanda,2011,1
Rwanda,2012,1
Rwanda,2013,1
Rwanda,2014,2
Rwanda,2015,2
Rwanda,2016,1
Rwanda,2017,1
Rwanda,2018,1
Rwanda,2019,1
Rwanda,2020,2
Rwanda,2021,2
Rwanda,2022,2
Rwanda,2023,1
Rwanda,2024,2
Seychelles-eyjar,1998,0
Seychelles-eyjar,1999,0
Seychelles-eyjar,2000,0
Seychelles-eyjar,2001,0
Seychelles-eyjar,2002,0
Seychelles-eyjar,2003,0
Seychelles-eyjar,2004,0
Seychelles-eyjar,2005,0
Seychelles-eyjar,2006,0
Seychelles-eyjar,2007,0
Seychelles-eyjar,2008,0
Seychelles-eyjar,2009,0
Seychelles-eyjar,2010,0
Seychelles-eyjar,2011,0
Seychelles-eyjar,2012,0
Seychelles-eyjar,2013,0
Seychelles-eyjar,2014,0
Seychelles-eyjar,2015,0
Seychelles-eyjar,2016,0
Seychelles-eyjar,2017,0
Seychelles-eyjar,2018,0
Seychelles-eyjar,2019,0
Seychelles-eyjar,2020,0
Seychelles-eyjar,2021,0
Seychelles-eyjar,2022,0
Seychelles-eyjar,2023,0
Seychelles-eyjar,2024,0
Súdan,1998,0
Súdan,1999,0
Súdan,2000,0
Súdan,2001,0
Súdan,2002,0
Súdan,2003,0
Súdan,2004,0
Súdan,2005,0
Súdan,2006,0
Súdan,2007,0
Súdan,2008,0
Súdan,2009,0
Súdan,2010,0
Súdan,2011,0
Súdan,2012,0
Súdan,2013,0
Súdan,2014,0
Súdan,2015,0
Súdan,2016,1
Súdan,2017,2
Súdan,2018,2
Súdan,2019,3
Súdan,2020,7
Súdan,2021,8
Súdan,2022,8
Súdan,2023,6
Súdan,2024,7
Síerra Leóne,1998,2
Síerra Leóne,1999,2
Síerra Leóne,2000,3
Síerra Leóne,2001,5
Síerra Leóne,2002,5
Síerra Leóne,2003,4
Síerra Leóne,2004,3
Síerra Leóne,2005,3
Síerra Leóne,2006,3
Síerra Leóne,2007,3
Síerra Leóne,2008,4
Síerra Leóne,2009,4
Síerra Leóne,2010,4
Síerra Leóne,2011,5
Síerra Leóne,2012,5
Síerra Leóne,2013,5
Síerra Leóne,2014,5
Síerra Leóne,2015,5
Síerra Leóne,2016,5
Síerra Leóne,2017,5
Síerra Leóne,2018,5
Síerra Leóne,2019,7
Síerra Leóne,2020,8
Síerra Leóne,2021,5
Síerra Leóne,2022,8
Síerra Leóne,2023,6
Síerra Leóne,2024,8
Senegal,1998,0
Senegal,1999,1
Senegal,2000,2
Senegal,2001,3
Senegal,2002,4
Senegal,2003,3
Senegal,2004,5
Senegal,2005,4
Senegal,2006,3
Senegal,2007,3
Senegal,2008,4
Senegal,2009,3
Senegal,2010,3
Senegal,2011,5
Senegal,2012,5
Senegal,2013,6
Senegal,2014,5
Senegal,2015,5
Senegal,2016,6
Senegal,2017,5
Senegal,2018,6
Senegal,2019,7
Senegal,2020,9
Senegal,2021,10
Senegal,2022,13
Senegal,2023,11
Senegal,2024,14
Sómalía,1998,1
Sómalía,1999,1
Sómalía,2000,1
Sómalía,2001,1
Sómalía,2002,1
Sómalía,2003,1
Sómalía,2004,1
Sómalía,2005,1
Sómalía,2006,1
Sómalía,2007,1
Sómalía,2008,0
Sómalía,2009,0
Sómalía,2010,0
Sómalía,2011,0
Sómalía,2012,0
Sómalía,2013,0
Sómalía,2014,0
Sómalía,2015,0
Sómalía,2016,2
Sómalía,2017,5
Sómalía,2018,9
Sómalía,2019,18
Sómalía,2020,38
Sómalía,2021,75
Sómalía,2022,91
Sómalía,2023,109
Sómalía,2024,136
Suður-Súdan,1998,0
Suður-Súdan,1999,0
Suður-Súdan,2000,0
Suður-Súdan,2001,0
Suður-Súdan,2002,0
Suður-Súdan,2003,0
Suður-Súdan,2004,0
Suður-Súdan,2005,0
Suður-Súdan,2006,0
Suður-Súdan,2007,0
Suður-Súdan,2008,0
Suður-Súdan,2009,0
Suður-Súdan,2010,0
Suður-Súdan,2011,0
Suður-Súdan,2012,0
Suður-Súdan,2013,0
Suður-Súdan,2014,0
Suður-Súdan,2015,0
Suður-Súdan,2016,0
Suður-Súdan,2017,0
Suður-Súdan,2018,0
Suður-Súdan,2019,3
Suður-Súdan,2020,3
Suður-Súdan,2021,3
Suður-Súdan,2022,3
Suður-Súdan,2023,4
Suður-Súdan,2024,5
Chad,1998,0
Chad,1999,0
Chad,2000,0
Chad,2001,0
Chad,2002,0
Chad,2003,0
Chad,2004,0
Chad,2005,0
Chad,2006,0
Chad,2007,0
Chad,2008,0
Chad,2009,0
Chad,2010,0
Chad,2011,0
Chad,2012,0
Chad,2013,0
Chad,2014,0
Chad,2015,0
Chad,2016,0
Chad,2017,0
Chad,2018,1
Chad,2019,2
Chad,2020,2
Chad,2021,2
Chad,2022,4
Chad,2023,4
Chad,2024,2
Tógó,1998,0
Tógó,1999,0
Tógó,2000,0
Tógó,2001,0
Tógó,2002,0
Tógó,2003,0
Tógó,2004,0
Tógó,2005,0
Tógó,2006,0
Tógó,2007,1
Tógó,2008,0
Tógó,2009,0
Tógó,2010,0
Tógó,2011,0
Tógó,2012,0
Tógó,2013,1
Tógó,2014,2
Tógó,2015,0
Tógó,2016,0
Tógó,2017,1
Tógó,2018,2
Tógó,2019,2
Tógó,2020,2
Tógó,2021,2
Tógó,2022,2
Tógó,2023,2
Tógó,2024,2
Túnis,1998,3
Túnis,1999,4
Túnis,2000,5
Túnis,2001,8
Túnis,2002,8
Túnis,2003,7
Túnis,2004,7
Túnis,2005,7
Túnis,2006,2
Túnis,2007,3
Túnis,2008,3
Túnis,2009,4
Túnis,2010,4
Túnis,2011,4
Túnis,2012,3
Túnis,2013,5
Túnis,2014,5
Túnis,2015,6
Túnis,2016,9
Túnis,2017,10
Túnis,2018,12
Túnis,2019,13
Túnis,2020,18
Túnis,2021,22
Túnis,2022,23
Túnis,2023,23
Túnis,2024,25
Tansanía,1998,0
Tansanía,1999,0
Tansanía,2000,1
Tansanía,2001,1
Tansanía,2002,1
Tansanía,2003,0
Tansanía,2004,0
Tansanía,2005,0
Tansanía,2006,1
Tansanía,2007,1
Tansanía,2008,3
Tansanía,2009,3
Tansanía,2010,3
Tansanía,2011,2
Tansanía,2012,2
Tansanía,2013,4
Tansanía,2014,5
Tansanía,2015,6
Tansanía,2016,5
Tansanía,2017,2
Tansanía,2018,2
Tansanía,2019,3
Tansanía,2020,5
Tansanía,2021,4
Tansanía,2022,8
Tansanía,2023,6
Tansanía,2024,5
Úganda,1998,0
Úganda,1999,0
Úganda,2000,0
Úganda,2001,0
Úganda,2002,0
Úganda,2003,0
Úganda,2004,1
Úganda,2005,1
Úganda,2006,2
Úganda,2007,5
Úganda,2008,6
Úganda,2009,7
Úganda,2010,4
Úganda,2011,7
Úganda,2012,7
Úganda,2013,5
Úganda,2014,4
Úganda,2015,7
Úganda,2016,8
Úganda,2017,8
Úganda,2018,12
Úganda,2019,14
Úganda,2020,31
Úganda,2021,36
Úganda,2022,31
Úganda,2023,33
Úganda,2024,40
Suður-Afríka,1998,9
Suður-Afríka,1999,7
Suður-Afríka,2000,10
Suður-Afríka,2001,10
Suður-Afríka,2002,12
Suður-Afríka,2003,13
Suður-Afríka,2004,12
Suður-Afríka,2005,8
Suður-Afríka,2006,10
Suður-Afríka,2007,11
Suður-Afríka,2008,11
Suður-Afríka,2009,9
Suður-Afríka,2010,9
Suður-Afríka,2011,8
Suður-Afríka,2012,11
Suður-Afríka,2013,17
Suður-Afríka,2014,9
Suður-Afríka,2015,8
Suður-Afríka,2016,6
Suður-Afríka,2017,12
Suður-Afríka,2018,10
Suður-Afríka,2019,11
Suður-Afríka,2020,14
Suður-Afríka,2021,17
Suður-Afríka,2022,17
Suður-Afríka,2023,19
Suður-Afríka,2024,17
Zambia,1998,1
Zambia,1999,1
Zambia,2000,1
Zambia,2001,1
Zambia,2002,0
Zambia,2003,0
Zambia,2004,0
Zambia,2005,0
Zambia,2006,0
Zambia,2007,0
Zambia,2008,0
Zambia,2009,0
Zambia,2010,0
Zambia,2011,0
Zambia,2012,0
Zambia,2013,0
Zambia,2014,0
Zambia,2015,0
Zambia,2016,0
Zambia,2017,0
Zambia,2018,0
Zambia,2019,1
Zambia,2020,1
Zambia,2021,1
Zambia,2022,1
Zambia,2023,1
Zambia,2024,1
Saír,1998,1
Saír,1999,1
Saír,2000,1
Saír,2001,1
Saír,2002,1
Saír,2003,1
Saír,2004,0
Saír,2005,0
Saír,2006,0
Saír,2007,0
Saír,2008,0
Saír,2009,0
Saír,2010,0
Saír,2011,0
Saír,2012,0
Saír,2013,0
Saír,2014,0
Saír,2015,0
Saír,2016,0
Saír,2017,0
Saír,2018,0
Saír,2019,0
Saír,2020,0
Saír,2021,0
Saír,2022,0
Saír,2023,0
Saír,2024,0
Zimbabwe,1998,0
Zimbabwe,1999,0
Zimbabwe,2000,0
Zimbabwe,2001,0
Zimbabwe,2002,0
Zimbabwe,2003,0
Zimbabwe,2004,0
Zimbabwe,2005,0
Zimbabwe,2006,0
Zimbabwe,2007,1
Zimbabwe,2008,1
Zimbabwe,2009,0
Zimbabwe,2010,0
Zimbabwe,2011,0
Zimbabwe,2012,0
Zimbabwe,2013,0
Zimbabwe,2014,0
Zimbabwe,2015,0
Zimbabwe,2016,1
Zimbabwe,2017,1
Zimbabwe,2018,1
Zimbabwe,2019,1
Zimbabwe,2020,4
Zimbabwe,2021,4
Zimbabwe,2022,4
Zimbabwe,2023,5
Zimbabwe,2024,7
Afganistan,1998,0
Afganistan,1999,0
Afganistan,2000,0
Afganistan,2001,0
Afganistan,2002,3
Afganistan,2003,3
Afganistan,2004,3
Afganistan,2005,3
Afganistan,2006,3
Afganistan,2007,3
Afganistan,2008,3
Afganistan,2009,0
Afganistan,2010,1
Afganistan,2011,3
Afganistan,2012,2
Afganistan,2013,3
Afganistan,2014,4
Afganistan,2015,7
Afganistan,2016,8
Afganistan,2017,15
Afganistan,2018,36
Afganistan,2019,52
Afganistan,2020,85
Afganistan,2021,112
Afganistan,2022,133
Afganistan,2023,191
Afganistan,2024,221
Armenía,1998,0
Armenía,1999,1
Armenía,2000,1
Armenía,2001,1
Armenía,2002,1
Armenía,2003,1
Armenía,2004,1
Armenía,2005,1
Armenía,2006,1
Armenía,2007,1
Armenía,2008,1
Armenía,2009,1
Armenía,2010,0
Armenía,2011,0
Armenía,2012,0
Armenía,2013,0
Armenía,2014,0
Armenía,2015,2
Armenía,2016,2
Armenía,2017,2
Armenía,2018,1
Armenía,2019,2
Armenía,2020,2
Armenía,2021,2
Armenía,2022,1
Armenía,2023,1
Armenía,2024,1
Azerbaijan,1998,0
Azerbaijan,1999,0
Azerbaijan,2000,0
Azerbaijan,2001,0
Azerbaijan,2002,1
Azerbaijan,2003,1
Azerbaijan,2004,1
Azerbaijan,2005,2
Azerbaijan,2006,1
Azerbaijan,2007,1
Azerbaijan,2008,1
Azerbaijan,2009,1
Azerbaijan,2010,1
Azerbaijan,2011,1
Azerbaijan,2012,1
Azerbaijan,2013,0
Azerbaijan,2014,0
Azerbaijan,2015,0
Azerbaijan,2016,0
Azerbaijan,2017,3
Azerbaijan,2018,3
Azerbaijan,2019,4
Azerbaijan,2020,6
Azerbaijan,2021,6
Azerbaijan,2022,6
Azerbaijan,2023,6
Azerbaijan,2024,7
Bangladesh,1998,0
Bangladesh,1999,0
Bangladesh,2000,0
Bangladesh,2001,0
Bangladesh,2002,0
Bangladesh,2003,0
Bangladesh,2004,0
Bangladesh,2005,0
Bangladesh,2006,0
Bangladesh,2007,0
Bangladesh,2008,1
Bangladesh,2009,1
Bangladesh,2010,0
Bangladesh,2011,2
Bangladesh,2012,2
Bangladesh,2013,3
Bangladesh,2014,5
Bangladesh,2015,4
Bangladesh,2016,3
Bangladesh,2017,2
Bangladesh,2018,2
Bangladesh,2019,6
Bangladesh,2020,17
Bangladesh,2021,4
Bangladesh,2022,6
Bangladesh,2023,10
Bangladesh,2024,11
Kína,1998,37
Kína,1999,43
Kína,2000,51
Kína,2001,64
Kína,2002,62
Kína,2003,70
Kína,2004,83
Kína,2005,132
Kína,2006,470
Kína,2007,620
Kína,2008,259
Kína,2009,105
Kína,2010,106
Kína,2011,118
Kína,2012,84
Kína,2013,75
Kína,2014,77
Kína,2015,77
Kína,2016,87
Kína,2017,90
Kína,2018,104
Kína,2019,121
Kína,2020,125
Kína,2021,123
Kína,2022,135
Kína,2023,138
Kína,2024,141
Georgía,1998,0
Georgía,1999,1
Georgía,2000,2
Georgía,2001,4
Georgía,2002,7
Georgía,2003,7
Georgía,2004,8
Georgía,2005,6
Georgía,2006,5
Georgía,2007,5
Georgía,2008,6
Georgía,2009,3
Georgía,2010,2
Georgía,2011,1
Georgía,2012,0
Georgía,2013,0
Georgía,2014,1
Georgía,2015,0
Georgía,2016,2
Georgía,2017,3
Georgía,2018,11
Georgía,2019,18
Georgía,2020,22
Georgía,2021,27
Georgía,2022,35
Georgía,2023,48
Georgía,2024,59
Indónesía,1998,3
Indónesía,1999,2
Indónesía,2000,2
Indónesía,2001,4
Indónesía,2002,6
Indónesía,2003,7
Indónesía,2004,5
Indónesía,2005,7
Indónesía,2006,5
Indónesía,2007,41
Indónesía,2008,47
Indónesía,2009,11
Indónesía,2010,9
Indónesía,2011,6
Indónesía,2012,5
Indónesía,2013,8
Indónesía,2014,7
Indónesía,2015,6
Indónesía,2016,8
Indónesía,2017,7
Indónesía,2018,8
Indónesía,2019,7
Indónesía,2020,14
Indónesía,2021,15
Indónesía,2022,16
Indónesía,2023,14
Indónesía,2024,18
Ísrael,1998,3
Ísrael,1999,3
Ísrael,2000,2
Ísrael,2001,3
Ísrael,2002,4
Ísrael,2003,5
Ísrael,2004,5
Ísrael,2005,4
Ísrael,2006,5
Ísrael,2007,7
Ísrael,2008,7
Ísrael,2009,6
Ísrael,2010,6
Ísrael,2011,6
Ísrael,2012,3
Ísrael,2013,6
Ísrael,2014,6
Ísrael,2015,5
Ísrael,2016,7
Ísrael,2017,8
Ísrael,2018,6
Ísrael,2019,7
Ísrael,2020,3
Ísrael,2021,3
Ísrael,2022,3
Ísrael,2023,6
Ísrael,2024,10
Indland,1998,13
Indland,1999,13
Indland,2000,12
Indland,2001,23
Indland,2002,27
Indland,2003,27
Indland,2004,30
Indland,2005,31
Indland,2006,42
Indland,2007,68
Indland,2008,83
Indland,2009,78
Indland,2010,48
Indland,2011,44
Indland,2012,48
Indland,2013,50
Indland,2014,53
Indland,2015,58
Indland,2016,53
Indland,2017,59
Indland,2018,59
Indland,2019,66
Indland,2020,73
Indland,2021,103
Indland,2022,156
Indland,2023,232
Indland,2024,278
Írak,1998,3
Írak,1999,4
Írak,2000,6
Írak,2001,7
Írak,2002,7
Írak,2003,6
Írak,2004,6
Írak,2005,5
Írak,2006,4
Írak,2007,4
Írak,2008,6
Írak,2009,8
Írak,2010,6
Írak,2011,6
Írak,2012,5
Írak,2013,10
Írak,2014,9
Írak,2015,6
Írak,2016,6
Írak,2017,27
Írak,2018,56
Írak,2019,100
Írak,2020,133
Írak,2021,205
Írak,2022,218
Írak,2023,244
Írak,2024,259
Íran,1998,5
Íran,1999,5
Íran,2000,7
Íran,2001,6
Íran,2002,2
Íran,2003,3
Íran,2004,6
Íran,2005,6
Íran,2006,4
Íran,2007,6
Íran,2008,10
Íran,2009,7
Íran,2010,5
Íran,2011,8
Íran,2012,14
Íran,2013,17
Íran,2014,19
Íran,2015,18
Íran,2016,24
Íran,2017,40
Íran,2018,42
Íran,2019,64
Íran,2020,87
Íran,2021,99
Íran,2022,101
Íran,2023,113
Íran,2024,126
Jórdanía,1998,3
Jórdanía,1999,3
Jórdanía,2000,6
Jórdanía,2001,5
Jórdanía,2002,4
Jórdanía,2003,6
Jórdanía,2004,6
Jórdanía,2005,5
Jórdanía,2006,5
Jórdanía,2007,2
Jórdanía,2008,4
Jórdanía,2009,2
Jórdanía,2010,2
Jórdanía,2011,2
Jórdanía,2012,1
Jórdanía,2013,2
Jórdanía,2014,1
Jórdanía,2015,1
Jórdanía,2016,1
Jórdanía,2017,2
Jórdanía,2018,2
Jórdanía,2019,2
Jórdanía,2020,4
Jórdanía,2021,5
Jórdanía,2022,6
Jórdanía,2023,4
Jórdanía,2024,4
Japan,1998,5
Japan,1999,6
Japan,2000,5
Japan,2001,6
Japan,2002,9
Japan,2003,9
Japan,2004,9
Japan,2005,10
Japan,2006,12
Japan,2007,12
Japan,2008,14
Japan,2009,13
Japan,2010,12
Japan,2011,11
Japan,2012,18
Japan,2013,15
Japan,2014,12
Japan,2015,18
Japan,2016,20
Japan,2017,15
Japan,2018,24
Japan,2019,9
Japan,2020,14
Japan,2021,11
Japan,2022,11
Japan,2023,13
Japan,2024,17
Kyrgyzstan,1998,0
Kyrgyzstan,1999,0
Kyrgyzstan,2000,0
Kyrgyzstan,2001,0
Kyrgyzstan,2002,0
Kyrgyzstan,2003,0
Kyrgyzstan,2004,0
Kyrgyzstan,2005,0
Kyrgyzstan,2006,0
Kyrgyzstan,2007,0
Kyrgyzstan,2008,0
Kyrgyzstan,2009,0
Kyrgyzstan,2010,0
Kyrgyzstan,2011,0
Kyrgyzstan,2012,0
Kyrgyzstan,2013,0
Kyrgyzstan,2014,0
Kyrgyzstan,2015,0
Kyrgyzstan,2016,0
Kyrgyzstan,2017,0
Kyrgyzstan,2018,0
Kyrgyzstan,2019,1
Kyrgyzstan,2020,1
Kyrgyzstan,2021,3
Kyrgyzstan,2022,3
Kyrgyzstan,2023,5
Kyrgyzstan,2024,5
Kambódía,1998,0
Kambódía,1999,0
Kambódía,2000,0
Kambódía,2001,0
Kambódía,2002,0
Kambódía,2003,1
Kambódía,2004,1
Kambódía,2005,1
Kambódía,2006,1
Kambódía,2007,1
Kambódía,2008,2
Kambódía,2009,1
Kambódía,2010,1
Kambódía,2011,0
Kambódía,2012,0
Kambódía,2013,0
Kambódía,2014,0
Kambódía,2015,0
Kambódía,2016,0
Kambódía,2017,0
Kambódía,2018,0
Kambódía,2019,0
Kambódía,2020,0
Kambódía,2021,0
Kambódía,2022,0
Kambódía,2023,0
Kambódía,2024,1
"Kórea, Norður-",1998,0
"Kórea, Norður-",1999,0
"Kórea, Norður-",2000,0
"Kórea, Norður-",2001,0
"Kórea, Norður-",2002,0
"Kórea, Norður-",2003,0
"Kórea, Norður-",2004,0
"Kórea, Norður-",2005,0
"Kórea, Norður-",2006,0
"Kórea, Norður-",2007,0
"Kórea, Norður-",2008,0
"Kórea, Norður-",2009,0
"Kórea, Norður-",2010,2
"Kórea, Norður-",2011,0
"Kórea, Norður-",2012,0
"Kórea, Norður-",2013,0
"Kórea, Norður-",2014,0
"Kórea, Norður-",2015,0
"Kórea, Norður-",2016,0
"Kórea, Norður-",2017,0
"Kórea, Norður-",2018,0
"Kórea, Norður-",2019,0
"Kórea, Norður-",2020,0
"Kórea, Norður-",2021,0
"Kórea, Norður-",2022,0
"Kórea, Norður-",2023,0
"Kórea, Norður-",2024,0
"Kórea, Suður-",1998,2
"Kórea, Suður-",1999,2
"Kórea, Suður-",2000,4
"Kórea, Suður-",2001,4
"Kórea, Suður-",2002,2
"Kórea, Suður-",2003,1
"Kórea, Suður-",2004,1
"Kórea, Suður-",2005,1
"Kórea, Suður-",2006,1
"Kórea, Suður-",2007,1
"Kórea, Suður-",2008,1
"Kórea, Suður-",2009,2
"Kórea, Suður-",2010,3
"Kórea, Suður-",2011,1
"Kórea, Suður-",2012,2
"Kórea, Suður-",2013,1
"Kórea, Suður-",2014,2
"Kórea, Suður-",2015,1
"Kórea, Suður-",2016,1
"Kórea, Suður-",2017,1
"Kórea, Suður-",2018,1
"Kórea, Suður-",2019,3
"Kórea, Suður-",2020,4
"Kórea, Suður-",2021,4
"Kórea, Suður-",2022,5
"Kórea, Suður-",2023,3
"Kórea, Suður-",2024,4
Kasakstan,1998,2
Kasakstan,1999,0
Kasakstan,2000,0
Kasakstan,2001,0
Kasakstan,2002,0
Kasakstan,2003,0
Kasakstan,2004,0
Kasakstan,2005,0
Kasakstan,2006,0
Kasakstan,2007,0
Kasakstan,2008,0
Kasakstan,2009,0
Kasakstan,2010,1
Kasakstan,2011,1
Kasakstan,2012,1
Kasakstan,2013,1
Kasakstan,2014,1
Kasakstan,2015,1
Kasakstan,2016,1
Kasakstan,2017,3
Kasakstan,2018,3
Kasakstan,2019,3
Kasakstan,2020,3
Kasakstan,2021,3
Kasakstan,2022,3
Kasakstan,2023,4
Kasakstan,2024,7
Laos,1998,0
Laos,1999,0
Laos,2000,0
Laos,2001,0
Laos,2002,0
Laos,2003,0
Laos,2004,0
Laos,2005,0
Laos,2006,0
Laos,2007,0
Laos,2008,0
Laos,2009,0
Laos,2010,0
Laos,2011,0
Laos,2012,0
Laos,2013,0
Laos,2014,0
Laos,2015,0
Laos,2016,0
Laos,2017,0
Laos,2018,0
Laos,2019,0
Laos,2020,0
Laos,2021,0
Laos,2022,0
Laos,2023,0
Laos,2024,0
Líbanon,1998,2
Líbanon,1999,4
Líbanon,2000,2
Líbanon,2001,3
Líbanon,2002,3
Líbanon,2003,2
Líbanon,2004,2
Líbanon,2005,2
Líbanon,2006,1
Líbanon,2007,2
Líbanon,2008,3
Líbanon,2009,3
Líbanon,2010,1
Líbanon,2011,0
Líbanon,2012,0
Líbanon,2013,0
Líbanon,2014,1
Líbanon,2015,1
Líbanon,2016,3
Líbanon,2017,2
Líbanon,2018,3
Líbanon,2019,5
Líbanon,2020,5
Líbanon,2021,8
Líbanon,2022,7
Líbanon,2023,7
Líbanon,2024,8
Srí Lanka,1998,3
Srí Lanka,1999,3
Srí Lanka,2000,3
Srí Lanka,2001,9
Srí Lanka,2002,12
Srí Lanka,2003,11
Srí Lanka,2004,17
Srí Lanka,2005,16
Srí Lanka,2006,19
Srí Lanka,2007,22
Srí Lanka,2008,33
Srí Lanka,2009,35
Srí Lanka,2010,35
Srí Lanka,2011,34
Srí Lanka,2012,34
Srí Lanka,2013,38
Srí Lanka,2014,37
Srí Lanka,2015,36
Srí Lanka,2016,30
Srí Lanka,2017,29
Srí Lanka,2018,27
Srí Lanka,2019,28
Srí Lanka,2020,25
Srí Lanka,2021,29
Srí Lanka,2022,31
Srí Lanka,2023,34
Srí Lanka,2024,33
Myanmar,1998,0
Myanmar,1999,0
Myanmar,2000,0
Myanmar,2001,0
Myanmar,2002,0
Myanmar,2003,0
Myanmar,2004,0
Myanmar,2005,0
Myanmar,2006,0
Myanmar,2007,0
Myanmar,2008,1
Myanmar,2009,0
Myanmar,2010,0
Myanmar,2011,0
Myanmar,2012,0
Myanmar,2013,0
Myanmar,2014,0
Myanmar,2015,0
Myanmar,2016,0
Myanmar,2017,0
Myanmar,2018,0
Myanmar,2019,1
Myanmar,2020,1
Myanmar,2021,2
Myanmar,2022,2
Myanmar,2023,1
Myanmar,2024,1
Mongólía,1998,3
Mongólía,1999,7
Mongólía,2000,8
Mongólía,2001,6
Mongólía,2002,4
Mongólía,2003,7
Mongólía,2004,10
Mongólía,2005,12
Mongólía,2006,12
Mongólía,2007,13
Mongólía,2008,12
Mongólía,2009,13
Mongólía,2010,12
Mongólía,2011,9
Mongólía,2012,9
Mongólía,2013,8
Mongólía,2014,7
Mongólía,2015,7
Mongólía,2016,7
Mongólía,2017,7
Mongólía,2018,7
Mongólía,2019,8
Mongólía,2020,7
Mongólía,2021,7
Mongólía,2022,6
Mongólía,2023,6
Mongólía,2024,6
Maldívur,1998,0
Maldívur,1999,0
Maldívur,2000,0
Maldívur,2001,0
Maldívur,2002,0
Maldívur,2003,0
Maldívur,2004,0
Maldívur,2005,0
Maldívur,2006,0
Maldívur,2007,0
Maldívur,2008,0
Maldívur,2009,0
Maldívur,2010,0
Maldívur,2011,0
Maldívur,2012,0
Maldívur,2013,0
Maldívur,2014,0
Maldívur,2015,0
Maldívur,2016,0
Maldívur,2017,0
Maldívur,2018,0
Maldívur,2019,0
Maldívur,2020,1
Maldívur,2021,1
Maldívur,2022,1
Maldívur,2023,1
Maldívur,2024,1
Malasía,1998,3
Malasía,1999,4
Malasía,2000,6
Malasía,2001,5
Malasía,2002,6
Malasía,2003,6
Malasía,2004,7
Malasía,2005,7
Malasía,2006,9
Malasía,2007,11
Malasía,2008,13
Malasía,2009,13
Malasía,2010,11
Malasía,2011,13
Malasía,2012,10
Malasía,2013,10
Malasía,2014,9
Malasía,2015,9
Malasía,2016,10
Malasía,2017,10
Malasía,2018,10
Malasía,2019,10
Malasía,2020,9
Malasía,2021,8
Malasía,2022,11
Malasía,2023,14
Malasía,2024,17
Nepal,1998,2
Nepal,1999,3
Nepal,2000,9
Nepal,2001,12
Nepal,2002,17
Nepal,2003,25
Nepal,2004,27
Nepal,2005,34
Nepal,2006,46
Nepal,2007,43
Nepal,2008,37
Nepal,2009,34
Nepal,2010,25
Nepal,2011,24
Nepal,2012,20
Nepal,2013,17
Nepal,2014,15
Nepal,2015,14
Nepal,2016,11
Nepal,2017,16
Nepal,2018,17
Nepal,2019,18
Nepal,2020,19
Nepal,2021,14
Nepal,2022,14
Nepal,2023,22
Nepal,2024,22
Óman,1998,0
Óman,1999,0
Óman,2000,0
Óman,2001,0
Óman,2002,0
Óman,2003,0
Óman,2004,0
Óman,2005,0
Óman,2006,0
Óman,2007,0
Óman,2008,0
Óman,2009,0
Óman,2010,0
Óman,2011,2
Óman,2012,0
Óman,2013,0
Óman,2014,0
Óman,2015,0
Óman,2016,0
Óman,2017,0
Óman,2018,0
Óman,2019,0
Óman,2020,1
Óman,2021,1
Óman,2022,1
Óman,2023,1
Óman,2024,1
Filippseyjar,1998,50
Filippseyjar,1999,67
Filippseyjar,2000,92
Filippseyjar,2001,152
Filippseyjar,2002,194
Filippseyjar,2003,223
Filippseyjar,2004,232
Filippseyjar,2005,251
Filippseyjar,2006,311
Filippseyjar,2007,340
Filippseyjar,2008,315
Filippseyjar,2009,291
Filippseyjar,2010,248
Filippseyjar,2011,241
Filippseyjar,2012,254
Filippseyjar,2013,244
Filippseyjar,2014,240
Filippseyjar,2015,241
Filippseyjar,2016,220
Filippseyjar,2017,228
Filippseyjar,2018,262
Filippseyjar,2019,335
Filippseyjar,2020,353
Filippseyjar,2021,393
Filippseyjar,2022,408
Filippseyjar,2023,449
Filippseyjar,2024,516
Pakistan,1998,2
Pakistan,1999,5
Pakistan,2000,5
Pakistan,2001,6
Pakistan,2002,7
Pakistan,2003,9
Pakistan,2004,13
Pakistan,2005,22
Pakistan,2006,70
Pakistan,2007,95
Pakistan,2008,48
Pakistan,2009,10
Pakistan,2010,5
Pakistan,2011,5
Pakistan,2012,5
Pakistan,2013,6
Pakistan,2014,7
Pakistan,2015,6
Pakistan,2016,13
Pakistan,2017,20
Pakistan,2018,35
Pakistan,2019,45
Pakistan,2020,49
Pakistan,2021,56
Pakistan,2022,67
Pakistan,2023,64
Pakistan,2024,96
Palestína,1998,0
Palestína,1999,0
Palestína,2000,0
Palestína,2001,0
Palestína,2002,0
Palestína,2003,0
Palestína,2004,0
Palestína,2005,0
Palestína,2006,0
Palestína,2007,0
Palestína,2008,0
Palestína,2009,0
Palestína,2010,0
Palestína,2011,1
Palestína,2012,0
Palestína,2013,1
Palestína,2014,1
Palestína,2015,1
Palestína,2016,6
Palestína,2017,12
Palestína,2018,16
Palestína,2019,19
Palestína,2020,35
Palestína,2021,69
Palestína,2022,115
Palestína,2023,231
Palestína,2024,371
Sádi-Arabía,1998,0
Sádi-Arabía,1999,0
Sádi-Arabía,2000,0
Sádi-Arabía,2001,0
Sádi-Arabía,2002,0
Sádi-Arabía,2003,0
Sádi-Arabía,2004,0
Sádi-Arabía,2005,0
Sádi-Arabía,2006,0
Sádi-Arabía,2007,0
Sádi-Arabía,2008,0
Sádi-Arabía,2009,0
Sádi-Arabía,2010,0
Sádi-Arabía,2011,0
Sádi-Arabía,2012,0
Sádi-Arabía,2013,0
Sádi-Arabía,2014,0
Sádi-Arabía,2015,0
Sádi-Arabía,2016,0
Sádi-Arabía,2017,0
Sádi-Arabía,2018,0
Sádi-Arabía,2019,0
Sádi-Arabía,2020,0
Sádi-Arabía,2021,0
Sádi-Arabía,2022,0
Sádi-Arabía,2023,0
Sádi-Arabía,2024,0
Singapore,1998,1
Singapore,1999,2
Singapore,2000,2
Singapore,2001,2
Singapore,2002,2
Singapore,2003,0
Singapore,2004,0
Singapore,2005,0
Singapore,2006,1
Singapore,2007,1
Singapore,2008,1
Singapore,2009,0
Singapore,2010,0
Singapore,2011,0
Singapore,2012,0
Singapore,2013,1
Singapore,2014,1
Singapore,2015,0
Singapore,2016,1
Singapore,2017,1
Singapore,2018,0
Singapore,2019,2
Singapore,2020,1
Singapore,2021,2
Singapore,2022,3
Singapore,2023,4
Singapore,2024,1
Sýrland,1998,2
Sýrland,1999,2
Sýrland,2000,2
Sýrland,2001,7
Sýrland,2002,7
Sýrland,2003,7
Sýrland,2004,7
Sýrland,2005,5
Sýrland,2006,4
Sýrland,2007,5
Sýrland,2008,6
Sýrland,2009,4
Sýrland,2010,3
Sýrland,2011,2
Sýrland,2012,4
Sýrland,2013,5
Sýrland,2014,11
Sýrland,2015,11
Sýrland,2016,25
Sýrland,2017,79
Sýrland,2018,124
Sýrland,2019,126
Sýrland,2020,176
Sýrland,2021,201
Sýrland,2022,232
Sýrland,2023,276
Sýrland,2024,327
Thailand,1998,63
Thailand,1999,76
Thailand,2000,99
Thailand,2001,116
Thailand,2002,135
Thailand,2003,142
Thailand,2004,148
Thailand,2005,157
Thailand,2006,177
Thailand,2007,180
Thailand,2008,179
Thailand,2009,188
Thailand,2010,173
Thailand,2011,163
Thailand,2012,156
Thailand,2013,161
Thailand,2014,159
Thailand,2015,156
Thailand,2016,151
Thailand,2017,152
Thailand,2018,159
Thailand,2019,164
Thailand,2020,168
Thailand,2021,167
Thailand,2022,166
Thailand,2023,172
Thailand,2024,170
Tadsíkistan,1998,0
Tadsíkistan,1999,0
Tadsíkistan,2000,0
Tadsíkistan,2001,0
Tadsíkistan,2002,0
Tadsíkistan,2003,0
Tadsíkistan,2004,0
Tadsíkistan,2005,0
Tadsíkistan,2006,0
Tadsíkistan,2007,0
Tadsíkistan,2008,0
Tadsíkistan,2009,0
Tadsíkistan,2010,0
Tadsíkistan,2011,0
Tadsíkistan,2012,0
Tadsíkistan,2013,0
Tadsíkistan,2014,0
Tadsíkistan,2015,0
Tadsíkistan,2016,0
Tadsíkistan,2017,1
Tadsíkistan,2018,1
Tadsíkistan,2019,1
Tadsíkistan,2020,2
Tadsíkistan,2021,3
Tadsíkistan,2022,5
Tadsíkistan,2023,5
Tadsíkistan,2024,7
Tímor-Leste,1998,0
Tímor-Leste,1999,0
Tímor-Leste,2000,0
Tímor-Leste,2001,0
Tímor-Leste,2002,0
Tímor-Leste,2003,0
Tímor-Leste,2004,0
Tímor-Leste,2005,0
Tímor-Leste,2006,0
Tímor-Leste,2007,0
Tímor-Leste,2008,0
Tímor-Leste,2009,0
Tímor-Leste,2010,0
Tímor-Leste,2011,0
Tímor-Leste,2012,0
Tímor-Leste,2013,0
Tímor-Leste,2014,0
Tímor-Leste,2015,1
Tímor-Leste,2016,0
Tímor-Leste,2017,0
Tímor-Leste,2018,0
Tímor-Leste,2019,0
Tímor-Leste,2020,0
Tímor-Leste,2021,0
Tímor-Leste,2022,0
Tímor-Leste,2023,0
Tímor-Leste,2024,0
Túrkmenistan,1998,0
Túrkmenistan,1999,0
Túrkmenistan,2000,0
Túrkmenistan,2001,0
Túrkmenistan,2002,0
Túrkmenistan,2003,0
Túrkmenistan,2004,0
Túrkmenistan,2005,0
Túrkmenistan,2006,0
Túrkmenistan,2007,0
Túrkmenistan,2008,0
Túrkmenistan,2009,0
Túrkmenistan,2010,0
Túrkmenistan,2011,0
Túrkmenistan,2012,0
Túrkmenistan,2013,0
Túrkmenistan,2014,0
Túrkmenistan,2015,0
Túrkmenistan,2016,0
Túrkmenistan,2017,0
Túrkmenistan,2018,0
Túrkmenistan,2019,0
Túrkmenistan,2020,0
Túrkmenistan,2021,0
Túrkmenistan,2022,0
Túrkmenistan,2023,0
Túrkmenistan,2024,1
Tyrkland,1998,4
Tyrkland,1999,4
Tyrkland,2000,7
Tyrkland,2001,9
Tyrkland,2002,14
Tyrkland,2003,14
Tyrkland,2004,20
Tyrkland,2005,20
Tyrkland,2006,23
Tyrkland,2007,21
Tyrkland,2008,18
Tyrkland,2009,19
Tyrkland,2010,19
Tyrkland,2011,20
Tyrkland,2012,19
Tyrkland,2013,19
Tyrkland,2014,17
Tyrkland,2015,16
Tyrkland,2016,17
Tyrkland,2017,16
Tyrkland,2018,20
Tyrkland,2019,24
Tyrkland,2020,27
Tyrkland,2021,38
Tyrkland,2022,34
Tyrkland,2023,38
Tyrkland,2024,54
Taiwan,1998,0
Taiwan,1999,0
Taiwan,2000,0
Taiwan,2001,0
Taiwan,2002,0
Taiwan,2003,0
Taiwan,2004,0
Taiwan,2005,0
Taiwan,2006,0
Taiwan,2007,0
Taiwan,2008,0
Taiwan,2009,0
Taiwan,2010,0
Taiwan,2011,2
Taiwan,2012,0
Taiwan,2013,0
Taiwan,2014,0
Taiwan,2015,0
Taiwan,2016,0
Taiwan,2017,0
Taiwan,2018,0
Taiwan,2019,0
Taiwan,2020,0
Taiwan,2021,0
Taiwan,2022,0
Taiwan,2023,0
Taiwan,2024,0
Úsbekistan,1998,0
Úsbekistan,1999,0
Úsbekistan,2000,0
Úsbekistan,2001,0
Úsbekistan,2002,0
Úsbekistan,2003,0
Úsbekistan,2004,0
Úsbekistan,2005,1
Úsbekistan,2006,1
Úsbekistan,2007,0
Úsbekistan,2008,0
Úsbekistan,2009,1
Úsbekistan,2010,1
Úsbekistan,2011,1
Úsbekistan,2012,1
Úsbekistan,2013,2
Úsbekistan,2014,2
Úsbekistan,2015,2
Úsbekistan,2016,2
Úsbekistan,2017,1
Úsbekistan,2018,2
Úsbekistan,2019,3
Úsbekistan,2020,0
Úsbekistan,2021,0
Úsbekistan,2022,0
Úsbekistan,2023,0
Úsbekistan,2024,1
Víetnam,1998,15
Víetnam,1999,21
Víetnam,2000,29
Víetnam,2001,59
Víetnam,2002,79
Víetnam,2003,94
Víetnam,2004,102
Víetnam,2005,109
Víetnam,2006,119
Víetnam,2007,121
Víetnam,2008,127
Víetnam,2009,122
Víetnam,2010,102
Víetnam,2011,103
Víetnam,2012,105
Víetnam,2013,111
Víetnam,2014,103
Víetnam,2015,111
Víetnam,2016,117
Víetnam,2017,122
Víetnam,2018,147
Víetnam,2019,163
Víetnam,2020,181
Víetnam,2021,222
Víetnam,2022,236
Víetnam,2023,292
Víetnam,2024,487
Jemen,1998,0
Jemen,1999,0
Jemen,2000,0
Jemen,2001,0
Jemen,2002,0
Jemen,2003,0
Jemen,2004,0
Jemen,2005,0
Jemen,2006,0
Jemen,2007,0
Jemen,2008,0
Jemen,2009,0
Jemen,2010,0
Jemen,2011,0
Jemen,2012,0
Jemen,2013,0
Jemen,2014,0
Jemen,2015,0
Jemen,2016,0
Jemen,2017,1
Jemen,2018,0
Jemen,2019,2
Jemen,2020,4
Jemen,2021,9
Jemen,2022,14
Jemen,2023,17
Jemen,2024,23
Ástralía,1998,3
Ástralía,1999,6
Ástralía,2000,11
Ástralía,2001,13
Ástralía,2002,16
Ástralía,2003,15
Ástralía,2004,15
Ástralía,2005,16
Ástralía,2006,29
Ástralía,2007,38
Ástralía,2008,43
Ástralía,2009,24
Ástralía,2010,19
Ástralía,2011,16
Ástralía,2012,22
Ástralía,2013,28
Ástralía,2014,25
Ástralía,2015,24
Ástralía,2016,26
Ástralía,2017,23
Ástralía,2018,28
Ástralía,2019,27
Ástralía,2020,26
Ástralía,2021,27
Ástralía,2022,37
Ástralía,2023,36
Ástralía,2024,36
Fiji,1998,0
Fiji,1999,0
Fiji,2000,0
Fiji,2001,0
Fiji,2002,0
Fiji,2003,0
Fiji,2004,0
Fiji,2005,0
Fiji,2006,0
Fiji,2007,0
Fiji,2008,0
Fiji,2009,0
Fiji,2010,0
Fiji,2011,0
Fiji,2012,0
Fiji,2013,0
Fiji,2014,0
Fiji,2015,0
Fiji,2016,0
Fiji,2017,0
Fiji,2018,0
Fiji,2019,0
Fiji,2020,0
Fiji,2021,0
Fiji,2022,0
Fiji,2023,0
Fiji,2024,1
Naúrú,1998,0
Naúrú,1999,0
Naúrú,2000,0
Naúrú,2001,0
Naúrú,2002,0
Naúrú,2003,0
Naúrú,2004,0
Naúrú,2005,0
Naúrú,2006,0
Naúrú,2007,0
Naúrú,2008,0
Naúrú,2009,0
Naúrú,2010,0
Naúrú,2011,0
Naúrú,2012,0
Naúrú,2013,0
Naúrú,2014,0
Naúrú,2015,0
Naúrú,2016,0
Naúrú,2017,0
Naúrú,2018,0
Naúrú,2019,0
Naúrú,2020,0
Naúrú,2021,0
Naúrú,2022,0
Naúrú,2023,0
Naúrú,2024,0
Nýja-Sjáland,1998,3
Nýja-Sjáland,1999,3
Nýja-Sjáland,2000,3
Nýja-Sjáland,2001,6
Nýja-Sjáland,2002,7
Nýja-Sjáland,2003,8
Nýja-Sjáland,2004,10
Nýja-Sjáland,2005,8
Nýja-Sjáland,2006,11
Nýja-Sjáland,2007,23
Nýja-Sjáland,2008,21
Nýja-Sjáland,2009,17
Nýja-Sjáland,2010,12
Nýja-Sjáland,2011,10
Nýja-Sjáland,2012,10
Nýja-Sjáland,2013,10
Nýja-Sjáland,2014,6
Nýja-Sjáland,2015,8
Nýja-Sjáland,2016,11
Nýja-Sjáland,2017,13
Nýja-Sjáland,2018,18
Nýja-Sjáland,2019,20
Nýja-Sjáland,2020,15
Nýja-Sjáland,2021,12
Nýja-Sjáland,2022,12
Nýja-Sjáland,2023,11
Nýja-Sjáland,2024,12
Papúa Nýja-Gínea,1998,0
Papúa Nýja-Gínea,1999,0
Papúa Nýja-Gínea,2000,0
Papúa Nýja-Gínea,2001,0
Papúa Nýja-Gínea,2002,0
Papúa Nýja-Gínea,2003,0
Papúa Nýja-Gínea,2004,0
Papúa Nýja-Gínea,2005,0
Papúa Nýja-Gínea,2006,0
Papúa Nýja-Gínea,2007,0
Papúa Nýja-Gínea,2008,0
Papúa Nýja-Gínea,2009,0
Papúa Nýja-Gínea,2010,0
Papúa Nýja-Gínea,2011,0
Papúa Nýja-Gínea,2012,0
Papúa Nýja-Gínea,2013,0
Papúa Nýja-Gínea,2014,0
Papúa Nýja-Gínea,2015,0
Papúa Nýja-Gínea,2016,0
Papúa Nýja-Gínea,2017,0
Papúa Nýja-Gínea,2018,0
Papúa Nýja-Gínea,2019,1
Papúa Nýja-Gínea,2020,0
Papúa Nýja-Gínea,2021,0
Papúa Nýja-Gínea,2022,2
Papúa Nýja-Gínea,2023,0
Papúa Nýja-Gínea,2024,2
Salómonseyjar,1998,0
Salómonseyjar,1999,0
Salómonseyjar,2000,0
Salómonseyjar,2001,0
Salómonseyjar,2002,0
Salómonseyjar,2003,0
Salómonseyjar,2004,0
Salómonseyjar,2005,0
Salómonseyjar,2006,0
Salómonseyjar,2007,0
Salómonseyjar,2008,0
Salómonseyjar,2009,0
Salómonseyjar,2010,0
Salómonseyjar,2011,0
Salómonseyjar,2012,0
Salómonseyjar,2013,0
Salómonseyjar,2014,0
Salómonseyjar,2015,0
Salómonseyjar,2016,0
Salómonseyjar,2017,0
Salómonseyjar,2018,0
Salómonseyjar,2019,0
Salómonseyjar,2020,0
Salómonseyjar,2021,0
Salómonseyjar,2022,0
Salómonseyjar,2023,0
Salómonseyjar,2024,2
Tonga,1998,0
Tonga,1999,0
Tonga,2000,0
Tonga,2001,0
Tonga,2002,0
Tonga,2003,0
Tonga,2004,0
Tonga,2005,1
Tonga,2006,1
Tonga,2007,1
Tonga,2008,1
Tonga,2009,1
Tonga,2010,0
Tonga,2011,0
Tonga,2012,0
Tonga,2013,0
Tonga,2014,0
Tonga,2015,0
Tonga,2016,0
Tonga,2017,0
Tonga,2018,0
Tonga,2019,0
Tonga,2020,0
Tonga,2021,0
Tonga,2022,0
Tonga,2023,0
Tonga,2024,0
Vanúatú,1998,0
Vanúatú,1999,0
Vanúatú,2000,0
Vanúatú,2001,0
Vanúatú,2002,0
Vanúatú,2003,0
Vanúatú,2004,0
Vanúatú,2005,0
Vanúatú,2006,0
Vanúatú,2007,0
Vanúatú,2008,0
Vanúatú,2009,0
Vanúatú,2010,0
Vanúatú,2011,0
Vanúatú,2012,0
Vanúatú,2013,0
Vanúatú,2014,0
Vanúatú,2015,0
Vanúatú,2016,0
Vanúatú,2017,0
Vanúatú,2018,0
Vanúatú,2019,0
Vanúatú,2020,0
Vanúatú,2021,0
Vanúatú,2022,0
Vanúatú,2023,2
Vanúatú,2024,2
"Útlönd, ótilgreint land",1998,0
"Útlönd, ótilgreint land",1999,0
"Útlönd, ótilgreint land",2000,1
"Útlönd, ótilgreint land",2001,1
"Útlönd, ótilgreint land",2002,1
"Útlönd, ótilgreint land",2003,1
"Útlönd, ótilgreint land",2004,12
"Útlönd, ótilgreint land",2005,15
"Útlönd, ótilgreint land",2006,17
"Útlönd, ótilgreint land",2007,0
"Útlönd, ótilgreint land",2008,0
"Útlönd, ótilgreint land",2009,0
"Útlönd, ótilgreint land",2010,0
"Útlönd, ótilgreint land",2011,0
"Útlönd, ótilgreint land",2012,0
"Útlönd, ótilgreint land",2013,0
"Útlönd, ótilgreint land",2014,0
"Útlönd, ótilgreint land",2015,0
"Útlönd, ótilgreint land",2016,0
"Útlönd, ótilgreint land",2017,0
"Útlönd, ótilgreint land",2018,0
"Útlönd, ótilgreint land",2019,0
"Útlönd, ótilgreint land",2020,0
"Útlönd, ótilgreint land",2021,0
"Útlönd, ótilgreint land",2022,0
"Útlönd, ótilgreint land",2023,0
"Útlönd, ótilgreint land",2024,0
Ríkisfangslaus,1998,2
Ríkisfangslaus,1999,2
Ríkisfangslaus,2000,2
Ríkisfangslaus,2001,2
Ríkisfangslaus,2002,13
Ríkisfangslaus,2003,12
Ríkisfangslaus,2004,13
Ríkisfangslaus,2005,15
Ríkisfangslaus,2006,27
Ríkisfangslaus,2007,47
Ríkisfangslaus,2008,52
Ríkisfangslaus,2009,62
Ríkisfangslaus,2010,54
Ríkisfangslaus,2011,46
Ríkisfangslaus,2012,58
Ríkisfangslaus,2013,62
Ríkisfangslaus,2014,68
Ríkisfangslaus,2015,77
Ríkisfangslaus,2016,74
Ríkisfangslaus,2017,50
Ríkisfangslaus,2018,37
Ríkisfangslaus,2019,28
Ríkisfangslaus,2020,34
Ríkisfangslaus,2021,32
Ríkisfangslaus,2022,27
Ríkisfangslaus,2023,27
Ríkisfangslaus,2024,23
