citizenship,year,n
Iceland,1998,134100
Iceland,1999,135295
Iceland,2000,136507
Iceland,2001,137880
Iceland,2002,138891
Iceland,2003,139601
Iceland,2004,140671
Iceland,2005,141951
Iceland,2006,143586
Iceland,2007,145075
Iceland,2008,146576
Iceland,2009,148056
Iceland,2010,148317
Iceland,2011,146382
Iceland,2012,146963
Iceland,2013,147899
Iceland,2014,148975
Iceland,2015,149809
Iceland,2016,150530
Iceland,2017,151846
Iceland,2018,153301
Iceland,2019,154399
Iceland,2020,155326
Iceland,2021,156986
Iceland,2022,158872
Iceland,2023,159763
Iceland,2024,160623
Denmark,1998,369
Denmark,1999,387
Denmark,2000,373
Denmark,2001,392
Denmark,2002,403
Denmark,2003,378
Denmark,2004,360
Denmark,2005,380
Denmark,2006,392
Denmark,2007,406
Denmark,2008,422
Denmark,2009,421
Denmark,2010,382
Denmark,2011,353
Denmark,2012,353
Denmark,2013,361
Denmark,2014,370
Denmark,2015,377
Denmark,2016,376
Denmark,2017,368
Denmark,2018,392
Denmark,2019,405
Denmark,2020,384
Denmark,2021,378
Denmark,2022,387
Denmark,2023,389
Denmark,2024,402
Finland,1998,27
Finland,1999,33
Finland,2000,27
Finland,2001,23
Finland,2002,37
Finland,2003,26
Finland,2004,23
Finland,2005,21
Finland,2006,24
Finland,2007,35
Finland,2008,35
Finland,2009,33
Finland,2010,30
Finland,2011,23
Finland,2012,23
Finland,2013,17
Finland,2014,22
Finland,2015,27
Finland,2016,29
Finland,2017,37
Finland,2018,34
Finland,2019,39
Finland,2020,32
Finland,2021,31
Finland,2022,39
Finland,2023,47
Finland,2024,44
Norway,1998,101
Norway,1999,109
Norway,2000,112
Norway,2001,117
Norway,2002,113
Norway,2003,113
Norway,2004,129
Norway,2005,114
Norway,2006,119
Norway,2007,117
Norway,2008,118
Norway,2009,117
Norway,2010,102
Norway,2011,83
Norway,2012,82
Norway,2013,81
Norway,2014,98
Norway,2015,107
Norway,2016,98
Norway,2017,106
Norway,2018,119
Norway,2019,132
Norway,2020,121
Norway,2021,118
Norway,2022,134
Norway,2023,125
Norway,2024,128
Sweden,1998,100
Sweden,1999,117
Sweden,2000,130
Sweden,2001,114
Sweden,2002,123
Sweden,2003,106
Sweden,2004,126
Sweden,2005,116
Sweden,2006,129
Sweden,2007,129
Sweden,2008,171
Sweden,2009,156
Sweden,2010,126
Sweden,2011,118
Sweden,2012,105
Sweden,2013,108
Sweden,2014,116
Sweden,2015,128
Sweden,2016,131
Sweden,2017,122
Sweden,2018,155
Sweden,2019,169
Sweden,2020,155
Sweden,2021,142
Sweden,2022,176
Sweden,2023,174
Sweden,2024,192
Austria,1998,19
Austria,1999,18
Austria,2000,16
Austria,2001,18
Austria,2002,21
Austria,2003,18
Austria,2004,17
Austria,2005,21
Austria,2006,25
Austria,2007,33
Austria,2008,39
Austria,2009,37
Austria,2010,38
Austria,2011,24
Austria,2012,17
Austria,2013,18
Austria,2014,29
Austria,2015,33
Austria,2016,35
Austria,2017,36
Austria,2018,42
Austria,2019,38
Austria,2020,37
Austria,2021,36
Austria,2022,43
Austria,2023,42
Austria,2024,50
Belgium,1998,13
Belgium,1999,14
Belgium,2000,17
Belgium,2001,26
Belgium,2002,30
Belgium,2003,31
Belgium,2004,24
Belgium,2005,13
Belgium,2006,16
Belgium,2007,15
Belgium,2008,17
Belgium,2009,23
Belgium,2010,23
Belgium,2011,12
Belgium,2012,9
Belgium,2013,14
Belgium,2014,12
Belgium,2015,20
Belgium,2016,21
Belgium,2017,34
Belgium,2018,45
Belgium,2019,51
Belgium,2020,48
Belgium,2021,46
Belgium,2022,47
Belgium,2023,45
Belgium,2024,49
Bulgaria,1998,12
Bulgaria,1999,14
Bulgaria,2000,20
Bulgaria,2001,29
Bulgaria,2002,31
Bulgaria,2003,36
Bulgaria,2004,36
Bulgaria,2005,37
Bulgaria,2006,49
Bulgaria,2007,54
Bulgaria,2008,55
Bulgaria,2009,51
Bulgaria,2010,41
Bulgaria,2011,38
Bulgaria,2012,35
Bulgaria,2013,44
Bulgaria,2014,62
Bulgaria,2015,84
Bulgaria,2016,107
Bulgaria,2017,146
Bulgaria,2018,176
Bulgaria,2019,218
Bulgaria,2020,245
Bulgaria,2021,239
Bulgaria,2022,239
Bulgaria,2023,266
Bulgaria,2024,261
Cyprus,1998,0
Cyprus,1999,0
Cyprus,2000,0
Cyprus,2001,0
Cyprus,2002,0
Cyprus,2003,0
Cyprus,2004,0
Cyprus,2005,0
Cyprus,2006,0
Cyprus,2007,1
Cyprus,2008,1
Cyprus,2009,1
Cyprus,2010,2
Cyprus,2011,0
Cyprus,2012,0
Cyprus,2013,0
Cyprus,2014,0
Cyprus,2015,0
Cyprus,2016,0
Cyprus,2017,1
Cyprus,2018,3
Cyprus,2019,4
Cyprus,2020,3
Cyprus,2021,5
Cyprus,2022,5
Cyprus,2023,8
Cyprus,2024,8
Czechia,1998,11
Czechia,1999,13
Czechia,2000,26
Czechia,2001,12
Czechia,2002,11
Czechia,2003,13
Czechia,2004,13
Czechia,2005,15
Czechia,2006,18
Czechia,2007,99
Czechia,2008,165
Czechia,2009,182
Czechia,2010,72
Czechia,2011,44
Czechia,2012,52
Czechia,2013,49
Czechia,2014,72
Czechia,2015,111
Czechia,2016,131
Czechia,2017,163
Czechia,2018,245
Czechia,2019,328
Czechia,2020,355
Czechia,2021,324
Czechia,2022,359
Czechia,2023,407
Czechia,2024,475
Germany,1998,88
Germany,1999,91
Germany,2000,97
Germany,2001,139
Germany,2002,167
Germany,2003,182
Germany,2004,168
Germany,2005,166
Germany,2006,344
Germany,2007,452
Germany,2008,503
Germany,2009,474
Germany,2010,383
Germany,2011,274
Germany,2012,256
Germany,2013,241
Germany,2014,261
Germany,2015,291
Germany,2016,310
Germany,2017,345
Germany,2018,396
Germany,2019,398
Germany,2020,385
Germany,2021,422
Germany,2022,446
Germany,2023,480
Germany,2024,498
Estonia,1998,5
Estonia,1999,8
Estonia,2000,8
Estonia,2001,21
Estonia,2002,24
Estonia,2003,21
Estonia,2004,24
Estonia,2005,23
Estonia,2006,25
Estonia,2007,37
Estonia,2008,46
Estonia,2009,57
Estonia,2010,51
Estonia,2011,41
Estonia,2012,38
Estonia,2013,32
Estonia,2014,33
Estonia,2015,32
Estonia,2016,39
Estonia,2017,41
Estonia,2018,50
Estonia,2019,50
Estonia,2020,50
Estonia,2021,68
Estonia,2022,90
Estonia,2023,94
Estonia,2024,142
Spain,1998,43
Spain,1999,52
Spain,2000,52
Spain,2001,59
Spain,2002,64
Spain,2003,73
Spain,2004,68
Spain,2005,60
Spain,2006,70
Spain,2007,74
Spain,2008,85
Spain,2009,102
Spain,2010,107
Spain,2011,110
Spain,2012,87
Spain,2013,98
Spain,2014,160
Spain,2015,227
Spain,2016,257
Spain,2017,330
Spain,2018,427
Spain,2019,470
Spain,2020,556
Spain,2021,555
Spain,2022,648
Spain,2023,780
Spain,2024,854
France,1998,45
France,1999,53
France,2000,63
France,2001,78
France,2002,94
France,2003,80
France,2004,66
France,2005,70
France,2006,82
France,2007,85
France,2008,105
France,2009,130
France,2010,151
France,2011,114
France,2012,111
France,2013,106
France,2014,135
France,2015,162
France,2016,182
France,2017,201
France,2018,245
France,2019,292
France,2020,306
France,2021,313
France,2022,330
France,2023,364
France,2024,389
United Kingdom,1998,185
United Kingdom,1999,198
United Kingdom,2000,216
United Kingdom,2001,246
United Kingdom,2002,277
United Kingdom,2003,260
United Kingdom,2004,234
United Kingdom,2005,215
United Kingdom,2006,248
United Kingdom,2007,287
United Kingdom,2008,324
United Kingdom,2009,372
United Kingdom,2010,379
United Kingdom,2011,339
United Kingdom,2012,355
United Kingdom,2013,360
United Kingdom,2014,385
United Kingdom,2015,402
United Kingdom,2016,440
United Kingdom,2017,502
United Kingdom,2018,540
United Kingdom,2019,586
United Kingdom,2020,648
United Kingdom,2021,667
United Kingdom,2022,619
United Kingdom,2023,630
United Kingdom,2024,619
Greece,1998,3
Greece,1999,6
Greece,2000,5
Greece,2001,4
Greece,2002,6
Greece,2003,6
Greece,2004,6
Greece,2005,5
Greece,2006,6
Greece,2007,8
Greece,2008,9
Greece,2009,5
Greece,2010,7
Greece,2011,8
Greece,2012,10
Greece,2013,13
Greece,2014,17
Greece,2015,19
Greece,2016,28
Greece,2017,44
Greece,2018,84
Greece,2019,122
Greece,2020,142
Greece,2021,150
Greece,2022,199
Greece,2023,271
Greece,2024,364
Hungary,1998,18
Hungary,1999,21
Hungary,2000,22
Hungary,2001,18
Hungary,2002,18
Hungary,2003,19
Hungary,2004,19
Hungary,2005,19
Hungary,2006,21
Hungary,2007,27
Hungary,2008,48
Hungary,2009,99
Hungary,2010,69
Hungary,2011,58
Hungary,2012,54
Hungary,2013,59
Hungary,2014,69
Hungary,2015,85
Hungary,2016,107
Hungary,2017,153
Hungary,2018,235
Hungary,2019,232
Hungary,2020,269
Hungary,2021,275
Hungary,2022,296
Hungary,2023,384
Hungary,2024,429
Ireland,1998,22
Ireland,1999,30
Ireland,2000,24
Ireland,2001,25
Ireland,2002,29
Ireland,2003,26
Ireland,2004,22
Ireland,2005,16
Ireland,2006,20
Ireland,2007,26
Ireland,2008,33
Ireland,2009,38
Ireland,2010,45
Ireland,2011,34
Ireland,2012,40
Ireland,2013,43
Ireland,2014,41
Ireland,2015,38
Ireland,2016,43
Ireland,2017,51
Ireland,2018,55
Ireland,2019,60
Ireland,2020,76
Ireland,2021,91
Ireland,2022,86
Ireland,2023,101
Ireland,2024,106
Italy,1998,19
Italy,1999,21
Italy,2000,25
Italy,2001,44
Italy,2002,53
Italy,2003,62
Italy,2004,67
Italy,2005,183
Italy,2006,233
Italy,2007,242
Italy,2008,185
Italy,2009,159
Italy,2010,112
Italy,2011,90
Italy,2012,71
Italy,2013,82
Italy,2014,101
Italy,2015,118
Italy,2016,137
Italy,2017,161
Italy,2018,213
Italy,2019,246
Italy,2020,277
Italy,2021,295
Italy,2022,403
Italy,2023,483
Italy,2024,525
Lithuania,1998,8
Lithuania,1999,14
Lithuania,2000,28
Lithuania,2001,95
Lithuania,2002,152
Lithuania,2003,183
Lithuania,2004,195
Lithuania,2005,211
Lithuania,2006,335
Lithuania,2007,616
Lithuania,2008,921
Lithuania,2009,1014
Lithuania,2010,879
Lithuania,2011,755
Lithuania,2012,761
Lithuania,2013,765
Lithuania,2014,790
Lithuania,2015,788
Lithuania,2016,887
Lithuania,2017,1324
Lithuania,2018,2002
Lithuania,2019,2375
Lithuania,2020,2466
Lithuania,2021,2389
Lithuania,2022,2491
Lithuania,2023,2753
Lithuania,2024,2960
Luxembourg,1998,0
Luxembourg,1999,1
Luxembourg,2000,1
Luxembourg,2001,2
Luxembourg,2002,2
Luxembourg,2003,2
Luxembourg,2004,1
Luxembourg,2005,1
Luxembourg,2006,1
Luxembourg,2007,2
Luxembourg,2008,2
Luxembourg,2009,3
Luxembourg,2010,3
Luxembourg,2011,2
Luxembourg,2012,3
Luxembourg,2013,3
Luxembourg,2014,3
Luxembourg,2015,3
Luxembourg,2016,3
Luxembourg,2017,4
Luxembourg,2018,6
Luxembourg,2019,5
Luxembourg,2020,6
Luxembourg,2021,6
Luxembourg,2022,8
Luxembourg,2023,8
Luxembourg,2024,9
Latvia,1998,1
Latvia,1999,4
Latvia,2000,7
Latvia,2001,26
Latvia,2002,35
Latvia,2003,41
Latvia,2004,36
Latvia,2005,36
Latvia,2006,95
Latvia,2007,215
Latvia,2008,287
Latvia,2009,366
Latvia,2010,334
Latvia,2011,290
Latvia,2012,298
Latvia,2013,297
Latvia,2014,308
Latvia,2015,325
Latvia,2016,363
Latvia,2017,430
Latvia,2018,840
Latvia,2019,1067
Latvia,2020,1055
Latvia,2021,1107
Latvia,2022,1238
Latvia,2023,1429
Latvia,2024,1564
Malta,1998,0
Malta,1999,0
Malta,2000,0
Malta,2001,0
Malta,2002,0
Malta,2003,0
Malta,2004,0
Malta,2005,0
Malta,2006,0
Malta,2007,0
Malta,2008,3
Malta,2009,3
Malta,2010,2
Malta,2011,1
Malta,2012,1
Malta,2013,2
Malta,2014,3
Malta,2015,7
Malta,2016,5
Malta,2017,5
Malta,2018,6
Malta,2019,8
Malta,2020,8
Malta,2021,9
Malta,2022,14
Malta,2023,13
Malta,2024,11
Netherlands,1998,47
Netherlands,1999,47
Netherlands,2000,55
Netherlands,2001,55
Netherlands,2002,61
Netherlands,2003,65
Netherlands,2004,63
Netherlands,2005,63
Netherlands,2006,64
Netherlands,2007,73
Netherlands,2008,85
Netherlands,2009,87
Netherlands,2010,92
Netherlands,2011,75
Netherlands,2012,74
Netherlands,2013,73
Netherlands,2014,77
Netherlands,2015,81
Netherlands,2016,84
Netherlands,2017,97
Netherlands,2018,111
Netherlands,2019,124
Netherlands,2020,132
Netherlands,2021,129
Netherlands,2022,138
Netherlands,2023,151
Netherlands,2024,165
Poland,1998,287
Poland,1999,432
Poland,2000,510
Poland,2001,697
Poland,2002,826
Poland,2003,909
Poland,2004,947
Poland,2005,987
Poland,2006,2111
Poland,2007,4376
Poland,2008,6840
Poland,2009,6941
Poland,2010,5580
Poland,2011,4538
Poland,2012,4547
Poland,2013,4807
Poland,2014,5267
Poland,2015,5787
Poland,2016,6316
Poland,2017,7684
Poland,2018,9695
Poland,2019,10803
Poland,2020,11013
Poland,2021,10729
Poland,2022,10855
Poland,2023,12235
Poland,2024,13187
Portugal,1998,46
Portugal,1999,48
Portugal,2000,52
Portugal,2001,72
Portugal,2002,75
Portugal,2003,64
Portugal,2004,64
Portugal,2005,311
Portugal,2006,359
Portugal,2007,624
Portugal,2008,778
Portugal,2009,564
Portugal,2010,412
Portugal,2011,278
Portugal,2012,268
Portugal,2013,286
Portugal,2014,319
Portugal,2015,349
Portugal,2016,381
Portugal,2017,478
Portugal,2018,591
Portugal,2019,739
Portugal,2020,768
Portugal,2021,736
Portugal,2022,787
Portugal,2023,942
Portugal,2024,1056
Romania,1998,6
Romania,1999,10
Romania,2000,22
Romania,2001,36
Romania,2002,42
Romania,2003,45
Romania,2004,47
Romania,2005,54
Romania,2006,62
Romania,2007,69
Romania,2008,91
Romania,2009,102
Romania,2010,81
Romania,2011,68
Romania,2012,72
Romania,2013,98
Romania,2014,118
Romania,2015,156
Romania,2016,225
Romania,2017,332
Romania,2018,620
Romania,2019,916
Romania,2020,1151
Romania,2021,1200
Romania,2022,1501
Romania,2023,2052
Romania,2024,2425
Slovenia,1998,3
Slovenia,1999,3
Slovenia,2000,7
Slovenia,2001,6
Slovenia,2002,6
Slovenia,2003,4
Slovenia,2004,4
Slovenia,2005,4
Slovenia,2006,5
Slovenia,2007,46
Slovenia,2008,34
Slovenia,2009,22
Slovenia,2010,16
Slovenia,2011,6
Slovenia,2012,8
Slovenia,2013,7
Slovenia,2014,12
Slovenia,2015,11
Slovenia,2016,11
Slovenia,2017,11
Slovenia,2018,21
Slovenia,2019,28
Slovenia,2020,37
Slovenia,2021,37
Slovenia,2022,38
Slovenia,2023,39
Slovenia,2024,39
Slovakia,1998,6
Slovakia,1999,7
Slovakia,2000,11
Slovakia,2001,12
Slovakia,2002,23
Slovakia,2003,26
Slovakia,2004,34
Slovakia,2005,61
Slovakia,2006,68
Slovakia,2007,169
Slovakia,2008,168
Slovakia,2009,249
Slovakia,2010,164
Slovakia,2011,71
Slovakia,2012,77
Slovakia,2013,79
Slovakia,2014,103
Slovakia,2015,139
Slovakia,2016,143
Slovakia,2017,210
Slovakia,2018,246
Slovakia,2019,257
Slovakia,2020,253
Slovakia,2021,198
Slovakia,2022,239
Slovakia,2023,280
Slovakia,2024,304
Andorra,1998,0
Andorra,1999,0
Andorra,2000,0
Andorra,2001,0
Andorra,2002,0
Andorra,2003,0
Andorra,2004,0
Andorra,2005,0
Andorra,2006,0
Andorra,2007,0
Andorra,2008,0
Andorra,2009,0
Andorra,2010,0
Andorra,2011,0
Andorra,2012,0
Andorra,2013,0
Andorra,2014,0
Andorra,2015,0
Andorra,2016,0
Andorra,2017,0
Andorra,2018,0
Andorra,2019,0
Andorra,2020,1
Andorra,2021,0
Andorra,2022,0
Andorra,2023,0
Andorra,2024,0
Albania,1998,2
Albania,1999,2
Albania,2000,4
Albania,2001,7
Albania,2002,12
Albania,2003,11
Albania,2004,12
Albania,2005,12
Albania,2006,13
Albania,2007,12
Albania,2008,11
Albania,2009,7
Albania,2010,6
Albania,2011,7
Albania,2012,8
Albania,2013,7
Albania,2014,9
Albania,2015,12
Albania,2016,18
Albania,2017,34
Albania,2018,61
Albania,2019,87
Albania,2020,102
Albania,2021,120
Albania,2022,133
Albania,2023,153
Albania,2024,177
Bosnia and Herzegovina,1998,10
Bosnia and Herzegovina,1999,14
Bosnia and Herzegovina,2000,17
Bosnia and Herzegovina,2001,33
Bosnia and Herzegovina,2002,37
Bosnia and Herzegovina,2003,43
Bosnia and Herzegovina,2004,42
Bosnia and Herzegovina,2005,47
Bosnia and Herzegovina,2006,52
Bosnia and Herzegovina,2007,60
Bosnia and Herzegovina,2008,45
Bosnia and Herzegovina,2009,41
Bosnia and Herzegovina,2010,34
Bosnia and Herzegovina,2011,28
Bosnia and Herzegovina,2012,25
Bosnia and Herzegovina,2013,17
Bosnia and Herzegovina,2014,14
Bosnia and Herzegovina,2015,12
Bosnia and Herzegovina,2016,11
Bosnia and Herzegovina,2017,15
Bosnia and Herzegovina,2018,48
Bosnia and Herzegovina,2019,28
Bosnia and Herzegovina,2020,50
Bosnia and Herzegovina,2021,56
Bosnia and Herzegovina,2022,69
Bosnia and Herzegovina,2023,48
Bosnia and Herzegovina,2024,48
Belarus,1998,2
Belarus,1999,1
Belarus,2000,6
Belarus,2001,8
Belarus,2002,8
Belarus,2003,7
Belarus,2004,9
Belarus,2005,9
Belarus,2006,11
Belarus,2007,12
Belarus,2008,12
Belarus,2009,10
Belarus,2010,9
Belarus,2011,10
Belarus,2012,11
Belarus,2013,6
Belarus,2014,7
Belarus,2015,4
Belarus,2016,5
Belarus,2017,5
Belarus,2018,8
Belarus,2019,8
Belarus,2020,8
Belarus,2021,8
Belarus,2022,6
Belarus,2023,8
Belarus,2024,18
Switzerland,1998,10
Switzerland,1999,11
Switzerland,2000,9
Switzerland,2001,10
Switzerland,2002,12
Switzerland,2003,11
Switzerland,2004,12
Switzerland,2005,13
Switzerland,2006,15
Switzerland,2007,21
Switzerland,2008,28
Switzerland,2009,37
Switzerland,2010,31
Switzerland,2011,16
Switzerland,2012,20
Switzerland,2013,20
Switzerland,2014,19
Switzerland,2015,21
Switzerland,2016,24
Switzerland,2017,30
Switzerland,2018,32
Switzerland,2019,35
Switzerland,2020,35
Switzerland,2021,37
Switzerland,2022,47
Switzerland,2023,47
Switzerland,2024,38
Serbia and Montenegro,1998,0
Serbia and Montenegro,1999,0
Serbia and Montenegro,2000,0
Serbia and Montenegro,2001,0
Serbia and Montenegro,2002,0
Serbia and Montenegro,2003,0
Serbia and Montenegro,2004,1
Serbia and Montenegro,2005,17
Serbia and Montenegro,2006,63
Serbia and Montenegro,2007,0
Serbia and Montenegro,2008,0
Serbia and Montenegro,2009,0
Serbia and Montenegro,2010,0
Serbia and Montenegro,2011,0
Serbia and Montenegro,2012,0
Serbia and Montenegro,2013,0
Serbia and Montenegro,2014,0
Serbia and Montenegro,2015,0
Serbia and Montenegro,2016,0
Serbia and Montenegro,2017,0
Serbia and Montenegro,2018,0
Serbia and Montenegro,2019,0
Serbia and Montenegro,2020,0
Serbia and Montenegro,2021,0
Serbia and Montenegro,2022,0
Serbia and Montenegro,2023,0
Serbia and Montenegro,2024,0
Croatia,1998,20
Croatia,1999,21
Croatia,2000,29
Croatia,2001,43
Croatia,2002,39
Croatia,2003,36
Croatia,2004,35
Croatia,2005,30
Croatia,2006,25
Croatia,2007,97
Croatia,2008,29
Croatia,2009,29
Croatia,2010,22
Croatia,2011,19
Croatia,2012,17
Croatia,2013,22
Croatia,2014,23
Croatia,2015,22
Croatia,2016,27
Croatia,2017,100
Croatia,2018,263
Croatia,2019,433
Croatia,2020,510
Croatia,2021,503
Croatia,2022,542
Croatia,2023,586
Croatia,2024,662
Liechtenstein,1998,0
Liechtenstein,1999,0
Liechtenstein,2000,0
Liechtenstein,2001,0
Liechtenstein,2002,0
Liechtenstein,2003,0
Liechtenstein,2004,0
Liechtenstein,2005,0
Liechtenstein,2006,0
Liechtenstein,2007,0
Liechtenstein,2008,0
Liechtenstein,2009,0
Liechtenstein,2010,0
Liechtenstein,2011,0
Liechtenstein,2012,0
Liechtenstein,2013,0
Liechtenstein,2014,1
Liechtenstein,2015,1
Liechtenstein,2016,1
Liechtenstein,2017,1
Liechtenstein,2018,1
Liechtenstein,2019,1
Liechtenstein,2020,1
Liechtenstein,2021,1
Liechtenstein,2022,1
Liechtenstein,2023,1
Liechtenstein,2024,1
Moldova,1998,0
Moldova,1999,0
Moldova,2000,0
Moldova,2001,4
Moldova,2002,4
Moldova,2003,4
Moldova,2004,4
Moldova,2005,4
Moldova,2006,3
Moldova,2007,5
Moldova,2008,5
Moldova,2009,3
Moldova,2010,2
Moldova,2011,3
Moldova,2012,3
Moldova,2013,3
Moldova,2014,3
Moldova,2015,4
Moldova,2016,3
Moldova,2017,3
Moldova,2018,4
Moldova,2019,5
Moldova,2020,5
Moldova,2021,7
Moldova,2022,8
Moldova,2023,15
Moldova,2024,24
Montenegro,1998,0
Montenegro,1999,0
Montenegro,2000,0
Montenegro,2001,0
Montenegro,2002,0
Montenegro,2003,0
Montenegro,2004,0
Montenegro,2005,0
Montenegro,2006,0
Montenegro,2007,0
Montenegro,2008,0
Montenegro,2009,0
Montenegro,2010,1
Montenegro,2011,1
Montenegro,2012,2
Montenegro,2013,1
Montenegro,2014,1
Montenegro,2015,0
Montenegro,2016,2
Montenegro,2017,1
Montenegro,2018,3
Montenegro,2019,4
Montenegro,2020,8
Montenegro,2021,8
Montenegro,2022,7
Montenegro,2023,10
Montenegro,2024,10
North Macedonia,1998,1
North Macedonia,1999,4
North Macedonia,2000,7
North Macedonia,2001,9
North Macedonia,2002,8
North Macedonia,2003,12
North Macedonia,2004,9
North Macedonia,2005,10
North Macedonia,2006,14
North Macedonia,2007,18
North Macedonia,2008,19
North Macedonia,2009,16
North Macedonia,2010,12
North Macedonia,2011,10
North Macedonia,2012,9
North Macedonia,2013,7
North Macedonia,2014,11
North Macedonia,2015,9
North Macedonia,2016,9
North Macedonia,2017,11
North Macedonia,2018,15
North Macedonia,2019,26
North Macedonia,2020,28
North Macedonia,2021,37
North Macedonia,2022,31
North Macedonia,2023,29
North Macedonia,2024,33
Serbia,1998,0
Serbia,1999,0
Serbia,2000,0
Serbia,2001,0
Serbia,2002,0
Serbia,2003,0
Serbia,2004,0
Serbia,2005,0
Serbia,2006,0
Serbia,2007,12
Serbia,2008,65
Serbia,2009,69
Serbia,2010,60
Serbia,2011,49
Serbia,2012,48
Serbia,2013,37
Serbia,2014,37
Serbia,2015,28
Serbia,2016,30
Serbia,2017,36
Serbia,2018,56
Serbia,2019,78
Serbia,2020,72
Serbia,2021,76
Serbia,2022,77
Serbia,2023,81
Serbia,2024,127
Russia,1998,36
Russia,1999,50
Russia,2000,59
Russia,2001,74
Russia,2002,86
Russia,2003,87
Russia,2004,77
Russia,2005,70
Russia,2006,76
Russia,2007,69
Russia,2008,67
Russia,2009,57
Russia,2010,54
Russia,2011,52
Russia,2012,47
Russia,2013,47
Russia,2014,43
Russia,2015,45
Russia,2016,46
Russia,2017,57
Russia,2018,57
Russia,2019,64
Russia,2020,66
Russia,2021,65
Russia,2022,70
Russia,2023,81
Russia,2024,90
San Marino,1998,0
San Marino,1999,0
San Marino,2000,0
San Marino,2001,0
San Marino,2002,0
San Marino,2003,0
San Marino,2004,0
San Marino,2005,0
San Marino,2006,0
San Marino,2007,0
San Marino,2008,0
San Marino,2009,0
San Marino,2010,0
San Marino,2011,0
San Marino,2012,0
San Marino,2013,0
San Marino,2014,0
San Marino,2015,0
San Marino,2016,0
San Marino,2017,0
San Marino,2018,1
San Marino,2019,1
San Marino,2020,1
San Marino,2021,1
San Marino,2022,1
San Marino,2023,1
San Marino,2024,1
Former Soviet Union,1998,4
Former Soviet Union,1999,3
Former Soviet Union,2000,1
Former Soviet Union,2001,1
Former Soviet Union,2002,1
Former Soviet Union,2003,0
Former Soviet Union,2004,0
Former Soviet Union,2005,0
Former Soviet Union,2006,0
Former Soviet Union,2007,0
Former Soviet Union,2008,0
Former Soviet Union,2009,0
Former Soviet Union,2010,0
Former Soviet Union,2011,0
Former Soviet Union,2012,0
Former Soviet Union,2013,0
Former Soviet Union,2014,0
Former Soviet Union,2015,0
Former Soviet Union,2016,0
Former Soviet Union,2017,0
Former Soviet Union,2018,0
Former Soviet Union,2019,0
Former Soviet Union,2020,0
Former Soviet Union,2021,0
Former Soviet Union,2022,0
Former Soviet Union,2023,0
Former Soviet Union,2024,0
Ukraine,1998,4
Ukraine,1999,11
Ukraine,2000,20
Ukraine,2001,30
Ukraine,2002,35
Ukraine,2003,41
Ukraine,2004,45
Ukraine,2005,46
Ukraine,2006,62
Ukraine,2007,66
Ukraine,2008,71
Ukraine,2009,68
Ukraine,2010,56
Ukraine,2011,55
Ukraine,2012,53
Ukraine,2013,45
Ukraine,2014,45
Ukraine,2015,47
Ukraine,2016,58
Ukraine,2017,65
Ukraine,2018,73
Ukraine,2019,85
Ukraine,2020,94
Ukraine,2021,91
Ukraine,2022,88
Ukraine,2023,974
Ukraine,2024,1532
Kosovo,1998,0
Kosovo,1999,0
Kosovo,2000,0
Kosovo,2001,0
Kosovo,2002,0
Kosovo,2003,0
Kosovo,2004,0
Kosovo,2005,0
Kosovo,2006,0
Kosovo,2007,0
Kosovo,2008,0
Kosovo,2009,0
Kosovo,2010,27
Kosovo,2011,46
Kosovo,2012,46
Kosovo,2013,41
Kosovo,2014,40
Kosovo,2015,32
Kosovo,2016,26
Kosovo,2017,24
Kosovo,2018,27
Kosovo,2019,34
Kosovo,2020,38
Kosovo,2021,44
Kosovo,2022,46
Kosovo,2023,43
Kosovo,2024,47
"Europe, country not specified",1998,1
"Europe, country not specified",1999,0
"Europe, country not specified",2000,0
"Europe, country not specified",2001,0
"Europe, country not specified",2002,0
"Europe, country not specified",2003,1
"Europe, country not specified",2004,0
"Europe, country not specified",2005,1
"Europe, country not specified",2006,1
"Europe, country not specified",2007,0
"Europe, country not specified",2008,0
"Europe, country not specified",2009,0
"Europe, country not specified",2010,0
"Europe, country not specified",2011,0
"Europe, country not specified",2012,0
"Europe, country not specified",2013,0
"Europe, country not specified",2014,0
"Europe, country not specified",2015,0
"Europe, country not specified",2016,0
"Europe, country not specified",2017,0
"Europe, country not specified",2018,0
"Europe, country not specified",2019,0
"Europe, country not specified",2020,0
"Europe, country not specified",2021,0
"Europe, country not specified",2022,0
"Europe, country not specified",2023,0
"Europe, country not specified",2024,0
"Countries in former Yugoslavia, unspecified",1998,0
"Countries in former Yugoslavia, unspecified",1999,0
"Countries in former Yugoslavia, unspecified",2000,0
"Countries in former Yugoslavia, unspecified",2001,0
"Countries in former Yugoslavia, unspecified",2002,0
"Countries in former Yugoslavia, unspecified",2003,0
"Countries in former Yugoslavia, unspecified",2004,0
"Countries in former Yugoslavia, unspecified",2005,245
"Countries in former Yugoslavia, unspecified",2006,220
"Countries in former Yugoslavia, unspecified",2007,246
"Countries in former Yugoslavia, unspecified",2008,179
"Countries in former Yugoslavia, unspecified",2009,107
"Countries in former Yugoslavia, unspecified",2010,56
"Countries in former Yugoslavia, unspecified",2011,48
"Countries in former Yugoslavia, unspecified",2012,29
"Countries in former Yugoslavia, unspecified",2013,17
"Countries in former Yugoslavia, unspecified",2014,8
"Countries in former Yugoslavia, unspecified",2015,6
"Countries in former Yugoslavia, unspecified",2016,4
"Countries in former Yugoslavia, unspecified",2017,2
"Countries in former Yugoslavia, unspecified",2018,2
"Countries in former Yugoslavia, unspecified",2019,3
"Countries in former Yugoslavia, unspecified",2020,3
"Countries in former Yugoslavia, unspecified",2021,3
"Countries in former Yugoslavia, unspecified",2022,3
"Countries in former Yugoslavia, unspecified",2023,4
"Countries in former Yugoslavia, unspecified",2024,4
Yugoslavia (Serbia and Montenegro),1998,78
Yugoslavia (Serbia and Montenegro),1999,140
Yugoslavia (Serbia and Montenegro),2000,181
Yugoslavia (Serbia and Montenegro),2001,230
Yugoslavia (Serbia and Montenegro),2002,270
Yugoslavia (Serbia and Montenegro),2003,275
Yugoslavia (Serbia and Montenegro),2004,269
Yugoslavia (Serbia and Montenegro),2005,0
Yugoslavia (Serbia and Montenegro),2006,0
Yugoslavia (Serbia and Montenegro),2007,0
Yugoslavia (Serbia and Montenegro),2008,0
Yugoslavia (Serbia and Montenegro),2009,0
Yugoslavia (Serbia and Montenegro),2010,0
Yugoslavia (Serbia and Montenegro),2011,0
Yugoslavia (Serbia and Montenegro),2012,0
Yugoslavia (Serbia and Montenegro),2013,0
Yugoslavia (Serbia and Montenegro),2014,0
Yugoslavia (Serbia and Montenegro),2015,0
Yugoslavia (Serbia and Montenegro),2016,0
Yugoslavia (Serbia and Montenegro),2017,0
Yugoslavia (Serbia and Montenegro),2018,0
Yugoslavia (Serbia and Montenegro),2019,0
Yugoslavia (Serbia and Montenegro),2020,0
Yugoslavia (Serbia and Montenegro),2021,0
Yugoslavia (Serbia and Montenegro),2022,0
Yugoslavia (Serbia and Montenegro),2023,0
Yugoslavia (Serbia and Montenegro),2024,0
Canada,1998,28
Canada,1999,32
Canada,2000,34
Canada,2001,40
Canada,2002,40
Canada,2003,37
Canada,2004,36
Canada,2005,39
Canada,2006,50
Canada,2007,81
Canada,2008,137
Canada,2009,66
Canada,2010,57
Canada,2011,48
Canada,2012,51
Canada,2013,45
Canada,2014,46
Canada,2015,41
Canada,2016,41
Canada,2017,55
Canada,2018,55
Canada,2019,61
Canada,2020,56
Canada,2021,52
Canada,2022,63
Canada,2023,69
Canada,2024,79
United States,1998,292
United States,1999,303
United States,2000,289
United States,2001,327
United States,2002,338
United States,2003,317
United States,2004,287
United States,2005,285
United States,2006,323
United States,2007,380
United States,2008,371
United States,2009,295
United States,2010,274
United States,2011,238
United States,2012,217
United States,2013,276
United States,2014,277
United States,2015,260
United States,2016,277
United States,2017,312
United States,2018,326
United States,2019,363
United States,2020,374
United States,2021,375
United States,2022,441
United States,2023,455
United States,2024,489
Antigua and Barbuda,1998,0
Antigua and Barbuda,1999,0
Antigua and Barbuda,2000,0
Antigua and Barbuda,2001,0
Antigua and Barbuda,2002,0
Antigua and Barbuda,2003,0
Antigua and Barbuda,2004,0
Antigua and Barbuda,2005,0
Antigua and Barbuda,2006,0
Antigua and Barbuda,2007,0
Antigua and Barbuda,2008,0
Antigua and Barbuda,2009,0
Antigua and Barbuda,2010,0
Antigua and Barbuda,2011,0
Antigua and Barbuda,2012,0
Antigua and Barbuda,2013,0
Antigua and Barbuda,2014,0
Antigua and Barbuda,2015,0
Antigua and Barbuda,2016,1
Antigua and Barbuda,2017,0
Antigua and Barbuda,2018,0
Antigua and Barbuda,2019,0
Antigua and Barbuda,2020,0
Antigua and Barbuda,2021,0
Antigua and Barbuda,2022,0
Antigua and Barbuda,2023,0
Antigua and Barbuda,2024,0
Argentina,1998,1
Argentina,1999,1
Argentina,2000,3
Argentina,2001,6
Argentina,2002,7
Argentina,2003,4
Argentina,2004,6
Argentina,2005,2
Argentina,2006,14
Argentina,2007,15
Argentina,2008,7
Argentina,2009,6
Argentina,2010,7
Argentina,2011,7
Argentina,2012,9
Argentina,2013,8
Argentina,2014,9
Argentina,2015,10
Argentina,2016,12
Argentina,2017,17
Argentina,2018,14
Argentina,2019,16
Argentina,2020,11
Argentina,2021,12
Argentina,2022,13
Argentina,2023,13
Argentina,2024,15
Barbados,1998,0
Barbados,1999,1
Barbados,2000,1
Barbados,2001,1
Barbados,2002,1
Barbados,2003,1
Barbados,2004,1
Barbados,2005,1
Barbados,2006,1
Barbados,2007,1
Barbados,2008,1
Barbados,2009,1
Barbados,2010,1
Barbados,2011,2
Barbados,2012,1
Barbados,2013,1
Barbados,2014,1
Barbados,2015,1
Barbados,2016,1
Barbados,2017,1
Barbados,2018,1
Barbados,2019,1
Barbados,2020,1
Barbados,2021,1
Barbados,2022,1
Barbados,2023,1
Barbados,2024,1
Bolivia,1998,2
Bolivia,1999,2
Bolivia,2000,2
Bolivia,2001,3
Bolivia,2002,3
Bolivia,2003,2
Bolivia,2004,2
Bolivia,2005,2
Bolivia,2006,2
Bolivia,2007,2
Bolivia,2008,3
Bolivia,2009,2
Bolivia,2010,1
Bolivia,2011,0
Bolivia,2012,1
Bolivia,2013,1
Bolivia,2014,1
Bolivia,2015,1
Bolivia,2016,2
Bolivia,2017,2
Bolivia,2018,2
Bolivia,2019,1
Bolivia,2020,2
Bolivia,2021,2
Bolivia,2022,1
Bolivia,2023,2
Bolivia,2024,3
Brazil,1998,6
Brazil,1999,6
Brazil,2000,10
Brazil,2001,11
Brazil,2002,8
Brazil,2003,10
Brazil,2004,10
Brazil,2005,14
Brazil,2006,15
Brazil,2007,17
Brazil,2008,19
Brazil,2009,20
Brazil,2010,14
Brazil,2011,15
Brazil,2012,14
Brazil,2013,12
Brazil,2014,18
Brazil,2015,19
Brazil,2016,18
Brazil,2017,23
Brazil,2018,24
Brazil,2019,28
Brazil,2020,30
Brazil,2021,33
Brazil,2022,35
Brazil,2023,41
Brazil,2024,47
Bahamas,1998,0
Bahamas,1999,0
Bahamas,2000,0
Bahamas,2001,0
Bahamas,2002,0
Bahamas,2003,0
Bahamas,2004,0
Bahamas,2005,0
Bahamas,2006,0
Bahamas,2007,0
Bahamas,2008,0
Bahamas,2009,0
Bahamas,2010,0
Bahamas,2011,0
Bahamas,2012,0
Bahamas,2013,0
Bahamas,2014,0
Bahamas,2015,0
Bahamas,2016,1
Bahamas,2017,0
Bahamas,2018,0
Bahamas,2019,0
Bahamas,2020,0
Bahamas,2021,1
Bahamas,2022,1
Bahamas,2023,1
Bahamas,2024,1
Belize,1998,0
Belize,1999,0
Belize,2000,0
Belize,2001,0
Belize,2002,0
Belize,2003,0
Belize,2004,0
Belize,2005,0
Belize,2006,0
Belize,2007,0
Belize,2008,0
Belize,2009,0
Belize,2010,1
Belize,2011,0
Belize,2012,0
Belize,2013,0
Belize,2014,0
Belize,2015,0
Belize,2016,0
Belize,2017,0
Belize,2018,0
Belize,2019,0
Belize,2020,1
Belize,2021,1
Belize,2022,0
Belize,2023,0
Belize,2024,0
Chile,1998,9
Chile,1999,9
Chile,2000,14
Chile,2001,21
Chile,2002,25
Chile,2003,26
Chile,2004,22
Chile,2005,27
Chile,2006,36
Chile,2007,40
Chile,2008,24
Chile,2009,19
Chile,2010,16
Chile,2011,13
Chile,2012,11
Chile,2013,10
Chile,2014,8
Chile,2015,11
Chile,2016,10
Chile,2017,11
Chile,2018,10
Chile,2019,12
Chile,2020,17
Chile,2021,17
Chile,2022,19
Chile,2023,21
Chile,2024,22
Colombia,1998,5
Colombia,1999,5
Colombia,2000,8
Colombia,2001,12
Colombia,2002,12
Colombia,2003,13
Colombia,2004,14
Colombia,2005,18
Colombia,2006,30
Colombia,2007,31
Colombia,2008,31
Colombia,2009,29
Colombia,2010,29
Colombia,2011,26
Colombia,2012,16
Colombia,2013,17
Colombia,2014,10
Colombia,2015,11
Colombia,2016,12
Colombia,2017,19
Colombia,2018,17
Colombia,2019,24
Colombia,2020,28
Colombia,2021,34
Colombia,2022,36
Colombia,2023,42
Colombia,2024,56
Costa Rica,1998,4
Costa Rica,1999,3
Costa Rica,2000,5
Costa Rica,2001,4
Costa Rica,2002,4
Costa Rica,2003,3
Costa Rica,2004,4
Costa Rica,2005,4
Costa Rica,2006,3
Costa Rica,2007,5
Costa Rica,2008,5
Costa Rica,2009,3
Costa Rica,2010,2
Costa Rica,2011,2
Costa Rica,2012,0
Costa Rica,2013,0
Costa Rica,2014,2
Costa Rica,2015,2
Costa Rica,2016,1
Costa Rica,2017,5
Costa Rica,2018,7
Costa Rica,2019,7
Costa Rica,2020,6
Costa Rica,2021,5
Costa Rica,2022,6
Costa Rica,2023,5
Costa Rica,2024,7
Cuba,1998,1
Cuba,1999,4
Cuba,2000,5
Cuba,2001,8
Cuba,2002,9
Cuba,2003,8
Cuba,2004,5
Cuba,2005,4
Cuba,2006,4
Cuba,2007,5
Cuba,2008,8
Cuba,2009,7
Cuba,2010,8
Cuba,2011,7
Cuba,2012,5
Cuba,2013,7
Cuba,2014,8
Cuba,2015,10
Cuba,2016,10
Cuba,2017,11
Cuba,2018,10
Cuba,2019,7
Cuba,2020,9
Cuba,2021,7
Cuba,2022,7
Cuba,2023,8
Cuba,2024,11
Dominica,1998,0
Dominica,1999,0
Dominica,2000,0
Dominica,2001,0
Dominica,2002,0
Dominica,2003,0
Dominica,2004,0
Dominica,2005,0
Dominica,2006,0
Dominica,2007,0
Dominica,2008,0
Dominica,2009,0
Dominica,2010,0
Dominica,2011,0
Dominica,2012,0
Dominica,2013,0
Dominica,2014,0
Dominica,2015,1
Dominica,2016,1
Dominica,2017,0
Dominica,2018,0
Dominica,2019,0
Dominica,2020,0
Dominica,2021,0
Dominica,2022,0
Dominica,2023,1
Dominica,2024,1
Dominican Republic,1998,0
Dominican Republic,1999,0
Dominican Republic,2000,0
Dominican Republic,2001,0
Dominican Republic,2002,2
Dominican Republic,2003,2
Dominican Republic,2004,1
Dominican Republic,2005,1
Dominican Republic,2006,1
Dominican Republic,2007,2
Dominican Republic,2008,2
Dominican Republic,2009,4
Dominican Republic,2010,3
Dominican Republic,2011,4
Dominican Republic,2012,5
Dominican Republic,2013,3
Dominican Republic,2014,4
Dominican Republic,2015,3
Dominican Republic,2016,5
Dominican Republic,2017,6
Dominican Republic,2018,9
Dominican Republic,2019,7
Dominican Republic,2020,6
Dominican Republic,2021,5
Dominican Republic,2022,5
Dominican Republic,2023,5
Dominican Republic,2024,6
Ecuador,1998,2
Ecuador,1999,0
Ecuador,2000,2
Ecuador,2001,5
Ecuador,2002,4
Ecuador,2003,4
Ecuador,2004,5
Ecuador,2005,3
Ecuador,2006,6
Ecuador,2007,5
Ecuador,2008,6
Ecuador,2009,2
Ecuador,2010,2
Ecuador,2011,3
Ecuador,2012,6
Ecuador,2013,7
Ecuador,2014,5
Ecuador,2015,5
Ecuador,2016,5
Ecuador,2017,5
Ecuador,2018,5
Ecuador,2019,8
Ecuador,2020,6
Ecuador,2021,8
Ecuador,2022,9
Ecuador,2023,7
Ecuador,2024,10
Grenada,1998,0
Grenada,1999,0
Grenada,2000,0
Grenada,2001,0
Grenada,2002,0
Grenada,2003,0
Grenada,2004,0
Grenada,2005,0
Grenada,2006,0
Grenada,2007,0
Grenada,2008,0
Grenada,2009,0
Grenada,2010,0
Grenada,2011,0
Grenada,2012,0
Grenada,2013,0
Grenada,2014,0
Grenada,2015,0
Grenada,2016,0
Grenada,2017,0
Grenada,2018,0
Grenada,2019,1
Grenada,2020,0
Grenada,2021,0
Grenada,2022,0
Grenada,2023,0
Grenada,2024,0
Guatemala,1998,1
Guatemala,1999,1
Guatemala,2000,1
Guatemala,2001,1
Guatemala,2002,1
Guatemala,2003,1
Guatemala,2004,1
Guatemala,2005,1
Guatemala,2006,1
Guatemala,2007,1
Guatemala,2008,1
Guatemala,2009,2
Guatemala,2010,1
Guatemala,2011,1
Guatemala,2012,1
Guatemala,2013,3
Guatemala,2014,2
Guatemala,2015,1
Guatemala,2016,2
Guatemala,2017,2
Guatemala,2018,1
Guatemala,2019,1
Guatemala,2020,2
Guatemala,2021,4
Guatemala,2022,5
Guatemala,2023,4
Guatemala,2024,4
Guyana,1998,2
Guyana,1999,5
Guyana,2000,5
Guyana,2001,5
Guyana,2002,3
Guyana,2003,3
Guyana,2004,4
Guyana,2005,4
Guyana,2006,2
Guyana,2007,2
Guyana,2008,2
Guyana,2009,2
Guyana,2010,2
Guyana,2011,1
Guyana,2012,1
Guyana,2013,0
Guyana,2014,0
Guyana,2015,0
Guyana,2016,1
Guyana,2017,1
Guyana,2018,1
Guyana,2019,3
Guyana,2020,3
Guyana,2021,3
Guyana,2022,1
Guyana,2023,1
Guyana,2024,1
Honduras,1998,7
Honduras,1999,11
Honduras,2000,9
Honduras,2001,10
Honduras,2002,11
Honduras,2003,7
Honduras,2004,8
Honduras,2005,6
Honduras,2006,7
Honduras,2007,7
Honduras,2008,7
Honduras,2009,5
Honduras,2010,4
Honduras,2011,4
Honduras,2012,3
Honduras,2013,3
Honduras,2014,5
Honduras,2015,4
Honduras,2016,5
Honduras,2017,9
Honduras,2018,10
Honduras,2019,10
Honduras,2020,10
Honduras,2021,13
Honduras,2022,12
Honduras,2023,18
Honduras,2024,25
Haiti,1998,0
Haiti,1999,0
Haiti,2000,0
Haiti,2001,0
Haiti,2002,0
Haiti,2003,0
Haiti,2004,0
Haiti,2005,0
Haiti,2006,0
Haiti,2007,1
Haiti,2008,1
Haiti,2009,1
Haiti,2010,2
Haiti,2011,3
Haiti,2012,2
Haiti,2013,5
Haiti,2014,4
Haiti,2015,1
Haiti,2016,1
Haiti,2017,2
Haiti,2018,2
Haiti,2019,1
Haiti,2020,2
Haiti,2021,2
Haiti,2022,4
Haiti,2023,4
Haiti,2024,4
Jamaica,1998,3
Jamaica,1999,2
Jamaica,2000,3
Jamaica,2001,2
Jamaica,2002,2
Jamaica,2003,2
Jamaica,2004,2
Jamaica,2005,3
Jamaica,2006,1
Jamaica,2007,1
Jamaica,2008,1
Jamaica,2009,1
Jamaica,2010,1
Jamaica,2011,2
Jamaica,2012,2
Jamaica,2013,1
Jamaica,2014,0
Jamaica,2015,1
Jamaica,2016,1
Jamaica,2017,0
Jamaica,2018,2
Jamaica,2019,1
Jamaica,2020,1
Jamaica,2021,2
Jamaica,2022,2
Jamaica,2023,3
Jamaica,2024,3
Saint Kitts and Nevis,1998,0
Saint Kitts and Nevis,1999,0
Saint Kitts and Nevis,2000,0
Saint Kitts and Nevis,2001,0
Saint Kitts and Nevis,2002,0
Saint Kitts and Nevis,2003,0
Saint Kitts and Nevis,2004,0
Saint Kitts and Nevis,2005,0
Saint Kitts and Nevis,2006,0
Saint Kitts and Nevis,2007,0
Saint Kitts and Nevis,2008,0
Saint Kitts and Nevis,2009,0
Saint Kitts and Nevis,2010,0
Saint Kitts and Nevis,2011,0
Saint Kitts and Nevis,2012,0
Saint Kitts and Nevis,2013,0
Saint Kitts and Nevis,2014,0
Saint Kitts and Nevis,2015,0
Saint Kitts and Nevis,2016,0
Saint Kitts and Nevis,2017,0
Saint Kitts and Nevis,2018,0
Saint Kitts and Nevis,2019,0
Saint Kitts and Nevis,2020,0
Saint Kitts and Nevis,2021,0
Saint Kitts and Nevis,2022,0
Saint Kitts and Nevis,2023,0
Saint Kitts and Nevis,2024,0
Mexico,1998,6
Mexico,1999,7
Mexico,2000,5
Mexico,2001,6
Mexico,2002,7
Mexico,2003,8
Mexico,2004,11
Mexico,2005,8
Mexico,2006,11
Mexico,2007,11
Mexico,2008,11
Mexico,2009,17
Mexico,2010,16
Mexico,2011,12
Mexico,2012,13
Mexico,2013,17
Mexico,2014,14
Mexico,2015,19
Mexico,2016,24
Mexico,2017,32
Mexico,2018,32
Mexico,2019,37
Mexico,2020,36
Mexico,2021,35
Mexico,2022,40
Mexico,2023,43
Mexico,2024,46
Nicaragua,1998,0
Nicaragua,1999,0
Nicaragua,2000,0
Nicaragua,2001,0
Nicaragua,2002,0
Nicaragua,2003,1
Nicaragua,2004,1
Nicaragua,2005,1
Nicaragua,2006,0
Nicaragua,2007,0
Nicaragua,2008,0
Nicaragua,2009,0
Nicaragua,2010,0
Nicaragua,2011,0
Nicaragua,2012,1
Nicaragua,2013,0
Nicaragua,2014,0
Nicaragua,2015,0
Nicaragua,2016,0
Nicaragua,2017,0
Nicaragua,2018,1
Nicaragua,2019,0
Nicaragua,2020,1
Nicaragua,2021,2
Nicaragua,2022,2
Nicaragua,2023,2
Nicaragua,2024,5
Panama,1998,0
Panama,1999,1
Panama,2000,1
Panama,2001,0
Panama,2002,0
Panama,2003,0
Panama,2004,1
Panama,2005,1
Panama,2006,1
Panama,2007,1
Panama,2008,0
Panama,2009,2
Panama,2010,2
Panama,2011,1
Panama,2012,1
Panama,2013,1
Panama,2014,1
Panama,2015,1
Panama,2016,1
Panama,2017,1
Panama,2018,1
Panama,2019,2
Panama,2020,2
Panama,2021,4
Panama,2022,2
Panama,2023,3
Panama,2024,5
Peru,1998,5
Peru,1999,7
Peru,2000,8
Peru,2001,10
Peru,2002,12
Peru,2003,15
Peru,2004,18
Peru,2005,19
Peru,2006,16
Peru,2007,17
Peru,2008,13
Peru,2009,12
Peru,2010,10
Peru,2011,9
Peru,2012,7
Peru,2013,7
Peru,2014,8
Peru,2015,6
Peru,2016,7
Peru,2017,2
Peru,2018,3
Peru,2019,4
Peru,2020,5
Peru,2021,5
Peru,2022,7
Peru,2023,11
Peru,2024,17
Puerto Rico,1998,0
Puerto Rico,1999,1
Puerto Rico,2000,1
Puerto Rico,2001,1
Puerto Rico,2002,1
Puerto Rico,2003,1
Puerto Rico,2004,0
Puerto Rico,2005,0
Puerto Rico,2006,0
Puerto Rico,2007,0
Puerto Rico,2008,0
Puerto Rico,2009,0
Puerto Rico,2010,0
Puerto Rico,2011,0
Puerto Rico,2012,0
Puerto Rico,2013,0
Puerto Rico,2014,0
Puerto Rico,2015,0
Puerto Rico,2016,0
Puerto Rico,2017,0
Puerto Rico,2018,0
Puerto Rico,2019,0
Puerto Rico,2020,0
Puerto Rico,2021,0
Puerto Rico,2022,0
Puerto Rico,2023,0
Puerto Rico,2024,0
Paraguay,1998,0
Paraguay,1999,1
Paraguay,2000,0
Paraguay,2001,1
Paraguay,2002,2
Paraguay,2003,2
Paraguay,2004,1
Paraguay,2005,2
Paraguay,2006,3
Paraguay,2007,4
Paraguay,2008,4
Paraguay,2009,3
Paraguay,2010,3
Paraguay,2011,4
Paraguay,2012,4
Paraguay,2013,3
Paraguay,2014,2
Paraguay,2015,1
Paraguay,2016,1
Paraguay,2017,1
Paraguay,2018,1
Paraguay,2019,1
Paraguay,2020,1
Paraguay,2021,0
Paraguay,2022,1
Paraguay,2023,1
Paraguay,2024,1
Suriname,1998,0
Suriname,1999,0
Suriname,2000,0
Suriname,2001,0
Suriname,2002,0
Suriname,2003,0
Suriname,2004,0
Suriname,2005,0
Suriname,2006,0
Suriname,2007,0
Suriname,2008,0
Suriname,2009,0
Suriname,2010,0
Suriname,2011,0
Suriname,2012,0
Suriname,2013,0
Suriname,2014,0
Suriname,2015,0
Suriname,2016,0
Suriname,2017,0
Suriname,2018,0
Suriname,2019,0
Suriname,2020,0
Suriname,2021,0
Suriname,2022,0
Suriname,2023,0
Suriname,2024,0
El Salvador,1998,0
El Salvador,1999,0
El Salvador,2000,0
El Salvador,2001,0
El Salvador,2002,1
El Salvador,2003,2
El Salvador,2004,2
El Salvador,2005,2
El Salvador,2006,2
El Salvador,2007,2
El Salvador,2008,6
El Salvador,2009,4
El Salvador,2010,4
El Salvador,2011,3
El Salvador,2012,2
El Salvador,2013,1
El Salvador,2014,1
El Salvador,2015,1
El Salvador,2016,0
El Salvador,2017,2
El Salvador,2018,2
El Salvador,2019,5
El Salvador,2020,7
El Salvador,2021,9
El Salvador,2022,11
El Salvador,2023,14
El Salvador,2024,15
Trinidad and Tobago,1998,1
Trinidad and Tobago,1999,1
Trinidad and Tobago,2000,1
Trinidad and Tobago,2001,1
Trinidad and Tobago,2002,2
Trinidad and Tobago,2003,2
Trinidad and Tobago,2004,1
Trinidad and Tobago,2005,0
Trinidad and Tobago,2006,0
Trinidad and Tobago,2007,0
Trinidad and Tobago,2008,0
Trinidad and Tobago,2009,0
Trinidad and Tobago,2010,0
Trinidad and Tobago,2011,0
Trinidad and Tobago,2012,0
Trinidad and Tobago,2013,0
Trinidad and Tobago,2014,0
Trinidad and Tobago,2015,0
Trinidad and Tobago,2016,2
Trinidad and Tobago,2017,2
Trinidad and Tobago,2018,1
Trinidad and Tobago,2019,1
Trinidad and Tobago,2020,1
Trinidad and Tobago,2021,1
Trinidad and Tobago,2022,4
Trinidad and Tobago,2023,4
Trinidad and Tobago,2024,6
Uruguay,1998,1
Uruguay,1999,1
Uruguay,2000,2
Uruguay,2001,2
Uruguay,2002,2
Uruguay,2003,2
Uruguay,2004,5
Uruguay,2005,4
Uruguay,2006,9
Uruguay,2007,10
Uruguay,2008,5
Uruguay,2009,4
Uruguay,2010,4
Uruguay,2011,4
Uruguay,2012,3
Uruguay,2013,2
Uruguay,2014,3
Uruguay,2015,2
Uruguay,2016,2
Uruguay,2017,2
Uruguay,2018,2
Uruguay,2019,3
Uruguay,2020,3
Uruguay,2021,3
Uruguay,2022,4
Uruguay,2023,4
Uruguay,2024,4
Saint Vincent and the Grenadines,1998,0
Saint Vincent and the Grenadines,1999,0
Saint Vincent and the Grenadines,2000,0
Saint Vincent and the Grenadines,2001,0
Saint Vincent and the Grenadines,2002,0
Saint Vincent and the Grenadines,2003,0
Saint Vincent and the Grenadines,2004,0
Saint Vincent and the Grenadines,2005,0
Saint Vincent and the Grenadines,2006,0
Saint Vincent and the Grenadines,2007,0
Saint Vincent and the Grenadines,2008,0
Saint Vincent and the Grenadines,2009,0
Saint Vincent and the Grenadines,2010,0
Saint Vincent and the Grenadines,2011,0
Saint Vincent and the Grenadines,2012,0
Saint Vincent and the Grenadines,2013,1
Saint Vincent and the Grenadines,2014,1
Saint Vincent and the Grenadines,2015,1
Saint Vincent and the Grenadines,2016,1
Saint Vincent and the Grenadines,2017,1
Saint Vincent and the Grenadines,2018,2
Saint Vincent and the Grenadines,2019,0
Saint Vincent and the Grenadines,2020,0
Saint Vincent and the Grenadines,2021,0
Saint Vincent and the Grenadines,2022,0
Saint Vincent and the Grenadines,2023,0
Saint Vincent and the Grenadines,2024,0
Venezuela,1998,4
Venezuela,1999,1
Venezuela,2000,2
Venezuela,2001,4
Venezuela,2002,1
Venezuela,2003,5
Venezuela,2004,3
Venezuela,2005,3
Venezuela,2006,3
Venezuela,2007,11
Venezuela,2008,11
Venezuela,2009,8
Venezuela,2010,8
Venezuela,2011,9
Venezuela,2012,8
Venezuela,2013,8
Venezuela,2014,6
Venezuela,2015,5
Venezuela,2016,5
Venezuela,2017,6
Venezuela,2018,10
Venezuela,2019,20
Venezuela,2020,82
Venezuela,2021,174
Venezuela,2022,260
Venezuela,2023,698
Venezuela,2024,762
Angola,1998,0
Angola,1999,1
Angola,2000,2
Angola,2001,2
Angola,2002,2
Angola,2003,3
Angola,2004,3
Angola,2005,4
Angola,2006,4
Angola,2007,4
Angola,2008,3
Angola,2009,1
Angola,2010,2
Angola,2011,2
Angola,2012,2
Angola,2013,2
Angola,2014,2
Angola,2015,2
Angola,2016,2
Angola,2017,3
Angola,2018,2
Angola,2019,1
Angola,2020,2
Angola,2021,2
Angola,2022,1
Angola,2023,1
Angola,2024,1
Burkina Faso,1998,0
Burkina Faso,1999,0
Burkina Faso,2000,0
Burkina Faso,2001,0
Burkina Faso,2002,0
Burkina Faso,2003,0
Burkina Faso,2004,0
Burkina Faso,2005,0
Burkina Faso,2006,0
Burkina Faso,2007,0
Burkina Faso,2008,1
Burkina Faso,2009,1
Burkina Faso,2010,1
Burkina Faso,2011,1
Burkina Faso,2012,1
Burkina Faso,2013,1
Burkina Faso,2014,0
Burkina Faso,2015,0
Burkina Faso,2016,0
Burkina Faso,2017,0
Burkina Faso,2018,0
Burkina Faso,2019,1
Burkina Faso,2020,2
Burkina Faso,2021,3
Burkina Faso,2022,3
Burkina Faso,2023,3
Burkina Faso,2024,3
Benin,1998,0
Benin,1999,0
Benin,2000,0
Benin,2001,0
Benin,2002,0
Benin,2003,0
Benin,2004,0
Benin,2005,0
Benin,2006,0
Benin,2007,0
Benin,2008,0
Benin,2009,0
Benin,2010,0
Benin,2011,1
Benin,2012,1
Benin,2013,1
Benin,2014,1
Benin,2015,1
Benin,2016,0
Benin,2017,0
Benin,2018,0
Benin,2019,0
Benin,2020,0
Benin,2021,0
Benin,2022,0
Benin,2023,0
Benin,2024,0
Botswana,1998,0
Botswana,1999,0
Botswana,2000,0
Botswana,2001,0
Botswana,2002,0
Botswana,2003,0
Botswana,2004,0
Botswana,2005,0
Botswana,2006,0
Botswana,2007,0
Botswana,2008,0
Botswana,2009,0
Botswana,2010,0
Botswana,2011,0
Botswana,2012,0
Botswana,2013,0
Botswana,2014,0
Botswana,2015,0
Botswana,2016,0
Botswana,2017,0
Botswana,2018,0
Botswana,2019,0
Botswana,2020,0
Botswana,2021,0
Botswana,2022,0
Botswana,2023,0
Botswana,2024,0
"Congo, Democratic Republic of",1998,0
"Congo, Democratic Republic of",1999,0
"Congo, Democratic Republic of",2000,1
"Congo, Democratic Republic of",2001,1
"Congo, Democratic Republic of",2002,1
"Congo, Democratic Republic of",2003,1
"Congo, Democratic Republic of",2004,1
"Congo, Democratic Republic of",2005,1
"Congo, Democratic Republic of",2006,1
"Congo, Democratic Republic of",2007,1
"Congo, Democratic Republic of",2008,1
"Congo, Democratic Republic of",2009,1
"Congo, Democratic Republic of",2010,1
"Congo, Democratic Republic of",2011,1
"Congo, Democratic Republic of",2012,1
"Congo, Democratic Republic of",2013,1
"Congo, Democratic Republic of",2014,1
"Congo, Democratic Republic of",2015,1
"Congo, Democratic Republic of",2016,1
"Congo, Democratic Republic of",2017,1
"Congo, Democratic Republic of",2018,1
"Congo, Democratic Republic of",2019,1
"Congo, Democratic Republic of",2020,1
"Congo, Democratic Republic of",2021,3
"Congo, Democratic Republic of",2022,2
"Congo, Democratic Republic of",2023,3
"Congo, Democratic Republic of",2024,3
"Congo, Republic of",1998,0
"Congo, Republic of",1999,0
"Congo, Republic of",2000,1
"Congo, Republic of",2001,1
"Congo, Republic of",2002,1
"Congo, Republic of",2003,0
"Congo, Republic of",2004,1
"Congo, Republic of",2005,1
"Congo, Republic of",2006,1
"Congo, Republic of",2007,0
"Congo, Republic of",2008,0
"Congo, Republic of",2009,0
"Congo, Republic of",2010,0
"Congo, Republic of",2011,0
"Congo, Republic of",2012,0
"Congo, Republic of",2013,0
"Congo, Republic of",2014,0
"Congo, Republic of",2015,0
"Congo, Republic of",2016,0
"Congo, Republic of",2017,0
"Congo, Republic of",2018,0
"Congo, Republic of",2019,0
"Congo, Republic of",2020,3
"Congo, Republic of",2021,3
"Congo, Republic of",2022,3
"Congo, Republic of",2023,2
"Congo, Republic of",2024,4
Côte d'Ivoire,1998,0
Côte d'Ivoire,1999,0
Côte d'Ivoire,2000,0
Côte d'Ivoire,2001,0
Côte d'Ivoire,2002,1
Côte d'Ivoire,2003,1
Côte d'Ivoire,2004,1
Côte d'Ivoire,2005,1
Côte d'Ivoire,2006,2
Côte d'Ivoire,2007,2
Côte d'Ivoire,2008,2
Côte d'Ivoire,2009,2
Côte d'Ivoire,2010,1
Côte d'Ivoire,2011,1
Côte d'Ivoire,2012,0
Côte d'Ivoire,2013,0
Côte d'Ivoire,2014,0
Côte d'Ivoire,2015,0
Côte d'Ivoire,2016,0
Côte d'Ivoire,2017,1
Côte d'Ivoire,2018,1
Côte d'Ivoire,2019,2
Côte d'Ivoire,2020,3
Côte d'Ivoire,2021,3
Côte d'Ivoire,2022,3
Côte d'Ivoire,2023,2
Côte d'Ivoire,2024,4
Cameroon,1998,0
Cameroon,1999,0
Cameroon,2000,0
Cameroon,2001,1
Cameroon,2002,1
Cameroon,2003,0
Cameroon,2004,0
Cameroon,2005,0
Cameroon,2006,2
Cameroon,2007,2
Cameroon,2008,3
Cameroon,2009,3
Cameroon,2010,4
Cameroon,2011,6
Cameroon,2012,4
Cameroon,2013,5
Cameroon,2014,5
Cameroon,2015,4
Cameroon,2016,4
Cameroon,2017,4
Cameroon,2018,3
Cameroon,2019,2
Cameroon,2020,4
Cameroon,2021,6
Cameroon,2022,4
Cameroon,2023,7
Cameroon,2024,11
Cabo Verde,1998,10
Cabo Verde,1999,9
Cabo Verde,2000,10
Cabo Verde,2001,12
Cabo Verde,2002,11
Cabo Verde,2003,8
Cabo Verde,2004,7
Cabo Verde,2005,9
Cabo Verde,2006,6
Cabo Verde,2007,5
Cabo Verde,2008,8
Cabo Verde,2009,10
Cabo Verde,2010,10
Cabo Verde,2011,8
Cabo Verde,2012,5
Cabo Verde,2013,6
Cabo Verde,2014,6
Cabo Verde,2015,7
Cabo Verde,2016,7
Cabo Verde,2017,8
Cabo Verde,2018,8
Cabo Verde,2019,11
Cabo Verde,2020,9
Cabo Verde,2021,9
Cabo Verde,2022,9
Cabo Verde,2023,8
Cabo Verde,2024,9
Djibouti,1998,0
Djibouti,1999,0
Djibouti,2000,0
Djibouti,2001,0
Djibouti,2002,0
Djibouti,2003,0
Djibouti,2004,0
Djibouti,2005,0
Djibouti,2006,0
Djibouti,2007,1
Djibouti,2008,1
Djibouti,2009,1
Djibouti,2010,1
Djibouti,2011,1
Djibouti,2012,1
Djibouti,2013,1
Djibouti,2014,1
Djibouti,2015,0
Djibouti,2016,1
Djibouti,2017,1
Djibouti,2018,1
Djibouti,2019,0
Djibouti,2020,0
Djibouti,2021,0
Djibouti,2022,1
Djibouti,2023,0
Djibouti,2024,0
Algeria,1998,8
Algeria,1999,8
Algeria,2000,9
Algeria,2001,10
Algeria,2002,10
Algeria,2003,9
Algeria,2004,7
Algeria,2005,4
Algeria,2006,1
Algeria,2007,0
Algeria,2008,0
Algeria,2009,1
Algeria,2010,1
Algeria,2011,3
Algeria,2012,5
Algeria,2013,9
Algeria,2014,9
Algeria,2015,15
Algeria,2016,16
Algeria,2017,20
Algeria,2018,21
Algeria,2019,25
Algeria,2020,26
Algeria,2021,29
Algeria,2022,21
Algeria,2023,23
Algeria,2024,19
Egypt,1998,4
Egypt,1999,4
Egypt,2000,4
Egypt,2001,6
Egypt,2002,6
Egypt,2003,8
Egypt,2004,7
Egypt,2005,6
Egypt,2006,5
Egypt,2007,5
Egypt,2008,5
Egypt,2009,7
Egypt,2010,9
Egypt,2011,6
Egypt,2012,7
Egypt,2013,9
Egypt,2014,5
Egypt,2015,8
Egypt,2016,12
Egypt,2017,13
Egypt,2018,12
Egypt,2019,15
Egypt,2020,19
Egypt,2021,28
Egypt,2022,29
Egypt,2023,36
Egypt,2024,39
Western Sahara,1998,0
Western Sahara,1999,0
Western Sahara,2000,0
Western Sahara,2001,0
Western Sahara,2002,0
Western Sahara,2003,0
Western Sahara,2004,0
Western Sahara,2005,0
Western Sahara,2006,0
Western Sahara,2007,0
Western Sahara,2008,0
Western Sahara,2009,0
Western Sahara,2010,0
Western Sahara,2011,0
Western Sahara,2012,0
Western Sahara,2013,0
Western Sahara,2014,0
Western Sahara,2015,0
Western Sahara,2016,0
Western Sahara,2017,0
Western Sahara,2018,1
Western Sahara,2019,1
Western Sahara,2020,1
Western Sahara,2021,1
Western Sahara,2022,1
Western Sahara,2023,0
Western Sahara,2024,0
Eritrea,1998,0
Eritrea,1999,0
Eritrea,2000,0
Eritrea,2001,0
Eritrea,2002,0
Eritrea,2003,0
Eritrea,2004,0
Eritrea,2005,2
Eritrea,2006,0
Eritrea,2007,0
Eritrea,2008,1
Eritrea,2009,2
Eritrea,2010,3
Eritrea,2011,3
Eritrea,2012,3
Eritrea,2013,5
Eritrea,2014,8
Eritrea,2015,3
Eritrea,2016,4
Eritrea,2017,4
Eritrea,2018,5
Eritrea,2019,5
Eritrea,2020,2
Eritrea,2021,2
Eritrea,2022,1
Eritrea,2023,1
Eritrea,2024,1
Ethiopia,1998,0
Ethiopia,1999,1
Ethiopia,2000,3
Ethiopia,2001,10
Ethiopia,2002,10
Ethiopia,2003,11
Ethiopia,2004,11
Ethiopia,2005,14
Ethiopia,2006,15
Ethiopia,2007,16
Ethiopia,2008,20
Ethiopia,2009,16
Ethiopia,2010,13
Ethiopia,2011,10
Ethiopia,2012,10
Ethiopia,2013,13
Ethiopia,2014,10
Ethiopia,2015,10
Ethiopia,2016,11
Ethiopia,2017,15
Ethiopia,2018,18
Ethiopia,2019,20
Ethiopia,2020,19
Ethiopia,2021,20
Ethiopia,2022,27
Ethiopia,2023,29
Ethiopia,2024,34
Gabon,1998,0
Gabon,1999,0
Gabon,2000,0
Gabon,2001,0
Gabon,2002,0
Gabon,2003,0
Gabon,2004,0
Gabon,2005,0
Gabon,2006,0
Gabon,2007,0
Gabon,2008,0
Gabon,2009,0
Gabon,2010,0
Gabon,2011,0
Gabon,2012,0
Gabon,2013,0
Gabon,2014,0
Gabon,2015,0
Gabon,2016,0
Gabon,2017,0
Gabon,2018,0
Gabon,2019,0
Gabon,2020,0
Gabon,2021,0
Gabon,2022,0
Gabon,2023,0
Gabon,2024,0
Ghana,1998,4
Ghana,1999,4
Ghana,2000,5
Ghana,2001,11
Ghana,2002,15
Ghana,2003,13
Ghana,2004,12
Ghana,2005,9
Ghana,2006,10
Ghana,2007,11
Ghana,2008,12
Ghana,2009,11
Ghana,2010,11
Ghana,2011,7
Ghana,2012,7
Ghana,2013,13
Ghana,2014,14
Ghana,2015,17
Ghana,2016,23
Ghana,2017,25
Ghana,2018,43
Ghana,2019,51
Ghana,2020,60
Ghana,2021,63
Ghana,2022,75
Ghana,2023,82
Ghana,2024,118
Gambia,1998,0
Gambia,1999,1
Gambia,2000,1
Gambia,2001,1
Gambia,2002,3
Gambia,2003,3
Gambia,2004,3
Gambia,2005,3
Gambia,2006,2
Gambia,2007,2
Gambia,2008,3
Gambia,2009,3
Gambia,2010,3
Gambia,2011,3
Gambia,2012,5
Gambia,2013,4
Gambia,2014,6
Gambia,2015,6
Gambia,2016,6
Gambia,2017,8
Gambia,2018,8
Gambia,2019,10
Gambia,2020,9
Gambia,2021,7
Gambia,2022,8
Gambia,2023,11
Gambia,2024,13
Guinea,1998,0
Guinea,1999,0
Guinea,2000,3
Guinea,2001,5
Guinea,2002,5
Guinea,2003,6
Guinea,2004,7
Guinea,2005,5
Guinea,2006,6
Guinea,2007,4
Guinea,2008,2
Guinea,2009,2
Guinea,2010,2
Guinea,2011,4
Guinea,2012,5
Guinea,2013,5
Guinea,2014,6
Guinea,2015,6
Guinea,2016,5
Guinea,2017,7
Guinea,2018,6
Guinea,2019,7
Guinea,2020,9
Guinea,2021,9
Guinea,2022,8
Guinea,2023,8
Guinea,2024,9
Equatorial Guinea,1998,0
Equatorial Guinea,1999,0
Equatorial Guinea,2000,0
Equatorial Guinea,2001,0
Equatorial Guinea,2002,1
Equatorial Guinea,2003,1
Equatorial Guinea,2004,0
Equatorial Guinea,2005,0
Equatorial Guinea,2006,0
Equatorial Guinea,2007,0
Equatorial Guinea,2008,0
Equatorial Guinea,2009,0
Equatorial Guinea,2010,1
Equatorial Guinea,2011,1
Equatorial Guinea,2012,1
Equatorial Guinea,2013,1
Equatorial Guinea,2014,1
Equatorial Guinea,2015,1
Equatorial Guinea,2016,0
Equatorial Guinea,2017,1
Equatorial Guinea,2018,2
Equatorial Guinea,2019,1
Equatorial Guinea,2020,1
Equatorial Guinea,2021,1
Equatorial Guinea,2022,1
Equatorial Guinea,2023,1
Equatorial Guinea,2024,1
Guinea-Bissau,1998,1
Guinea-Bissau,1999,1
Guinea-Bissau,2000,1
Guinea-Bissau,2001,1
Guinea-Bissau,2002,1
Guinea-Bissau,2003,0
Guinea-Bissau,2004,0
Guinea-Bissau,2005,0
Guinea-Bissau,2006,0
Guinea-Bissau,2007,0
Guinea-Bissau,2008,0
Guinea-Bissau,2009,0
Guinea-Bissau,2010,0
Guinea-Bissau,2011,0
Guinea-Bissau,2012,0
Guinea-Bissau,2013,0
Guinea-Bissau,2014,0
Guinea-Bissau,2015,0
Guinea-Bissau,2016,0
Guinea-Bissau,2017,1
Guinea-Bissau,2018,1
Guinea-Bissau,2019,0
Guinea-Bissau,2020,0
Guinea-Bissau,2021,0
Guinea-Bissau,2022,0
Guinea-Bissau,2023,0
Guinea-Bissau,2024,0
Kenya,1998,1
Kenya,1999,1
Kenya,2000,1
Kenya,2001,3
Kenya,2002,5
Kenya,2003,4
Kenya,2004,5
Kenya,2005,5
Kenya,2006,7
Kenya,2007,8
Kenya,2008,14
Kenya,2009,9
Kenya,2010,9
Kenya,2011,8
Kenya,2012,12
Kenya,2013,18
Kenya,2014,21
Kenya,2015,16
Kenya,2016,14
Kenya,2017,15
Kenya,2018,11
Kenya,2019,9
Kenya,2020,10
Kenya,2021,12
Kenya,2022,16
Kenya,2023,17
Kenya,2024,24
Saint Lucia,1998,0
Saint Lucia,1999,0
Saint Lucia,2000,0
Saint Lucia,2001,0
Saint Lucia,2002,0
Saint Lucia,2003,0
Saint Lucia,2004,0
Saint Lucia,2005,0
Saint Lucia,2006,0
Saint Lucia,2007,0
Saint Lucia,2008,0
Saint Lucia,2009,0
Saint Lucia,2010,0
Saint Lucia,2011,0
Saint Lucia,2012,0
Saint Lucia,2013,0
Saint Lucia,2014,0
Saint Lucia,2015,0
Saint Lucia,2016,0
Saint Lucia,2017,0
Saint Lucia,2018,0
Saint Lucia,2019,0
Saint Lucia,2020,1
Saint Lucia,2021,0
Saint Lucia,2022,0
Saint Lucia,2023,0
Saint Lucia,2024,0
Liberia,1998,0
Liberia,1999,0
Liberia,2000,0
Liberia,2001,0
Liberia,2002,0
Liberia,2003,0
Liberia,2004,0
Liberia,2005,0
Liberia,2006,0
Liberia,2007,0
Liberia,2008,0
Liberia,2009,1
Liberia,2010,0
Liberia,2011,1
Liberia,2012,0
Liberia,2013,1
Liberia,2014,0
Liberia,2015,0
Liberia,2016,0
Liberia,2017,1
Liberia,2018,2
Liberia,2019,5
Liberia,2020,2
Liberia,2021,2
Liberia,2022,3
Liberia,2023,2
Liberia,2024,1
Lesotho,1998,0
Lesotho,1999,0
Lesotho,2000,0
Lesotho,2001,0
Lesotho,2002,0
Lesotho,2003,0
Lesotho,2004,0
Lesotho,2005,0
Lesotho,2006,4
Lesotho,2007,4
Lesotho,2008,0
Lesotho,2009,0
Lesotho,2010,0
Lesotho,2011,0
Lesotho,2012,0
Lesotho,2013,0
Lesotho,2014,0
Lesotho,2015,0
Lesotho,2016,0
Lesotho,2017,0
Lesotho,2018,0
Lesotho,2019,0
Lesotho,2020,0
Lesotho,2021,0
Lesotho,2022,0
Lesotho,2023,0
Lesotho,2024,1
Libya,1998,0
Libya,1999,0
Libya,2000,0
Libya,2001,0
Libya,2002,0
Libya,2003,0
Libya,2004,1
Libya,2005,1
Libya,2006,1
Libya,2007,1
Libya,2008,1
Libya,2009,1
Libya,2010,2
Libya,2011,2
Libya,2012,2
Libya,2013,2
Libya,2014,1
Libya,2015,1
Libya,2016,2
Libya,2017,4
Libya,2018,3
Libya,2019,2
Libya,2020,4
Libya,2021,5
Libya,2022,7
Libya,2023,8
Libya,2024,11
Morocco,1998,23
Morocco,1999,26
Morocco,2000,28
Morocco,2001,36
Morocco,2002,39
Morocco,2003,42
Morocco,2004,42
Morocco,2005,38
Morocco,2006,49
Morocco,2007,60
Morocco,2008,55
Morocco,2009,43
Morocco,2010,46
Morocco,2011,40
Morocco,2012,42
Morocco,2013,38
Morocco,2014,38
Morocco,2015,38
Morocco,2016,40
Morocco,2017,45
Morocco,2018,56
Morocco,2019,59
Morocco,2020,62
Morocco,2021,71
Morocco,2022,72
Morocco,2023,70
Morocco,2024,81
Madagascar,1998,1
Madagascar,1999,1
Madagascar,2000,1
Madagascar,2001,1
Madagascar,2002,0
Madagascar,2003,0
Madagascar,2004,0
Madagascar,2005,0
Madagascar,2006,0
Madagascar,2007,0
Madagascar,2008,0
Madagascar,2009,0
Madagascar,2010,0
Madagascar,2011,0
Madagascar,2012,0
Madagascar,2013,0
Madagascar,2014,0
Madagascar,2015,0
Madagascar,2016,0
Madagascar,2017,0
Madagascar,2018,0
Madagascar,2019,0
Madagascar,2020,0
Madagascar,2021,0
Madagascar,2022,0
Madagascar,2023,0
Madagascar,2024,0
Mali,1998,0
Mali,1999,0
Mali,2000,0
Mali,2001,0
Mali,2002,0
Mali,2003,0
Mali,2004,0
Mali,2005,0
Mali,2006,0
Mali,2007,0
Mali,2008,0
Mali,2009,1
Mali,2010,1
Mali,2011,1
Mali,2012,1
Mali,2013,1
Mali,2014,1
Mali,2015,1
Mali,2016,2
Mali,2017,2
Mali,2018,3
Mali,2019,3
Mali,2020,2
Mali,2021,3
Mali,2022,2
Mali,2023,3
Mali,2024,3
Mauritania,1998,0
Mauritania,1999,0
Mauritania,2000,0
Mauritania,2001,0
Mauritania,2002,0
Mauritania,2003,0
Mauritania,2004,0
Mauritania,2005,0
Mauritania,2006,0
Mauritania,2007,0
Mauritania,2008,0
Mauritania,2009,0
Mauritania,2010,0
Mauritania,2011,0
Mauritania,2012,0
Mauritania,2013,0
Mauritania,2014,0
Mauritania,2015,0
Mauritania,2016,1
Mauritania,2017,1
Mauritania,2018,1
Mauritania,2019,1
Mauritania,2020,0
Mauritania,2021,1
Mauritania,2022,2
Mauritania,2023,1
Mauritania,2024,0
Mauritius,1998,1
Mauritius,1999,1
Mauritius,2000,1
Mauritius,2001,2
Mauritius,2002,2
Mauritius,2003,1
Mauritius,2004,3
Mauritius,2005,2
Mauritius,2006,2
Mauritius,2007,3
Mauritius,2008,3
Mauritius,2009,1
Mauritius,2010,2
Mauritius,2011,1
Mauritius,2012,1
Mauritius,2013,1
Mauritius,2014,1
Mauritius,2015,1
Mauritius,2016,1
Mauritius,2017,2
Mauritius,2018,2
Mauritius,2019,2
Mauritius,2020,2
Mauritius,2021,2
Mauritius,2022,1
Mauritius,2023,2
Mauritius,2024,2
Malawi,1998,0
Malawi,1999,0
Malawi,2000,0
Malawi,2001,0
Malawi,2002,0
Malawi,2003,0
Malawi,2004,2
Malawi,2005,1
Malawi,2006,1
Malawi,2007,1
Malawi,2008,0
Malawi,2009,0
Malawi,2010,0
Malawi,2011,0
Malawi,2012,0
Malawi,2013,0
Malawi,2014,0
Malawi,2015,2
Malawi,2016,2
Malawi,2017,1
Malawi,2018,0
Malawi,2019,0
Malawi,2020,5
Malawi,2021,4
Malawi,2022,6
Malawi,2023,5
Malawi,2024,7
Mozambique,1998,0
Mozambique,1999,0
Mozambique,2000,0
Mozambique,2001,0
Mozambique,2002,0
Mozambique,2003,0
Mozambique,2004,1
Mozambique,2005,0
Mozambique,2006,0
Mozambique,2007,0
Mozambique,2008,0
Mozambique,2009,0
Mozambique,2010,1
Mozambique,2011,1
Mozambique,2012,1
Mozambique,2013,3
Mozambique,2014,3
Mozambique,2015,4
Mozambique,2016,4
Mozambique,2017,4
Mozambique,2018,4
Mozambique,2019,4
Mozambique,2020,2
Mozambique,2021,3
Mozambique,2022,4
Mozambique,2023,3
Mozambique,2024,3
Namibia,1998,4
Namibia,1999,2
Namibia,2000,4
Namibia,2001,5
Namibia,2002,9
Namibia,2003,8
Namibia,2004,10
Namibia,2005,6
Namibia,2006,4
Namibia,2007,3
Namibia,2008,3
Namibia,2009,5
Namibia,2010,4
Namibia,2011,4
Namibia,2012,3
Namibia,2013,1
Namibia,2014,3
Namibia,2015,1
Namibia,2016,2
Namibia,2017,2
Namibia,2018,3
Namibia,2019,1
Namibia,2020,1
Namibia,2021,0
Namibia,2022,3
Namibia,2023,4
Namibia,2024,3
Niger,1998,0
Niger,1999,0
Niger,2000,0
Niger,2001,0
Niger,2002,0
Niger,2003,0
Niger,2004,0
Niger,2005,0
Niger,2006,1
Niger,2007,1
Niger,2008,0
Niger,2009,0
Niger,2010,0
Niger,2011,0
Niger,2012,0
Niger,2013,0
Niger,2014,0
Niger,2015,0
Niger,2016,0
Niger,2017,0
Niger,2018,0
Niger,2019,0
Niger,2020,0
Niger,2021,0
Niger,2022,0
Niger,2023,0
Niger,2024,0
Nigeria,1998,4
Nigeria,1999,8
Nigeria,2000,9
Nigeria,2001,20
Nigeria,2002,18
Nigeria,2003,19
Nigeria,2004,17
Nigeria,2005,17
Nigeria,2006,15
Nigeria,2007,15
Nigeria,2008,17
Nigeria,2009,16
Nigeria,2010,13
Nigeria,2011,16
Nigeria,2012,16
Nigeria,2013,20
Nigeria,2014,22
Nigeria,2015,30
Nigeria,2016,37
Nigeria,2017,40
Nigeria,2018,55
Nigeria,2019,56
Nigeria,2020,73
Nigeria,2021,91
Nigeria,2022,109
Nigeria,2023,117
Nigeria,2024,150
Rwanda,1998,0
Rwanda,1999,1
Rwanda,2000,1
Rwanda,2001,1
Rwanda,2002,1
Rwanda,2003,1
Rwanda,2004,1
Rwanda,2005,1
Rwanda,2006,1
Rwanda,2007,1
Rwanda,2008,1
Rwanda,2009,1
Rwanda,2010,1
Rwanda,2011,1
Rwanda,2012,1
Rwanda,2013,1
Rwanda,2014,2
Rwanda,2015,2
Rwanda,2016,1
Rwanda,2017,1
Rwanda,2018,1
Rwanda,2019,1
Rwanda,2020,2
Rwanda,2021,2
Rwanda,2022,2
Rwanda,2023,1
Rwanda,2024,2
Seychelles,1998,0
Seychelles,1999,0
Seychelles,2000,0
Seychelles,2001,0
Seychelles,2002,0
Seychelles,2003,0
Seychelles,2004,0
Seychelles,2005,0
Seychelles,2006,0
Seychelles,2007,0
Seychelles,2008,0
Seychelles,2009,0
Seychelles,2010,0
Seychelles,2011,0
Seychelles,2012,0
Seychelles,2013,0
Seychelles,2014,0
Seychelles,2015,0
Seychelles,2016,0
Seychelles,2017,0
Seychelles,2018,0
Seychelles,2019,0
Seychelles,2020,0
Seychelles,2021,0
Seychelles,2022,0
Seychelles,2023,0
Seychelles,2024,0
Sudan,1998,0
Sudan,1999,0
Sudan,2000,0
Sudan,2001,0
Sudan,2002,0
Sudan,2003,0
Sudan,2004,0
Sudan,2005,0
Sudan,2006,0
Sudan,2007,0
Sudan,2008,0
Sudan,2009,0
Sudan,2010,0
Sudan,2011,0
Sudan,2012,0
Sudan,2013,0
Sudan,2014,0
Sudan,2015,0
Sudan,2016,1
Sudan,2017,2
Sudan,2018,2
Sudan,2019,3
Sudan,2020,7
Sudan,2021,8
Sudan,2022,8
Sudan,2023,6
Sudan,2024,7
Sierra Leone,1998,2
Sierra Leone,1999,2
Sierra Leone,2000,3
Sierra Leone,2001,5
Sierra Leone,2002,5
Sierra Leone,2003,4
Sierra Leone,2004,3
Sierra Leone,2005,3
Sierra Leone,2006,3
Sierra Leone,2007,3
Sierra Leone,2008,4
Sierra Leone,2009,4
Sierra Leone,2010,4
Sierra Leone,2011,5
Sierra Leone,2012,5
Sierra Leone,2013,5
Sierra Leone,2014,5
Sierra Leone,2015,5
Sierra Leone,2016,5
Sierra Leone,2017,5
Sierra Leone,2018,5
Sierra Leone,2019,7
Sierra Leone,2020,8
Sierra Leone,2021,5
Sierra Leone,2022,8
Sierra Leone,2023,6
Sierra Leone,2024,8
Senegal,1998,0
Senegal,1999,1
Senegal,2000,2
Senegal,2001,3
Senegal,2002,4
Senegal,2003,3
Senegal,2004,5
Senegal,2005,4
Senegal,2006,3
Senegal,2007,3
Senegal,2008,4
Senegal,2009,3
Senegal,2010,3
Senegal,2011,5
Senegal,2012,5
Senegal,2013,6
Senegal,2014,5
Senegal,2015,5
Senegal,2016,6
Senegal,2017,5
Senegal,2018,6
Senegal,2019,7
Senegal,2020,9
Senegal,2021,10
Senegal,2022,13
Senegal,2023,11
Senegal,2024,14
Somalia,1998,1
Somalia,1999,1
Somalia,2000,1
Somalia,2001,1
Somalia,2002,1
Somalia,2003,1
Somalia,2004,1
Somalia,2005,1
Somalia,2006,1
Somalia,2007,1
Somalia,2008,0
Somalia,2009,0
Somalia,2010,0
Somalia,2011,0
Somalia,2012,0
Somalia,2013,0
Somalia,2014,0
Somalia,2015,0
Somalia,2016,2
Somalia,2017,5
Somalia,2018,9
Somalia,2019,18
Somalia,2020,38
Somalia,2021,75
Somalia,2022,91
Somalia,2023,109
Somalia,2024,136
South Sudan,1998,0
South Sudan,1999,0
South Sudan,2000,0
South Sudan,2001,0
South Sudan,2002,0
South Sudan,2003,0
South Sudan,2004,0
South Sudan,2005,0
South Sudan,2006,0
South Sudan,2007,0
South Sudan,2008,0
South Sudan,2009,0
South Sudan,2010,0
South Sudan,2011,0
South Sudan,2012,0
South Sudan,2013,0
South Sudan,2014,0
South Sudan,2015,0
South Sudan,2016,0
South Sudan,2017,0
South Sudan,2018,0
South Sudan,2019,3
South Sudan,2020,3
South Sudan,2021,3
South Sudan,2022,3
South Sudan,2023,4
South Sudan,2024,5
Chad,1998,0
Chad,1999,0
Chad,2000,0
Chad,2001,0
Chad,2002,0
Chad,2003,0
Chad,2004,0
Chad,2005,0
Chad,2006,0
Chad,2007,0
Chad,2008,0
Chad,2009,0
Chad,2010,0
Chad,2011,0
Chad,2012,0
Chad,2013,0
Chad,2014,0
Chad,2015,0
Chad,2016,0
Chad,2017,0
Chad,2018,1
Chad,2019,2
Chad,2020,2
Chad,2021,2
Chad,2022,4
Chad,2023,4
Chad,2024,2
Togo,1998,0
Togo,1999,0
Togo,2000,0
Togo,2001,0
Togo,2002,0
Togo,2003,0
Togo,2004,0
Togo,2005,0
Togo,2006,0
Togo,2007,1
Togo,2008,0
Togo,2009,0
Togo,2010,0
Togo,2011,0
Togo,2012,0
Togo,2013,1
Togo,2014,2
Togo,2015,0
Togo,2016,0
Togo,2017,1
Togo,2018,2
Togo,2019,2
Togo,2020,2
Togo,2021,2
Togo,2022,2
Togo,2023,2
Togo,2024,2
Tunisia,1998,3
Tunisia,1999,4
Tunisia,2000,5
Tunisia,2001,8
Tunisia,2002,8
Tunisia,2003,7
Tunisia,2004,7
Tunisia,2005,7
Tunisia,2006,2
Tunisia,2007,3
Tunisia,2008,3
Tunisia,2009,4
Tunisia,2010,4
Tunisia,2011,4
Tunisia,2012,3
Tunisia,2013,5
Tunisia,2014,5
Tunisia,2015,6
Tunisia,2016,9
Tunisia,2017,10
Tunisia,2018,12
Tunisia,2019,13
Tunisia,2020,18
Tunisia,2021,22
Tunisia,2022,23
Tunisia,2023,23
Tunisia,2024,25
Tanzania,1998,0
Tanzania,1999,0
Tanzania,2000,1
Tanzania,2001,1
Tanzania,2002,1
Tanzania,2003,0
Tanzania,2004,0
Tanzania,2005,0
Tanzania,2006,1
Tanzania,2007,1
Tanzania,2008,3
Tanzania,2009,3
Tanzania,2010,3
Tanzania,2011,2
Tanzania,2012,2
Tanzania,2013,4
Tanzania,2014,5
Tanzania,2015,6
Tanzania,2016,5
Tanzania,2017,2
Tanzania,2018,2
Tanzania,2019,3
Tanzania,2020,5
Tanzania,2021,4
Tanzania,2022,8
Tanzania,2023,6
Tanzania,2024,5
Uganda,1998,0
Uganda,1999,0
Uganda,2000,0
Uganda,2001,0
Uganda,2002,0
Uganda,2003,0
Uganda,2004,1
Uganda,2005,1
Uganda,2006,2
Uganda,2007,5
Uganda,2008,6
Uganda,2009,7
Uganda,2010,4
Uganda,2011,7
Uganda,2012,7
Uganda,2013,5
Uganda,2014,4
Uganda,2015,7
Uganda,2016,8
Uganda,2017,8
Uganda,2018,12
Uganda,2019,14
Uganda,2020,31
Uganda,2021,36
Uganda,2022,31
Uganda,2023,33
Uganda,2024,40
South Africa,1998,9
South Africa,1999,7
South Africa,2000,10
South Africa,2001,10
South Africa,2002,12
South Africa,2003,13
South Africa,2004,12
South Africa,2005,8
South Africa,2006,10
South Africa,2007,11
South Africa,2008,11
South Africa,2009,9
South Africa,2010,9
South Africa,2011,8
South Africa,2012,11
South Africa,2013,17
South Africa,2014,9
South Africa,2015,8
South Africa,2016,6
South Africa,2017,12
South Africa,2018,10
South Africa,2019,11
South Africa,2020,14
South Africa,2021,17
South Africa,2022,17
South Africa,2023,19
South Africa,2024,17
Zambia,1998,1
Zambia,1999,1
Zambia,2000,1
Zambia,2001,1
Zambia,2002,0
Zambia,2003,0
Zambia,2004,0
Zambia,2005,0
Zambia,2006,0
Zambia,2007,0
Zambia,2008,0
Zambia,2009,0
Zambia,2010,0
Zambia,2011,0
Zambia,2012,0
Zambia,2013,0
Zambia,2014,0
Zambia,2015,0
Zambia,2016,0
Zambia,2017,0
Zambia,2018,0
Zambia,2019,1
Zambia,2020,1
Zambia,2021,1
Zambia,2022,1
Zambia,2023,1
Zambia,2024,1
Zaire,1998,1
Zaire,1999,1
Zaire,2000,1
Zaire,2001,1
Zaire,2002,1
Zaire,2003,1
Zaire,2004,0
Zaire,2005,0
Zaire,2006,0
Zaire,2007,0
Zaire,2008,0
Zaire,2009,0
Zaire,2010,0
Zaire,2011,0
Zaire,2012,0
Zaire,2013,0
Zaire,2014,0
Zaire,2015,0
Zaire,2016,0
Zaire,2017,0
Zaire,2018,0
Zaire,2019,0
Zaire,2020,0
Zaire,2021,0
Zaire,2022,0
Zaire,2023,0
Zaire,2024,0
Zimbabwe,1998,0
Zimbabwe,1999,0
Zimbabwe,2000,0
Zimbabwe,2001,0
Zimbabwe,2002,0
Zimbabwe,2003,0
Zimbabwe,2004,0
Zimbabwe,2005,0
Zimbabwe,2006,0
Zimbabwe,2007,1
Zimbabwe,2008,1
Zimbabwe,2009,0
Zimbabwe,2010,0
Zimbabwe,2011,0
Zimbabwe,2012,0
Zimbabwe,2013,0
Zimbabwe,2014,0
Zimbabwe,2015,0
Zimbabwe,2016,1
Zimbabwe,2017,1
Zimbabwe,2018,1
Zimbabwe,2019,1
Zimbabwe,2020,4
Zimbabwe,2021,4
Zimbabwe,2022,4
Zimbabwe,2023,5
Zimbabwe,2024,7
Afghanistan,1998,0
Afghanistan,1999,0
Afghanistan,2000,0
Afghanistan,2001,0
Afghanistan,2002,3
Afghanistan,2003,3
Afghanistan,2004,3
Afghanistan,2005,3
Afghanistan,2006,3
Afghanistan,2007,3
Afghanistan,2008,3
Afghanistan,2009,0
Afghanistan,2010,1
Afghanistan,2011,3
Afghanistan,2012,2
Afghanistan,2013,3
Afghanistan,2014,4
Afghanistan,2015,7
Afghanistan,2016,8
Afghanistan,2017,15
Afghanistan,2018,36
Afghanistan,2019,52
Afghanistan,2020,85
Afghanistan,2021,112
Afghanistan,2022,133
Afghanistan,2023,191
Afghanistan,2024,221
Armenia,1998,0
Armenia,1999,1
Armenia,2000,1
Armenia,2001,1
Armenia,2002,1
Armenia,2003,1
Armenia,2004,1
Armenia,2005,1
Armenia,2006,1
Armenia,2007,1
Armenia,2008,1
Armenia,2009,1
Armenia,2010,0
Armenia,2011,0
Armenia,2012,0
Armenia,2013,0
Armenia,2014,0
Armenia,2015,2
Armenia,2016,2
Armenia,2017,2
Armenia,2018,1
Armenia,2019,2
Armenia,2020,2
Armenia,2021,2
Armenia,2022,1
Armenia,2023,1
Armenia,2024,1
Azerbaijan,1998,0
Azerbaijan,1999,0
Azerbaijan,2000,0
Azerbaijan,2001,0
Azerbaijan,2002,1
Azerbaijan,2003,1
Azerbaijan,2004,1
Azerbaijan,2005,2
Azerbaijan,2006,1
Azerbaijan,2007,1
Azerbaijan,2008,1
Azerbaijan,2009,1
Azerbaijan,2010,1
Azerbaijan,2011,1
Azerbaijan,2012,1
Azerbaijan,2013,0
Azerbaijan,2014,0
Azerbaijan,2015,0
Azerbaijan,2016,0
Azerbaijan,2017,3
Azerbaijan,2018,3
Azerbaijan,2019,4
Azerbaijan,2020,6
Azerbaijan,2021,6
Azerbaijan,2022,6
Azerbaijan,2023,6
Azerbaijan,2024,7
Bangladesh,1998,0
Bangladesh,1999,0
Bangladesh,2000,0
Bangladesh,2001,0
Bangladesh,2002,0
Bangladesh,2003,0
Bangladesh,2004,0
Bangladesh,2005,0
Bangladesh,2006,0
Bangladesh,2007,0
Bangladesh,2008,1
Bangladesh,2009,1
Bangladesh,2010,0
Bangladesh,2011,2
Bangladesh,2012,2
Bangladesh,2013,3
Bangladesh,2014,5
Bangladesh,2015,4
Bangladesh,2016,3
Bangladesh,2017,2
Bangladesh,2018,2
Bangladesh,2019,6
Bangladesh,2020,17
Bangladesh,2021,4
Bangladesh,2022,6
Bangladesh,2023,10
Bangladesh,2024,11
China,1998,37
China,1999,43
China,2000,51
China,2001,64
China,2002,62
China,2003,70
China,2004,83
China,2005,132
China,2006,470
China,2007,620
China,2008,259
China,2009,105
China,2010,106
China,2011,118
China,2012,84
China,2013,75
China,2014,77
China,2015,77
China,2016,87
China,2017,90
China,2018,104
China,2019,121
China,2020,125
China,2021,123
China,2022,135
China,2023,138
China,2024,141
Georgia,1998,0
Georgia,1999,1
Georgia,2000,2
Georgia,2001,4
Georgia,2002,7
Georgia,2003,7
Georgia,2004,8
Georgia,2005,6
Georgia,2006,5
Georgia,2007,5
Georgia,2008,6
Georgia,2009,3
Georgia,2010,2
Georgia,2011,1
Georgia,2012,0
Georgia,2013,0
Georgia,2014,1
Georgia,2015,0
Georgia,2016,2
Georgia,2017,3
Georgia,2018,11
Georgia,2019,18
Georgia,2020,22
Georgia,2021,27
Georgia,2022,35
Georgia,2023,48
Georgia,2024,59
Indonesia,1998,3
Indonesia,1999,2
Indonesia,2000,2
Indonesia,2001,4
Indonesia,2002,6
Indonesia,2003,7
Indonesia,2004,5
Indonesia,2005,7
Indonesia,2006,5
Indonesia,2007,41
Indonesia,2008,47
Indonesia,2009,11
Indonesia,2010,9
Indonesia,2011,6
Indonesia,2012,5
Indonesia,2013,8
Indonesia,2014,7
Indonesia,2015,6
Indonesia,2016,8
Indonesia,2017,7
Indonesia,2018,8
Indonesia,2019,7
Indonesia,2020,14
Indonesia,2021,15
Indonesia,2022,16
Indonesia,2023,14
Indonesia,2024,18
Israel,1998,3
Israel,1999,3
Israel,2000,2
Israel,2001,3
Israel,2002,4
Israel,2003,5
Israel,2004,5
Israel,2005,4
Israel,2006,5
Israel,2007,7
Israel,2008,7
Israel,2009,6
Israel,2010,6
Israel,2011,6
Israel,2012,3
Israel,2013,6
Israel,2014,6
Israel,2015,5
Israel,2016,7
Israel,2017,8
Israel,2018,6
Israel,2019,7
Israel,2020,3
Israel,2021,3
Israel,2022,3
Israel,2023,6
Israel,2024,10
India,1998,13
India,1999,13
India,2000,12
India,2001,23
India,2002,27
India,2003,27
India,2004,30
India,2005,31
India,2006,42
India,2007,68
India,2008,83
India,2009,78
India,2010,48
India,2011,44
India,2012,48
India,2013,50
India,2014,53
India,2015,58
India,2016,53
India,2017,59
India,2018,59
India,2019,66
India,2020,73
India,2021,103
India,2022,156
India,2023,232
India,2024,278
Iraq,1998,3
Iraq,1999,4
Iraq,2000,6
Iraq,2001,7
Iraq,2002,7
Iraq,2003,6
Iraq,2004,6
Iraq,2005,5
Iraq,2006,4
Iraq,2007,4
Iraq,2008,6
Iraq,2009,8
Iraq,2010,6
Iraq,2011,6
Iraq,2012,5
Iraq,2013,10
Iraq,2014,9
Iraq,2015,6
Iraq,2016,6
Iraq,2017,27
Iraq,2018,56
Iraq,2019,100
Iraq,2020,133
Iraq,2021,205
Iraq,2022,218
Iraq,2023,244
Iraq,2024,259
Iran,1998,5
Iran,1999,5
Iran,2000,7
Iran,2001,6
Iran,2002,2
Iran,2003,3
Iran,2004,6
Iran,2005,6
Iran,2006,4
Iran,2007,6
Iran,2008,10
Iran,2009,7
Iran,2010,5
Iran,2011,8
Iran,2012,14
Iran,2013,17
Iran,2014,19
Iran,2015,18
Iran,2016,24
Iran,2017,40
Iran,2018,42
Iran,2019,64
Iran,2020,87
Iran,2021,99
Iran,2022,101
Iran,2023,113
Iran,2024,126
Jordan,1998,3
Jordan,1999,3
Jordan,2000,6
Jordan,2001,5
Jordan,2002,4
Jordan,2003,6
Jordan,2004,6
Jordan,2005,5
Jordan,2006,5
Jordan,2007,2
Jordan,2008,4
Jordan,2009,2
Jordan,2010,2
Jordan,2011,2
Jordan,2012,1
Jordan,2013,2
Jordan,2014,1
Jordan,2015,1
Jordan,2016,1
Jordan,2017,2
Jordan,2018,2
Jordan,2019,2
Jordan,2020,4
Jordan,2021,5
Jordan,2022,6
Jordan,2023,4
Jordan,2024,4
Japan,1998,5
Japan,1999,6
Japan,2000,5
Japan,2001,6
Japan,2002,9
Japan,2003,9
Japan,2004,9
Japan,2005,10
Japan,2006,12
Japan,2007,12
Japan,2008,14
Japan,2009,13
Japan,2010,12
Japan,2011,11
Japan,2012,18
Japan,2013,15
Japan,2014,12
Japan,2015,18
Japan,2016,20
Japan,2017,15
Japan,2018,24
Japan,2019,9
Japan,2020,14
Japan,2021,11
Japan,2022,11
Japan,2023,13
Japan,2024,17
Kyrgyzstan,1998,0
Kyrgyzstan,1999,0
Kyrgyzstan,2000,0
Kyrgyzstan,2001,0
Kyrgyzstan,2002,0
Kyrgyzstan,2003,0
Kyrgyzstan,2004,0
Kyrgyzstan,2005,0
Kyrgyzstan,2006,0
Kyrgyzstan,2007,0
Kyrgyzstan,2008,0
Kyrgyzstan,2009,0
Kyrgyzstan,2010,0
Kyrgyzstan,2011,0
Kyrgyzstan,2012,0
Kyrgyzstan,2013,0
Kyrgyzstan,2014,0
Kyrgyzstan,2015,0
Kyrgyzstan,2016,0
Kyrgyzstan,2017,0
Kyrgyzstan,2018,0
Kyrgyzstan,2019,1
Kyrgyzstan,2020,1
Kyrgyzstan,2021,3
Kyrgyzstan,2022,3
Kyrgyzstan,2023,5
Kyrgyzstan,2024,5
Cambodia,1998,0
Cambodia,1999,0
Cambodia,2000,0
Cambodia,2001,0
Cambodia,2002,0
Cambodia,2003,1
Cambodia,2004,1
Cambodia,2005,1
Cambodia,2006,1
Cambodia,2007,1
Cambodia,2008,2
Cambodia,2009,1
Cambodia,2010,1
Cambodia,2011,0
Cambodia,2012,0
Cambodia,2013,0
Cambodia,2014,0
Cambodia,2015,0
Cambodia,2016,0
Cambodia,2017,0
Cambodia,2018,0
Cambodia,2019,0
Cambodia,2020,0
Cambodia,2021,0
Cambodia,2022,0
Cambodia,2023,0
Cambodia,2024,1
"Korea, North-",1998,0
"Korea, North-",1999,0
"Korea, North-",2000,0
"Korea, North-",2001,0
"Korea, North-",2002,0
"Korea, North-",2003,0
"Korea, North-",2004,0
"Korea, North-",2005,0
"Korea, North-",2006,0
"Korea, North-",2007,0
"Korea, North-",2008,0
"Korea, North-",2009,0
"Korea, North-",2010,2
"Korea, North-",2011,0
"Korea, North-",2012,0
"Korea, North-",2013,0
"Korea, North-",2014,0
"Korea, North-",2015,0
"Korea, North-",2016,0
"Korea, North-",2017,0
"Korea, North-",2018,0
"Korea, North-",2019,0
"Korea, North-",2020,0
"Korea, North-",2021,0
"Korea, North-",2022,0
"Korea, North-",2023,0
"Korea, North-",2024,0
"Korea, South-",1998,2
"Korea, South-",1999,2
"Korea, South-",2000,4
"Korea, South-",2001,4
"Korea, South-",2002,2
"Korea, South-",2003,1
"Korea, South-",2004,1
"Korea, South-",2005,1
"Korea, South-",2006,1
"Korea, South-",2007,1
"Korea, South-",2008,1
"Korea, South-",2009,2
"Korea, South-",2010,3
"Korea, South-",2011,1
"Korea, South-",2012,2
"Korea, South-",2013,1
"Korea, South-",2014,2
"Korea, South-",2015,1
"Korea, South-",2016,1
"Korea, South-",2017,1
"Korea, South-",2018,1
"Korea, South-",2019,3
"Korea, South-",2020,4
"Korea, South-",2021,4
"Korea, South-",2022,5
"Korea, South-",2023,3
"Korea, South-",2024,4
Kazakhstan,1998,2
Kazakhstan,1999,0
Kazakhstan,2000,0
Kazakhstan,2001,0
Kazakhstan,2002,0
Kazakhstan,2003,0
Kazakhstan,2004,0
Kazakhstan,2005,0
Kazakhstan,2006,0
Kazakhstan,2007,0
Kazakhstan,2008,0
Kazakhstan,2009,0
Kazakhstan,2010,1
Kazakhstan,2011,1
Kazakhstan,2012,1
Kazakhstan,2013,1
Kazakhstan,2014,1
Kazakhstan,2015,1
Kazakhstan,2016,1
Kazakhstan,2017,3
Kazakhstan,2018,3
Kazakhstan,2019,3
Kazakhstan,2020,3
Kazakhstan,2021,3
Kazakhstan,2022,3
Kazakhstan,2023,4
Kazakhstan,2024,7
Laos,1998,0
Laos,1999,0
Laos,2000,0
Laos,2001,0
Laos,2002,0
Laos,2003,0
Laos,2004,0
Laos,2005,0
Laos,2006,0
Laos,2007,0
Laos,2008,0
Laos,2009,0
Laos,2010,0
Laos,2011,0
Laos,2012,0
Laos,2013,0
Laos,2014,0
Laos,2015,0
Laos,2016,0
Laos,2017,0
Laos,2018,0
Laos,2019,0
Laos,2020,0
Laos,2021,0
Laos,2022,0
Laos,2023,0
Laos,2024,0
Lebanon,1998,2
Lebanon,1999,4
Lebanon,2000,2
Lebanon,2001,3
Lebanon,2002,3
Lebanon,2003,2
Lebanon,2004,2
Lebanon,2005,2
Lebanon,2006,1
Lebanon,2007,2
Lebanon,2008,3
Lebanon,2009,3
Lebanon,2010,1
Lebanon,2011,0
Lebanon,2012,0
Lebanon,2013,0
Lebanon,2014,1
Lebanon,2015,1
Lebanon,2016,3
Lebanon,2017,2
Lebanon,2018,3
Lebanon,2019,5
Lebanon,2020,5
Lebanon,2021,8
Lebanon,2022,7
Lebanon,2023,7
Lebanon,2024,8
Sri Lanka,1998,3
Sri Lanka,1999,3
Sri Lanka,2000,3
Sri Lanka,2001,9
Sri Lanka,2002,12
Sri Lanka,2003,11
Sri Lanka,2004,17
Sri Lanka,2005,16
Sri Lanka,2006,19
Sri Lanka,2007,22
Sri Lanka,2008,33
Sri Lanka,2009,35
Sri Lanka,2010,35
Sri Lanka,2011,34
Sri Lanka,2012,34
Sri Lanka,2013,38
Sri Lanka,2014,37
Sri Lanka,2015,36
Sri Lanka,2016,30
Sri Lanka,2017,29
Sri Lanka,2018,27
Sri Lanka,2019,28
Sri Lanka,2020,25
Sri Lanka,2021,29
Sri Lanka,2022,31
Sri Lanka,2023,34
Sri Lanka,2024,33
Myanmar,1998,0
Myanmar,1999,0
Myanmar,2000,0
Myanmar,2001,0
Myanmar,2002,0
Myanmar,2003,0
Myanmar,2004,0
Myanmar,2005,0
Myanmar,2006,0
Myanmar,2007,0
Myanmar,2008,1
Myanmar,2009,0
Myanmar,2010,0
Myanmar,2011,0
Myanmar,2012,0
Myanmar,2013,0
Myanmar,2014,0
Myanmar,2015,0
Myanmar,2016,0
Myanmar,2017,0
Myanmar,2018,0
Myanmar,2019,1
Myanmar,2020,1
Myanmar,2021,2
Myanmar,2022,2
Myanmar,2023,1
Myanmar,2024,1
Mongolia,1998,3
Mongolia,1999,7
Mongolia,2000,8
Mongolia,2001,6
Mongolia,2002,4
Mongolia,2003,7
Mongolia,2004,10
Mongolia,2005,12
Mongolia,2006,12
Mongolia,2007,13
Mongolia,2008,12
Mongolia,2009,13
Mongolia,2010,12
Mongolia,2011,9
Mongolia,2012,9
Mongolia,2013,8
Mongolia,2014,7
Mongolia,2015,7
Mongolia,2016,7
Mongolia,2017,7
Mongolia,2018,7
Mongolia,2019,8
Mongolia,2020,7
Mongolia,2021,7
Mongolia,2022,6
Mongolia,2023,6
Mongolia,2024,6
Maldives,1998,0
Maldives,1999,0
Maldives,2000,0
Maldives,2001,0
Maldives,2002,0
Maldives,2003,0
Maldives,2004,0
Maldives,2005,0
Maldives,2006,0
Maldives,2007,0
Maldives,2008,0
Maldives,2009,0
Maldives,2010,0
Maldives,2011,0
Maldives,2012,0
Maldives,2013,0
Maldives,2014,0
Maldives,2015,0
Maldives,2016,0
Maldives,2017,0
Maldives,2018,0
Maldives,2019,0
Maldives,2020,1
Maldives,2021,1
Maldives,2022,1
Maldives,2023,1
Maldives,2024,1
Malaysia,1998,3
Malaysia,1999,4
Malaysia,2000,6
Malaysia,2001,5
Malaysia,2002,6
Malaysia,2003,6
Malaysia,2004,7
Malaysia,2005,7
Malaysia,2006,9
Malaysia,2007,11
Malaysia,2008,13
Malaysia,2009,13
Malaysia,2010,11
Malaysia,2011,13
Malaysia,2012,10
Malaysia,2013,10
Malaysia,2014,9
Malaysia,2015,9
Malaysia,2016,10
Malaysia,2017,10
Malaysia,2018,10
Malaysia,2019,10
Malaysia,2020,9
Malaysia,2021,8
Malaysia,2022,11
Malaysia,2023,14
Malaysia,2024,17
Nepal,1998,2
Nepal,1999,3
Nepal,2000,9
Nepal,2001,12
Nepal,2002,17
Nepal,2003,25
Nepal,2004,27
Nepal,2005,34
Nepal,2006,46
Nepal,2007,43
Nepal,2008,37
Nepal,2009,34
Nepal,2010,25
Nepal,2011,24
Nepal,2012,20
Nepal,2013,17
Nepal,2014,15
Nepal,2015,14
Nepal,2016,11
Nepal,2017,16
Nepal,2018,17
Nepal,2019,18
Nepal,2020,19
Nepal,2021,14
Nepal,2022,14
Nepal,2023,22
Nepal,2024,22
Oman,1998,0
Oman,1999,0
Oman,2000,0
Oman,2001,0
Oman,2002,0
Oman,2003,0
Oman,2004,0
Oman,2005,0
Oman,2006,0
Oman,2007,0
Oman,2008,0
Oman,2009,0
Oman,2010,0
Oman,2011,2
Oman,2012,0
Oman,2013,0
Oman,2014,0
Oman,2015,0
Oman,2016,0
Oman,2017,0
Oman,2018,0
Oman,2019,0
Oman,2020,1
Oman,2021,1
Oman,2022,1
Oman,2023,1
Oman,2024,1
Philippines,1998,50
Philippines,1999,67
Philippines,2000,92
Philippines,2001,152
Philippines,2002,194
Philippines,2003,223
Philippines,2004,232
Philippines,2005,251
Philippines,2006,311
Philippines,2007,340
Philippines,2008,315
Philippines,2009,291
Philippines,2010,248
Philippines,2011,241
Philippines,2012,254
Philippines,2013,244
Philippines,2014,240
Philippines,2015,241
Philippines,2016,220
Philippines,2017,228
Philippines,2018,262
Philippines,2019,335
Philippines,2020,353
Philippines,2021,393
Philippines,2022,408
Philippines,2023,449
Philippines,2024,516
Pakistan,1998,2
Pakistan,1999,5
Pakistan,2000,5
Pakistan,2001,6
Pakistan,2002,7
Pakistan,2003,9
Pakistan,2004,13
Pakistan,2005,22
Pakistan,2006,70
Pakistan,2007,95
Pakistan,2008,48
Pakistan,2009,10
Pakistan,2010,5
Pakistan,2011,5
Pakistan,2012,5
Pakistan,2013,6
Pakistan,2014,7
Pakistan,2015,6
Pakistan,2016,13
Pakistan,2017,20
Pakistan,2018,35
Pakistan,2019,45
Pakistan,2020,49
Pakistan,2021,56
Pakistan,2022,67
Pakistan,2023,64
Pakistan,2024,96
Palestine,1998,0
Palestine,1999,0
Palestine,2000,0
Palestine,2001,0
Palestine,2002,0
Palestine,2003,0
Palestine,2004,0
Palestine,2005,0
Palestine,2006,0
Palestine,2007,0
Palestine,2008,0
Palestine,2009,0
Palestine,2010,0
Palestine,2011,1
Palestine,2012,0
Palestine,2013,1
Palestine,2014,1
Palestine,2015,1
Palestine,2016,6
Palestine,2017,12
Palestine,2018,16
Palestine,2019,19
Palestine,2020,35
Palestine,2021,69
Palestine,2022,115
Palestine,2023,231
Palestine,2024,371
Saudi Arabia,1998,0
Saudi Arabia,1999,0
Saudi Arabia,2000,0
Saudi Arabia,2001,0
Saudi Arabia,2002,0
Saudi Arabia,2003,0
Saudi Arabia,2004,0
Saudi Arabia,2005,0
Saudi Arabia,2006,0
Saudi Arabia,2007,0
Saudi Arabia,2008,0
Saudi Arabia,2009,0
Saudi Arabia,2010,0
Saudi Arabia,2011,0
Saudi Arabia,2012,0
Saudi Arabia,2013,0
Saudi Arabia,2014,0
Saudi Arabia,2015,0
Saudi Arabia,2016,0
Saudi Arabia,2017,0
Saudi Arabia,2018,0
Saudi Arabia,2019,0
Saudi Arabia,2020,0
Saudi Arabia,2021,0
Saudi Arabia,2022,0
Saudi Arabia,2023,0
Saudi Arabia,2024,0
Singapore,1998,1
Singapore,1999,2
Singapore,2000,2
Singapore,2001,2
Singapore,2002,2
Singapore,2003,0
Singapore,2004,0
Singapore,2005,0
Singapore,2006,1
Singapore,2007,1
Singapore,2008,1
Singapore,2009,0
Singapore,2010,0
Singapore,2011,0
Singapore,2012,0
Singapore,2013,1
Singapore,2014,1
Singapore,2015,0
Singapore,2016,1
Singapore,2017,1
Singapore,2018,0
Singapore,2019,2
Singapore,2020,1
Singapore,2021,2
Singapore,2022,3
Singapore,2023,4
Singapore,2024,1
Syria,1998,2
Syria,1999,2
Syria,2000,2
Syria,2001,7
Syria,2002,7
Syria,2003,7
Syria,2004,7
Syria,2005,5
Syria,2006,4
Syria,2007,5
Syria,2008,6
Syria,2009,4
Syria,2010,3
Syria,2011,2
Syria,2012,4
Syria,2013,5
Syria,2014,11
Syria,2015,11
Syria,2016,25
Syria,2017,79
Syria,2018,124
Syria,2019,126
Syria,2020,176
Syria,2021,201
Syria,2022,232
Syria,2023,276
Syria,2024,327
Thailand,1998,63
Thailand,1999,76
Thailand,2000,99
Thailand,2001,116
Thailand,2002,135
Thailand,2003,142
Thailand,2004,148
Thailand,2005,157
Thailand,2006,177
Thailand,2007,180
Thailand,2008,179
Thailand,2009,188
Thailand,2010,173
Thailand,2011,163
Thailand,2012,156
Thailand,2013,161
Thailand,2014,159
Thailand,2015,156
Thailand,2016,151
Thailand,2017,152
Thailand,2018,159
Thailand,2019,164
Thailand,2020,168
Thailand,2021,167
Thailand,2022,166
Thailand,2023,172
Thailand,2024,170
Tajikistan,1998,0
Tajikistan,1999,0
Tajikistan,2000,0
Tajikistan,2001,0
Tajikistan,2002,0
Tajikistan,2003,0
Tajikistan,2004,0
Tajikistan,2005,0
Tajikistan,2006,0
Tajikistan,2007,0
Tajikistan,2008,0
Tajikistan,2009,0
Tajikistan,2010,0
Tajikistan,2011,0
Tajikistan,2012,0
Tajikistan,2013,0
Tajikistan,2014,0
Tajikistan,2015,0
Tajikistan,2016,0
Tajikistan,2017,1
Tajikistan,2018,1
Tajikistan,2019,1
Tajikistan,2020,2
Tajikistan,2021,3
Tajikistan,2022,5
Tajikistan,2023,5
Tajikistan,2024,7
Timor-Leste,1998,0
Timor-Leste,1999,0
Timor-Leste,2000,0
Timor-Leste,2001,0
Timor-Leste,2002,0
Timor-Leste,2003,0
Timor-Leste,2004,0
Timor-Leste,2005,0
Timor-Leste,2006,0
Timor-Leste,2007,0
Timor-Leste,2008,0
Timor-Leste,2009,0
Timor-Leste,2010,0
Timor-Leste,2011,0
Timor-Leste,2012,0
Timor-Leste,2013,0
Timor-Leste,2014,0
Timor-Leste,2015,1
Timor-Leste,2016,0
Timor-Leste,2017,0
Timor-Leste,2018,0
Timor-Leste,2019,0
Timor-Leste,2020,0
Timor-Leste,2021,0
Timor-Leste,2022,0
Timor-Leste,2023,0
Timor-Leste,2024,0
Turkmenistan,1998,0
Turkmenistan,1999,0
Turkmenistan,2000,0
Turkmenistan,2001,0
Turkmenistan,2002,0
Turkmenistan,2003,0
Turkmenistan,2004,0
Turkmenistan,2005,0
Turkmenistan,2006,0
Turkmenistan,2007,0
Turkmenistan,2008,0
Turkmenistan,2009,0
Turkmenistan,2010,0
Turkmenistan,2011,0
Turkmenistan,2012,0
Turkmenistan,2013,0
Turkmenistan,2014,0
Turkmenistan,2015,0
Turkmenistan,2016,0
Turkmenistan,2017,0
Turkmenistan,2018,0
Turkmenistan,2019,0
Turkmenistan,2020,0
Turkmenistan,2021,0
Turkmenistan,2022,0
Turkmenistan,2023,0
Turkmenistan,2024,1
Turkey,1998,4
Turkey,1999,4
Turkey,2000,7
Turkey,2001,9
Turkey,2002,14
Turkey,2003,14
Turkey,2004,20
Turkey,2005,20
Turkey,2006,23
Turkey,2007,21
Turkey,2008,18
Turkey,2009,19
Turkey,2010,19
Turkey,2011,20
Turkey,2012,19
Turkey,2013,19
Turkey,2014,17
Turkey,2015,16
Turkey,2016,17
Turkey,2017,16
Turkey,2018,20
Turkey,2019,24
Turkey,2020,27
Turkey,2021,38
Turkey,2022,34
Turkey,2023,38
Turkey,2024,54
Taiwan,1998,0
Taiwan,1999,0
Taiwan,2000,0
Taiwan,2001,0
Taiwan,2002,0
Taiwan,2003,0
Taiwan,2004,0
Taiwan,2005,0
Taiwan,2006,0
Taiwan,2007,0
Taiwan,2008,0
Taiwan,2009,0
Taiwan,2010,0
Taiwan,2011,2
Taiwan,2012,0
Taiwan,2013,0
Taiwan,2014,0
Taiwan,2015,0
Taiwan,2016,0
Taiwan,2017,0
Taiwan,2018,0
Taiwan,2019,0
Taiwan,2020,0
Taiwan,2021,0
Taiwan,2022,0
Taiwan,2023,0
Taiwan,2024,0
Uzbekistan,1998,0
Uzbekistan,1999,0
Uzbekistan,2000,0
Uzbekistan,2001,0
Uzbekistan,2002,0
Uzbekistan,2003,0
Uzbekistan,2004,0
Uzbekistan,2005,1
Uzbekistan,2006,1
Uzbekistan,2007,0
Uzbekistan,2008,0
Uzbekistan,2009,1
Uzbekistan,2010,1
Uzbekistan,2011,1
Uzbekistan,2012,1
Uzbekistan,2013,2
Uzbekistan,2014,2
Uzbekistan,2015,2
Uzbekistan,2016,2
Uzbekistan,2017,1
Uzbekistan,2018,2
Uzbekistan,2019,3
Uzbekistan,2020,0
Uzbekistan,2021,0
Uzbekistan,2022,0
Uzbekistan,2023,0
Uzbekistan,2024,1
Viet Nam,1998,15
Viet Nam,1999,21
Viet Nam,2000,29
Viet Nam,2001,59
Viet Nam,2002,79
Viet Nam,2003,94
Viet Nam,2004,102
Viet Nam,2005,109
Viet Nam,2006,119
Viet Nam,2007,121
Viet Nam,2008,127
Viet Nam,2009,122
Viet Nam,2010,102
Viet Nam,2011,103
Viet Nam,2012,105
Viet Nam,2013,111
Viet Nam,2014,103
Viet Nam,2015,111
Viet Nam,2016,117
Viet Nam,2017,122
Viet Nam,2018,147
Viet Nam,2019,163
Viet Nam,2020,181
Viet Nam,2021,222
Viet Nam,2022,236
Viet Nam,2023,292
Viet Nam,2024,487
Yemen,1998,0
Yemen,1999,0
Yemen,2000,0
Yemen,2001,0
Yemen,2002,0
Yemen,2003,0
Yemen,2004,0
Yemen,2005,0
Yemen,2006,0
Yemen,2007,0
Yemen,2008,0
Yemen,2009,0
Yemen,2010,0
Yemen,2011,0
Yemen,2012,0
Yemen,2013,0
Yemen,2014,0
Yemen,2015,0
Yemen,2016,0
Yemen,2017,1
Yemen,2018,0
Yemen,2019,2
Yemen,2020,4
Yemen,2021,9
Yemen,2022,14
Yemen,2023,17
Yemen,2024,23
Australia,1998,3
Australia,1999,6
Australia,2000,11
Australia,2001,13
Australia,2002,16
Australia,2003,15
Australia,2004,15
Australia,2005,16
Australia,2006,29
Australia,2007,38
Australia,2008,43
Australia,2009,24
Australia,2010,19
Australia,2011,16
Australia,2012,22
Australia,2013,28
Australia,2014,25
Australia,2015,24
Australia,2016,26
Australia,2017,23
Australia,2018,28
Australia,2019,27
Australia,2020,26
Australia,2021,27
Australia,2022,37
Australia,2023,36
Australia,2024,36
Fiji,1998,0
Fiji,1999,0
Fiji,2000,0
Fiji,2001,0
Fiji,2002,0
Fiji,2003,0
Fiji,2004,0
Fiji,2005,0
Fiji,2006,0
Fiji,2007,0
Fiji,2008,0
Fiji,2009,0
Fiji,2010,0
Fiji,2011,0
Fiji,2012,0
Fiji,2013,0
Fiji,2014,0
Fiji,2015,0
Fiji,2016,0
Fiji,2017,0
Fiji,2018,0
Fiji,2019,0
Fiji,2020,0
Fiji,2021,0
Fiji,2022,0
Fiji,2023,0
Fiji,2024,1
Nauru,1998,0
Nauru,1999,0
Nauru,2000,0
Nauru,2001,0
Nauru,2002,0
Nauru,2003,0
Nauru,2004,0
Nauru,2005,0
Nauru,2006,0
Nauru,2007,0
Nauru,2008,0
Nauru,2009,0
Nauru,2010,0
Nauru,2011,0
Nauru,2012,0
Nauru,2013,0
Nauru,2014,0
Nauru,2015,0
Nauru,2016,0
Nauru,2017,0
Nauru,2018,0
Nauru,2019,0
Nauru,2020,0
Nauru,2021,0
Nauru,2022,0
Nauru,2023,0
Nauru,2024,0
New Zealand,1998,3
New Zealand,1999,3
New Zealand,2000,3
New Zealand,2001,6
New Zealand,2002,7
New Zealand,2003,8
New Zealand,2004,10
New Zealand,2005,8
New Zealand,2006,11
New Zealand,2007,23
New Zealand,2008,21
New Zealand,2009,17
New Zealand,2010,12
New Zealand,2011,10
New Zealand,2012,10
New Zealand,2013,10
New Zealand,2014,6
New Zealand,2015,8
New Zealand,2016,11
New Zealand,2017,13
New Zealand,2018,18
New Zealand,2019,20
New Zealand,2020,15
New Zealand,2021,12
New Zealand,2022,12
New Zealand,2023,11
New Zealand,2024,12
Papua New Guinea,1998,0
Papua New Guinea,1999,0
Papua New Guinea,2000,0
Papua New Guinea,2001,0
Papua New Guinea,2002,0
Papua New Guinea,2003,0
Papua New Guinea,2004,0
Papua New Guinea,2005,0
Papua New Guinea,2006,0
Papua New Guinea,2007,0
Papua New Guinea,2008,0
Papua New Guinea,2009,0
Papua New Guinea,2010,0
Papua New Guinea,2011,0
Papua New Guinea,2012,0
Papua New Guinea,2013,0
Papua New Guinea,2014,0
Papua New Guinea,2015,0
Papua New Guinea,2016,0
Papua New Guinea,2017,0
Papua New Guinea,2018,0
Papua New Guinea,2019,1
Papua New Guinea,2020,0
Papua New Guinea,2021,0
Papua New Guinea,2022,2
Papua New Guinea,2023,0
Papua New Guinea,2024,2
Solomon Islands,1998,0
Solomon Islands,1999,0
Solomon Islands,2000,0
Solomon Islands,2001,0
Solomon Islands,2002,0
Solomon Islands,2003,0
Solomon Islands,2004,0
Solomon Islands,2005,0
Solomon Islands,2006,0
Solomon Islands,2007,0
Solomon Islands,2008,0
Solomon Islands,2009,0
Solomon Islands,2010,0
Solomon Islands,2011,0
Solomon Islands,2012,0
Solomon Islands,2013,0
Solomon Islands,2014,0
Solomon Islands,2015,0
Solomon Islands,2016,0
Solomon Islands,2017,0
Solomon Islands,2018,0
Solomon Islands,2019,0
Solomon Islands,2020,0
Solomon Islands,2021,0
Solomon Islands,2022,0
Solomon Islands,2023,0
Solomon Islands,2024,2
Tonga,1998,0
Tonga,1999,0
Tonga,2000,0
Tonga,2001,0
Tonga,2002,0
Tonga,2003,0
Tonga,2004,0
Tonga,2005,1
Tonga,2006,1
Tonga,2007,1
Tonga,2008,1
Tonga,2009,1
Tonga,2010,0
Tonga,2011,0
Tonga,2012,0
Tonga,2013,0
Tonga,2014,0
Tonga,2015,0
Tonga,2016,0
Tonga,2017,0
Tonga,2018,0
Tonga,2019,0
Tonga,2020,0
Tonga,2021,0
Tonga,2022,0
Tonga,2023,0
Tonga,2024,0
Vanuatu,1998,0
Vanuatu,1999,0
Vanuatu,2000,0
Vanuatu,2001,0
Vanuatu,2002,0
Vanuatu,2003,0
Vanuatu,2004,0
Vanuatu,2005,0
Vanuatu,2006,0
Vanuatu,2007,0
Vanuatu,2008,0
Vanuatu,2009,0
Vanuatu,2010,0
Vanuatu,2011,0
Vanuatu,2012,0
Vanuatu,2013,0
Vanuatu,2014,0
Vanuatu,2015,0
Vanuatu,2016,0
Vanuatu,2017,0
Vanuatu,2018,0
Vanuatu,2019,0
Vanuatu,2020,0
Vanuatu,2021,0
Vanuatu,2022,0
Vanuatu,2023,2
Vanuatu,2024,2
Foreign country not specified,1998,0
Foreign country not specified,1999,0
Foreign country not specified,2000,1
Foreign country not specified,2001,1
Foreign country not specified,2002,1
Foreign country not specified,2003,1
Foreign country not specified,2004,12
Foreign country not specified,2005,15
Foreign country not specified,2006,17
Foreign country not specified,2007,0
Foreign country not specified,2008,0
Foreign country not specified,2009,0
Foreign country not specified,2010,0
Foreign country not specified,2011,0
Foreign country not specified,2012,0
Foreign country not specified,2013,0
Foreign country not specified,2014,0
Foreign country not specified,2015,0
Foreign country not specified,2016,0
Foreign country not specified,2017,0
Foreign country not specified,2018,0
Foreign country not specified,2019,0
Foreign country not specified,2020,0
Foreign country not specified,2021,0
Foreign country not specified,2022,0
Foreign country not specified,2023,0
Foreign country not specified,2024,0
Stateless,1998,2
Stateless,1999,2
Stateless,2000,2
Stateless,2001,2
Stateless,2002,13
Stateless,2003,12
Stateless,2004,13
Stateless,2005,15
Stateless,2006,27
Stateless,2007,47
Stateless,2008,52
Stateless,2009,62
Stateless,2010,54
Stateless,2011,46
Stateless,2012,58
Stateless,2013,62
Stateless,2014,68
Stateless,2015,77
Stateless,2016,74
Stateless,2017,50
Stateless,2018,37
Stateless,2019,28
Stateless,2020,34
Stateless,2021,32
Stateless,2022,27
Stateless,2023,27
Stateless,2024,23
