date,undirvisitala,lidur,value,flokkur_1,flokkur_2,flokkur_3
2002-08-01,Vísitala neysluverðs,"Vægi, %",1,Vísitala neysluverðs,Vísitala neysluverðs,Vísitala neysluverðs
2002-08-01,Vísitala neysluverðs,"Mánaðarbreyting, %",-0.0054,Vísitala neysluverðs,Vísitala neysluverðs,Vísitala neysluverðs
2002-08-01,Vísitala neysluverðs,"Áhrif á vísitölu, %",-0.0054,Vísitala neysluverðs,Vísitala neysluverðs,Vísitala neysluverðs
2002-09-01,Vísitala neysluverðs,"Vægi, %",1,Vísitala neysluverðs,Vísitala neysluverðs,Vísitala neysluverðs
2002-09-01,Vísitala neysluverðs,"Mánaðarbreyting, %",0.0052,Vísitala neysluverðs,Vísitala neysluverðs,Vísitala neysluverðs
2002-09-01,Vísitala neysluverðs,"Áhrif á vísitölu, %",0.0052,Vísitala neysluverðs,Vísitala neysluverðs,Vísitala neysluverðs
2002-10-01,Vísitala neysluverðs,"Vægi, %",1,Vísitala neysluverðs,Vísitala neysluverðs,Vísitala neysluverðs
2002-10-01,Vísitala neysluverðs,"Mánaðarbreyting, %",0.0052,Vísitala neysluverðs,Vísitala neysluverðs,Vísitala neysluverðs
2002-10-01,Vísitala neysluverðs,"Áhrif á vísitölu, %",0.0052,Vísitala neysluverðs,Vísitala neysluverðs,Vísitala neysluverðs
2002-11-01,Vísitala neysluverðs,"Vægi, %",1,Vísitala neysluverðs,Vísitala neysluverðs,Vísitala neysluverðs
2002-11-01,Vísitala neysluverðs,"Mánaðarbreyting, %",-0.0018,Vísitala neysluverðs,Vísitala neysluverðs,Vísitala neysluverðs
2002-11-01,Vísitala neysluverðs,"Áhrif á vísitölu, %",-0.0018,Vísitala neysluverðs,Vísitala neysluverðs,Vísitala neysluverðs
2002-12-01,Vísitala neysluverðs,"Vægi, %",1,Vísitala neysluverðs,Vísitala neysluverðs,Vísitala neysluverðs
2002-12-01,Vísitala neysluverðs,"Mánaðarbreyting, %",7.000000000000001e-4,Vísitala neysluverðs,Vísitala neysluverðs,Vísitala neysluverðs
2002-12-01,Vísitala neysluverðs,"Áhrif á vísitölu, %",7.000000000000001e-4,Vísitala neysluverðs,Vísitala neysluverðs,Vísitala neysluverðs
2003-01-01,Vísitala neysluverðs,"Vægi, %",1,Vísitala neysluverðs,Vísitala neysluverðs,Vísitala neysluverðs
2003-01-01,Vísitala neysluverðs,"Mánaðarbreyting, %",0.0036,Vísitala neysluverðs,Vísitala neysluverðs,Vísitala neysluverðs
2003-01-01,Vísitala neysluverðs,"Áhrif á vísitölu, %",0.0036,Vísitala neysluverðs,Vísitala neysluverðs,Vísitala neysluverðs
2003-02-01,Vísitala neysluverðs,"Vægi, %",1,Vísitala neysluverðs,Vísitala neysluverðs,Vísitala neysluverðs
2003-02-01,Vísitala neysluverðs,"Mánaðarbreyting, %",-0.0017000000000000001,Vísitala neysluverðs,Vísitala neysluverðs,Vísitala neysluverðs
2003-02-01,Vísitala neysluverðs,"Áhrif á vísitölu, %",-0.0017000000000000001,Vísitala neysluverðs,Vísitala neysluverðs,Vísitala neysluverðs
2003-03-01,Vísitala neysluverðs,"Vægi, %",1,Vísitala neysluverðs,Vísitala neysluverðs,Vísitala neysluverðs
2003-03-01,Vísitala neysluverðs,"Mánaðarbreyting, %",0.0108,Vísitala neysluverðs,Vísitala neysluverðs,Vísitala neysluverðs
2003-03-01,Vísitala neysluverðs,"Áhrif á vísitölu, %",0.0108,Vísitala neysluverðs,Vísitala neysluverðs,Vísitala neysluverðs
2003-04-01,Vísitala neysluverðs,"Vægi, %",1,Vísitala neysluverðs,Vísitala neysluverðs,Vísitala neysluverðs
2003-04-01,Vísitala neysluverðs,"Mánaðarbreyting, %",0.0012,Vísitala neysluverðs,Vísitala neysluverðs,Vísitala neysluverðs
2003-04-01,Vísitala neysluverðs,"Áhrif á vísitölu, %",0.0012,Vísitala neysluverðs,Vísitala neysluverðs,Vísitala neysluverðs
2003-05-01,Vísitala neysluverðs,"Vægi, %",1,Vísitala neysluverðs,Vísitala neysluverðs,Vísitala neysluverðs
2003-05-01,Vísitala neysluverðs,"Mánaðarbreyting, %",-0.0015,Vísitala neysluverðs,Vísitala neysluverðs,Vísitala neysluverðs
2003-05-01,Vísitala neysluverðs,"Áhrif á vísitölu, %",-0.0015,Vísitala neysluverðs,Vísitala neysluverðs,Vísitala neysluverðs
2003-06-01,Vísitala neysluverðs,"Vægi, %",1,Vísitala neysluverðs,Vísitala neysluverðs,Vísitala neysluverðs
2003-06-01,Vísitala neysluverðs,"Mánaðarbreyting, %",6e-4,Vísitala neysluverðs,Vísitala neysluverðs,Vísitala neysluverðs
2003-06-01,Vísitala neysluverðs,"Áhrif á vísitölu, %",6e-4,Vísitala neysluverðs,Vísitala neysluverðs,Vísitala neysluverðs
2003-07-01,Vísitala neysluverðs,"Vægi, %",1,Vísitala neysluverðs,Vísitala neysluverðs,Vísitala neysluverðs
2003-07-01,Vísitala neysluverðs,"Mánaðarbreyting, %",-0.001,Vísitala neysluverðs,Vísitala neysluverðs,Vísitala neysluverðs
2003-07-01,Vísitala neysluverðs,"Áhrif á vísitölu, %",-0.001,Vísitala neysluverðs,Vísitala neysluverðs,Vísitala neysluverðs
2003-08-01,Vísitala neysluverðs,"Vægi, %",1,Vísitala neysluverðs,Vísitala neysluverðs,Vísitala neysluverðs
2003-08-01,Vísitala neysluverðs,"Mánaðarbreyting, %",-9e-4,Vísitala neysluverðs,Vísitala neysluverðs,Vísitala neysluverðs
2003-08-01,Vísitala neysluverðs,"Áhrif á vísitölu, %",-9e-4,Vísitala neysluverðs,Vísitala neysluverðs,Vísitala neysluverðs
2003-09-01,Vísitala neysluverðs,"Vægi, %",1,Vísitala neysluverðs,Vísitala neysluverðs,Vísitala neysluverðs
2003-09-01,Vísitala neysluverðs,"Mánaðarbreyting, %",0.0070999999999999995,Vísitala neysluverðs,Vísitala neysluverðs,Vísitala neysluverðs
2003-09-01,Vísitala neysluverðs,"Áhrif á vísitölu, %",0.0070999999999999995,Vísitala neysluverðs,Vísitala neysluverðs,Vísitala neysluverðs
2003-10-01,Vísitala neysluverðs,"Vægi, %",1,Vísitala neysluverðs,Vísitala neysluverðs,Vísitala neysluverðs
2003-10-01,Vísitala neysluverðs,"Mánaðarbreyting, %",0.0046,Vísitala neysluverðs,Vísitala neysluverðs,Vísitala neysluverðs
2003-10-01,Vísitala neysluverðs,"Áhrif á vísitölu, %",0.0046,Vísitala neysluverðs,Vísitala neysluverðs,Vísitala neysluverðs
2003-11-01,Vísitala neysluverðs,"Vægi, %",1,Vísitala neysluverðs,Vísitala neysluverðs,Vísitala neysluverðs
2003-11-01,Vísitala neysluverðs,"Mánaðarbreyting, %",0.0014000000000000002,Vísitala neysluverðs,Vísitala neysluverðs,Vísitala neysluverðs
2003-11-01,Vísitala neysluverðs,"Áhrif á vísitölu, %",0.0014000000000000002,Vísitala neysluverðs,Vísitala neysluverðs,Vísitala neysluverðs
2003-12-01,Vísitala neysluverðs,"Vægi, %",1,Vísitala neysluverðs,Vísitala neysluverðs,Vísitala neysluverðs
2003-12-01,Vísitala neysluverðs,"Mánaðarbreyting, %",0.003,Vísitala neysluverðs,Vísitala neysluverðs,Vísitala neysluverðs
2003-12-01,Vísitala neysluverðs,"Áhrif á vísitölu, %",0.003,Vísitala neysluverðs,Vísitala neysluverðs,Vísitala neysluverðs
2004-01-01,Vísitala neysluverðs,"Vægi, %",1,Vísitala neysluverðs,Vísitala neysluverðs,Vísitala neysluverðs
2004-01-01,Vísitala neysluverðs,"Mánaðarbreyting, %",4e-4,Vísitala neysluverðs,Vísitala neysluverðs,Vísitala neysluverðs
2004-01-01,Vísitala neysluverðs,"Áhrif á vísitölu, %",4e-4,Vísitala neysluverðs,Vísitala neysluverðs,Vísitala neysluverðs
2004-02-01,Vísitala neysluverðs,"Vægi, %",1,Vísitala neysluverðs,Vísitala neysluverðs,Vísitala neysluverðs
2004-02-01,Vísitala neysluverðs,"Mánaðarbreyting, %",-0.0031,Vísitala neysluverðs,Vísitala neysluverðs,Vísitala neysluverðs
2004-02-01,Vísitala neysluverðs,"Áhrif á vísitölu, %",-0.0031,Vísitala neysluverðs,Vísitala neysluverðs,Vísitala neysluverðs
2004-03-01,Vísitala neysluverðs,"Vægi, %",1,Vísitala neysluverðs,Vísitala neysluverðs,Vísitala neysluverðs
2004-03-01,Vísitala neysluverðs,"Mánaðarbreyting, %",0.0059,Vísitala neysluverðs,Vísitala neysluverðs,Vísitala neysluverðs
2004-03-01,Vísitala neysluverðs,"Áhrif á vísitölu, %",0.0059,Vísitala neysluverðs,Vísitala neysluverðs,Vísitala neysluverðs
2004-04-01,Vísitala neysluverðs,"Vægi, %",1,Vísitala neysluverðs,Vísitala neysluverðs,Vísitala neysluverðs
2004-04-01,Vísitala neysluverðs,"Mánaðarbreyting, %",0.005699999999999999,Vísitala neysluverðs,Vísitala neysluverðs,Vísitala neysluverðs
2004-04-01,Vísitala neysluverðs,"Áhrif á vísitölu, %",0.005699999999999999,Vísitala neysluverðs,Vísitala neysluverðs,Vísitala neysluverðs
2004-05-01,Vísitala neysluverðs,"Vægi, %",1,Vísitala neysluverðs,Vísitala neysluverðs,Vísitala neysluverðs
2004-05-01,Vísitala neysluverðs,"Mánaðarbreyting, %",0.008199999999999999,Vísitala neysluverðs,Vísitala neysluverðs,Vísitala neysluverðs
2004-05-01,Vísitala neysluverðs,"Áhrif á vísitölu, %",0.008199999999999999,Vísitala neysluverðs,Vísitala neysluverðs,Vísitala neysluverðs
2004-06-01,Vísitala neysluverðs,"Vægi, %",1,Vísitala neysluverðs,Vísitala neysluverðs,Vísitala neysluverðs
2004-06-01,Vísitala neysluverðs,"Mánaðarbreyting, %",0.0074,Vísitala neysluverðs,Vísitala neysluverðs,Vísitala neysluverðs
2004-06-01,Vísitala neysluverðs,"Áhrif á vísitölu, %",0.0074,Vísitala neysluverðs,Vísitala neysluverðs,Vísitala neysluverðs
2004-07-01,Vísitala neysluverðs,"Vægi, %",1,Vísitala neysluverðs,Vísitala neysluverðs,Vísitala neysluverðs
2004-07-01,Vísitala neysluverðs,"Mánaðarbreyting, %",-0.0044,Vísitala neysluverðs,Vísitala neysluverðs,Vísitala neysluverðs
2004-07-01,Vísitala neysluverðs,"Áhrif á vísitölu, %",-0.0044,Vísitala neysluverðs,Vísitala neysluverðs,Vísitala neysluverðs
2004-08-01,Vísitala neysluverðs,"Vægi, %",1,Vísitala neysluverðs,Vísitala neysluverðs,Vísitala neysluverðs
2004-08-01,Vísitala neysluverðs,"Mánaðarbreyting, %",0,Vísitala neysluverðs,Vísitala neysluverðs,Vísitala neysluverðs
2004-08-01,Vísitala neysluverðs,"Áhrif á vísitölu, %",0,Vísitala neysluverðs,Vísitala neysluverðs,Vísitala neysluverðs
2004-09-01,Vísitala neysluverðs,"Vægi, %",1,Vísitala neysluverðs,Vísitala neysluverðs,Vísitala neysluverðs
2004-09-01,Vísitala neysluverðs,"Mánaðarbreyting, %",0.0043,Vísitala neysluverðs,Vísitala neysluverðs,Vísitala neysluverðs
2004-09-01,Vísitala neysluverðs,"Áhrif á vísitölu, %",0.0043,Vísitala neysluverðs,Vísitala neysluverðs,Vísitala neysluverðs
2004-10-01,Vísitala neysluverðs,"Vægi, %",1,Vísitala neysluverðs,Vísitala neysluverðs,Vísitala neysluverðs
2004-10-01,Vísitala neysluverðs,"Mánaðarbreyting, %",0.0075,Vísitala neysluverðs,Vísitala neysluverðs,Vísitala neysluverðs
2004-10-01,Vísitala neysluverðs,"Áhrif á vísitölu, %",0.0075,Vísitala neysluverðs,Vísitala neysluverðs,Vísitala neysluverðs
2004-11-01,Vísitala neysluverðs,"Vægi, %",1,Vísitala neysluverðs,Vísitala neysluverðs,Vísitala neysluverðs
2004-11-01,Vísitala neysluverðs,"Mánaðarbreyting, %",0.002,Vísitala neysluverðs,Vísitala neysluverðs,Vísitala neysluverðs
2004-11-01,Vísitala neysluverðs,"Áhrif á vísitölu, %",0.002,Vísitala neysluverðs,Vísitala neysluverðs,Vísitala neysluverðs
2004-12-01,Vísitala neysluverðs,"Vægi, %",1,Vísitala neysluverðs,Vísitala neysluverðs,Vísitala neysluverðs
2004-12-01,Vísitala neysluverðs,"Mánaðarbreyting, %",0.004699999999999999,Vísitala neysluverðs,Vísitala neysluverðs,Vísitala neysluverðs
2004-12-01,Vísitala neysluverðs,"Áhrif á vísitölu, %",0.004699999999999999,Vísitala neysluverðs,Vísitala neysluverðs,Vísitala neysluverðs
2005-01-01,Vísitala neysluverðs,"Vægi, %",1,Vísitala neysluverðs,Vísitala neysluverðs,Vísitala neysluverðs
2005-01-01,Vísitala neysluverðs,"Mánaðarbreyting, %",7.000000000000001e-4,Vísitala neysluverðs,Vísitala neysluverðs,Vísitala neysluverðs
2005-01-01,Vísitala neysluverðs,"Áhrif á vísitölu, %",7.000000000000001e-4,Vísitala neysluverðs,Vísitala neysluverðs,Vísitala neysluverðs
2005-02-01,Vísitala neysluverðs,"Vægi, %",1,Vísitala neysluverðs,Vísitala neysluverðs,Vísitala neysluverðs
2005-02-01,Vísitala neysluverðs,"Mánaðarbreyting, %",0.0023,Vísitala neysluverðs,Vísitala neysluverðs,Vísitala neysluverðs
2005-02-01,Vísitala neysluverðs,"Áhrif á vísitölu, %",0.0023,Vísitala neysluverðs,Vísitala neysluverðs,Vísitala neysluverðs
2005-03-01,Vísitala neysluverðs,"Vægi, %",1,Vísitala neysluverðs,Vísitala neysluverðs,Vísitala neysluverðs
2005-03-01,Vísitala neysluverðs,"Mánaðarbreyting, %",0.0074,Vísitala neysluverðs,Vísitala neysluverðs,Vísitala neysluverðs
2005-03-01,Vísitala neysluverðs,"Áhrif á vísitölu, %",0.0074,Vísitala neysluverðs,Vísitala neysluverðs,Vísitala neysluverðs
2005-04-01,Vísitala neysluverðs,"Vægi, %",1,Vísitala neysluverðs,Vísitala neysluverðs,Vísitala neysluverðs
2005-04-01,Vísitala neysluverðs,"Mánaðarbreyting, %",0.0021,Vísitala neysluverðs,Vísitala neysluverðs,Vísitala neysluverðs
2005-04-01,Vísitala neysluverðs,"Áhrif á vísitölu, %",0.0021,Vísitala neysluverðs,Vísitala neysluverðs,Vísitala neysluverðs
2005-05-01,Vísitala neysluverðs,"Vægi, %",1,Vísitala neysluverðs,Vísitala neysluverðs,Vísitala neysluverðs
2005-05-01,Vísitala neysluverðs,"Mánaðarbreyting, %",-0.0053,Vísitala neysluverðs,Vísitala neysluverðs,Vísitala neysluverðs
2005-05-01,Vísitala neysluverðs,"Áhrif á vísitölu, %",-0.0053,Vísitala neysluverðs,Vísitala neysluverðs,Vísitala neysluverðs
2005-06-01,Vísitala neysluverðs,"Vægi, %",1,Vísitala neysluverðs,Vísitala neysluverðs,Vísitala neysluverðs
2005-06-01,Vísitala neysluverðs,"Mánaðarbreyting, %",0.0068000000000000005,Vísitala neysluverðs,Vísitala neysluverðs,Vísitala neysluverðs
2005-06-01,Vísitala neysluverðs,"Áhrif á vísitölu, %",0.0068000000000000005,Vísitala neysluverðs,Vísitala neysluverðs,Vísitala neysluverðs
2005-07-01,Vísitala neysluverðs,"Vægi, %",1,Vísitala neysluverðs,Vísitala neysluverðs,Vísitala neysluverðs
2005-07-01,Vísitala neysluverðs,"Mánaðarbreyting, %",0.0015,Vísitala neysluverðs,Vísitala neysluverðs,Vísitala neysluverðs
2005-07-01,Vísitala neysluverðs,"Áhrif á vísitölu, %",0.0015,Vísitala neysluverðs,Vísitala neysluverðs,Vísitala neysluverðs
2005-08-01,Vísitala neysluverðs,"Vægi, %",1,Vísitala neysluverðs,Vísitala neysluverðs,Vísitala neysluverðs
2005-08-01,Vísitala neysluverðs,"Mánaðarbreyting, %",0.0017000000000000001,Vísitala neysluverðs,Vísitala neysluverðs,Vísitala neysluverðs
2005-08-01,Vísitala neysluverðs,"Áhrif á vísitölu, %",0.0017000000000000001,Vísitala neysluverðs,Vísitala neysluverðs,Vísitala neysluverðs
2005-09-01,Vísitala neysluverðs,"Vægi, %",1,Vísitala neysluverðs,Vísitala neysluverðs,Vísitala neysluverðs
2005-09-01,Vísitala neysluverðs,"Mánaðarbreyting, %",0.0154,Vísitala neysluverðs,Vísitala neysluverðs,Vísitala neysluverðs
2005-09-01,Vísitala neysluverðs,"Áhrif á vísitölu, %",0.0154,Vísitala neysluverðs,Vísitala neysluverðs,Vísitala neysluverðs
2005-10-01,Vísitala neysluverðs,"Vægi, %",1,Vísitala neysluverðs,Vísitala neysluverðs,Vísitala neysluverðs
2005-10-01,Vísitala neysluverðs,"Mánaðarbreyting, %",0.0060999999999999995,Vísitala neysluverðs,Vísitala neysluverðs,Vísitala neysluverðs
2005-10-01,Vísitala neysluverðs,"Áhrif á vísitölu, %",0.0060999999999999995,Vísitala neysluverðs,Vísitala neysluverðs,Vísitala neysluverðs
2005-11-01,Vísitala neysluverðs,"Vægi, %",1,Vísitala neysluverðs,Vísitala neysluverðs,Vísitala neysluverðs
2005-11-01,Vísitala neysluverðs,"Mánaðarbreyting, %",-0.0017000000000000001,Vísitala neysluverðs,Vísitala neysluverðs,Vísitala neysluverðs
2005-11-01,Vísitala neysluverðs,"Áhrif á vísitölu, %",-0.0017000000000000001,Vísitala neysluverðs,Vísitala neysluverðs,Vísitala neysluverðs
2005-12-01,Vísitala neysluverðs,"Vægi, %",1,Vísitala neysluverðs,Vísitala neysluverðs,Vísitala neysluverðs
2005-12-01,Vísitala neysluverðs,"Mánaðarbreyting, %",0.0036,Vísitala neysluverðs,Vísitala neysluverðs,Vísitala neysluverðs
2005-12-01,Vísitala neysluverðs,"Áhrif á vísitölu, %",0.0036,Vísitala neysluverðs,Vísitala neysluverðs,Vísitala neysluverðs
2006-01-01,Vísitala neysluverðs,"Vægi, %",1,Vísitala neysluverðs,Vísitala neysluverðs,Vísitala neysluverðs
2006-01-01,Vísitala neysluverðs,"Mánaðarbreyting, %",0.0033,Vísitala neysluverðs,Vísitala neysluverðs,Vísitala neysluverðs
2006-01-01,Vísitala neysluverðs,"Áhrif á vísitölu, %",0.0033,Vísitala neysluverðs,Vísitala neysluverðs,Vísitala neysluverðs
2006-02-01,Vísitala neysluverðs,"Vægi, %",1,Vísitala neysluverðs,Vísitala neysluverðs,Vísitala neysluverðs
2006-02-01,Vísitala neysluverðs,"Mánaðarbreyting, %",-6e-4,Vísitala neysluverðs,Vísitala neysluverðs,Vísitala neysluverðs
2006-02-01,Vísitala neysluverðs,"Áhrif á vísitölu, %",-6e-4,Vísitala neysluverðs,Vísitala neysluverðs,Vísitala neysluverðs
2006-03-01,Vísitala neysluverðs,"Vægi, %",1,Vísitala neysluverðs,Vísitala neysluverðs,Vísitala neysluverðs
2006-03-01,Vísitala neysluverðs,"Mánaðarbreyting, %",0.011000000000000001,Vísitala neysluverðs,Vísitala neysluverðs,Vísitala neysluverðs
2006-03-01,Vísitala neysluverðs,"Áhrif á vísitölu, %",0.011000000000000001,Vísitala neysluverðs,Vísitala neysluverðs,Vísitala neysluverðs
2006-04-01,Vísitala neysluverðs,"Vægi, %",1,Vísitala neysluverðs,Vísitala neysluverðs,Vísitala neysluverðs
2006-04-01,Vísitala neysluverðs,"Mánaðarbreyting, %",0.011399999999999999,Vísitala neysluverðs,Vísitala neysluverðs,Vísitala neysluverðs
2006-04-01,Vísitala neysluverðs,"Áhrif á vísitölu, %",0.011399999999999999,Vísitala neysluverðs,Vísitala neysluverðs,Vísitala neysluverðs
2006-05-01,Vísitala neysluverðs,"Vægi, %",1,Vísitala neysluverðs,Vísitala neysluverðs,Vísitala neysluverðs
2006-05-01,Vísitala neysluverðs,"Mánaðarbreyting, %",0.0148,Vísitala neysluverðs,Vísitala neysluverðs,Vísitala neysluverðs
2006-05-01,Vísitala neysluverðs,"Áhrif á vísitölu, %",0.0148,Vísitala neysluverðs,Vísitala neysluverðs,Vísitala neysluverðs
2006-06-01,Vísitala neysluverðs,"Vægi, %",1,Vísitala neysluverðs,Vísitala neysluverðs,Vísitala neysluverðs
2006-06-01,Vísitala neysluverðs,"Mánaðarbreyting, %",0.0116,Vísitala neysluverðs,Vísitala neysluverðs,Vísitala neysluverðs
2006-06-01,Vísitala neysluverðs,"Áhrif á vísitölu, %",0.0116,Vísitala neysluverðs,Vísitala neysluverðs,Vísitala neysluverðs
2006-07-01,Vísitala neysluverðs,"Vægi, %",1,Vísitala neysluverðs,Vísitala neysluverðs,Vísitala neysluverðs
2006-07-01,Vísitala neysluverðs,"Mánaðarbreyting, %",0.0045000000000000005,Vísitala neysluverðs,Vísitala neysluverðs,Vísitala neysluverðs
2006-07-01,Vísitala neysluverðs,"Áhrif á vísitölu, %",0.0045000000000000005,Vísitala neysluverðs,Vísitala neysluverðs,Vísitala neysluverðs
2006-08-01,Vísitala neysluverðs,"Vægi, %",1,Vísitala neysluverðs,Vísitala neysluverðs,Vísitala neysluverðs
2006-08-01,Vísitala neysluverðs,"Mánaðarbreyting, %",0.0034999999999999996,Vísitala neysluverðs,Vísitala neysluverðs,Vísitala neysluverðs
2006-08-01,Vísitala neysluverðs,"Áhrif á vísitölu, %",0.0034999999999999996,Vísitala neysluverðs,Vísitala neysluverðs,Vísitala neysluverðs
2006-09-01,Vísitala neysluverðs,"Vægi, %",1,Vísitala neysluverðs,Vísitala neysluverðs,Vísitala neysluverðs
2006-09-01,Vísitala neysluverðs,"Mánaðarbreyting, %",0.0059,Vísitala neysluverðs,Vísitala neysluverðs,Vísitala neysluverðs
2006-09-01,Vísitala neysluverðs,"Áhrif á vísitölu, %",0.0059,Vísitala neysluverðs,Vísitala neysluverðs,Vísitala neysluverðs
2006-10-01,Vísitala neysluverðs,"Vægi, %",1,Vísitala neysluverðs,Vísitala neysluverðs,Vísitala neysluverðs
2006-10-01,Vísitala neysluverðs,"Mánaðarbreyting, %",0.0021,Vísitala neysluverðs,Vísitala neysluverðs,Vísitala neysluverðs
2006-10-01,Vísitala neysluverðs,"Áhrif á vísitölu, %",0.0021,Vísitala neysluverðs,Vísitala neysluverðs,Vísitala neysluverðs
2006-11-01,Vísitala neysluverðs,"Vægi, %",1,Vísitala neysluverðs,Vísitala neysluverðs,Vísitala neysluverðs
2006-11-01,Vísitala neysluverðs,"Mánaðarbreyting, %",-4e-4,Vísitala neysluverðs,Vísitala neysluverðs,Vísitala neysluverðs
2006-11-01,Vísitala neysluverðs,"Áhrif á vísitölu, %",-4e-4,Vísitala neysluverðs,Vísitala neysluverðs,Vísitala neysluverðs
2006-12-01,Vísitala neysluverðs,"Vægi, %",1,Vísitala neysluverðs,Vísitala neysluverðs,Vísitala neysluverðs
2006-12-01,Vísitala neysluverðs,"Mánaðarbreyting, %",6e-4,Vísitala neysluverðs,Vísitala neysluverðs,Vísitala neysluverðs
2006-12-01,Vísitala neysluverðs,"Áhrif á vísitölu, %",6e-4,Vísitala neysluverðs,Vísitala neysluverðs,Vísitala neysluverðs
2007-01-01,Vísitala neysluverðs,"Vægi, %",1,Vísitala neysluverðs,Vísitala neysluverðs,Vísitala neysluverðs
2007-01-01,Vísitala neysluverðs,"Mánaðarbreyting, %",0.0024,Vísitala neysluverðs,Vísitala neysluverðs,Vísitala neysluverðs
2007-01-01,Vísitala neysluverðs,"Áhrif á vísitölu, %",0.0024,Vísitala neysluverðs,Vísitala neysluverðs,Vísitala neysluverðs
2007-02-01,Vísitala neysluverðs,"Vægi, %",1,Vísitala neysluverðs,Vísitala neysluverðs,Vísitala neysluverðs
2007-02-01,Vísitala neysluverðs,"Mánaðarbreyting, %",0.0042,Vísitala neysluverðs,Vísitala neysluverðs,Vísitala neysluverðs
2007-02-01,Vísitala neysluverðs,"Áhrif á vísitölu, %",0.0042,Vísitala neysluverðs,Vísitala neysluverðs,Vísitala neysluverðs
2007-03-01,Vísitala neysluverðs,"Vægi, %",1,Vísitala neysluverðs,Vísitala neysluverðs,Vísitala neysluverðs
2007-03-01,Vísitala neysluverðs,"Mánaðarbreyting, %",-0.0034000000000000002,Vísitala neysluverðs,Vísitala neysluverðs,Vísitala neysluverðs
2007-03-01,Vísitala neysluverðs,"Áhrif á vísitölu, %",-0.0034000000000000002,Vísitala neysluverðs,Vísitala neysluverðs,Vísitala neysluverðs
2007-04-01,Vísitala neysluverðs,"Vægi, %",1,Vísitala neysluverðs,Vísitala neysluverðs,Vísitala neysluverðs
2007-04-01,Vísitala neysluverðs,"Mánaðarbreyting, %",0.0062,Vísitala neysluverðs,Vísitala neysluverðs,Vísitala neysluverðs
2007-04-01,Vísitala neysluverðs,"Áhrif á vísitölu, %",0.0062,Vísitala neysluverðs,Vísitala neysluverðs,Vísitala neysluverðs
2007-05-01,Vísitala neysluverðs,"Vægi, %",1,Vísitala neysluverðs,Vísitala neysluverðs,Vísitala neysluverðs
2007-05-01,Vísitala neysluverðs,"Mánaðarbreyting, %",0.0085,Vísitala neysluverðs,Vísitala neysluverðs,Vísitala neysluverðs
2007-05-01,Vísitala neysluverðs,"Áhrif á vísitölu, %",0.0085,Vísitala neysluverðs,Vísitala neysluverðs,Vísitala neysluverðs
2007-06-01,Vísitala neysluverðs,"Vægi, %",1,Vísitala neysluverðs,Vísitala neysluverðs,Vísitala neysluverðs
2007-06-01,Vísitala neysluverðs,"Mánaðarbreyting, %",0.0051,Vísitala neysluverðs,Vísitala neysluverðs,Vísitala neysluverðs
2007-06-01,Vísitala neysluverðs,"Áhrif á vísitölu, %",0.0051,Vísitala neysluverðs,Vísitala neysluverðs,Vísitala neysluverðs
2007-07-01,Vísitala neysluverðs,"Vægi, %",1,Vísitala neysluverðs,Vísitala neysluverðs,Vísitala neysluverðs
2007-07-01,Vísitala neysluverðs,"Mánaðarbreyting, %",0.0023,Vísitala neysluverðs,Vísitala neysluverðs,Vísitala neysluverðs
2007-07-01,Vísitala neysluverðs,"Áhrif á vísitölu, %",0.0023,Vísitala neysluverðs,Vísitala neysluverðs,Vísitala neysluverðs
2007-08-01,Vísitala neysluverðs,"Vægi, %",1,Vísitala neysluverðs,Vísitala neysluverðs,Vísitala neysluverðs
2007-08-01,Vísitala neysluverðs,"Mánaðarbreyting, %",2e-4,Vísitala neysluverðs,Vísitala neysluverðs,Vísitala neysluverðs
2007-08-01,Vísitala neysluverðs,"Áhrif á vísitölu, %",2e-4,Vísitala neysluverðs,Vísitala neysluverðs,Vísitala neysluverðs
2007-09-01,Vísitala neysluverðs,"Vægi, %",1,Vísitala neysluverðs,Vísitala neysluverðs,Vísitala neysluverðs
2007-09-01,Vísitala neysluverðs,"Mánaðarbreyting, %",0.0132,Vísitala neysluverðs,Vísitala neysluverðs,Vísitala neysluverðs
2007-09-01,Vísitala neysluverðs,"Áhrif á vísitölu, %",0.0132,Vísitala neysluverðs,Vísitala neysluverðs,Vísitala neysluverðs
2007-10-01,Vísitala neysluverðs,"Vægi, %",1,Vísitala neysluverðs,Vísitala neysluverðs,Vísitala neysluverðs
2007-10-01,Vísitala neysluverðs,"Mánaðarbreyting, %",0.0048,Vísitala neysluverðs,Vísitala neysluverðs,Vísitala neysluverðs
2007-10-01,Vísitala neysluverðs,"Áhrif á vísitölu, %",0.0048,Vísitala neysluverðs,Vísitala neysluverðs,Vísitala neysluverðs
2007-11-01,Vísitala neysluverðs,"Vægi, %",1,Vísitala neysluverðs,Vísitala neysluverðs,Vísitala neysluverðs
2007-11-01,Vísitala neysluverðs,"Mánaðarbreyting, %",0.0066,Vísitala neysluverðs,Vísitala neysluverðs,Vísitala neysluverðs
2007-11-01,Vísitala neysluverðs,"Áhrif á vísitölu, %",0.0066,Vísitala neysluverðs,Vísitala neysluverðs,Vísitala neysluverðs
2007-12-01,Vísitala neysluverðs,"Vægi, %",1,Vísitala neysluverðs,Vísitala neysluverðs,Vísitala neysluverðs
2007-12-01,Vísitala neysluverðs,"Mánaðarbreyting, %",0.006999999999999999,Vísitala neysluverðs,Vísitala neysluverðs,Vísitala neysluverðs
2007-12-01,Vísitala neysluverðs,"Áhrif á vísitölu, %",0.006999999999999999,Vísitala neysluverðs,Vísitala neysluverðs,Vísitala neysluverðs
2008-01-01,Vísitala neysluverðs,"Vægi, %",1,Vísitala neysluverðs,Vísitala neysluverðs,Vísitala neysluverðs
2008-01-01,Vísitala neysluverðs,"Mánaðarbreyting, %",0.0018,Vísitala neysluverðs,Vísitala neysluverðs,Vísitala neysluverðs
2008-01-01,Vísitala neysluverðs,"Áhrif á vísitölu, %",0.0018,Vísitala neysluverðs,Vísitala neysluverðs,Vísitala neysluverðs
2008-02-01,Vísitala neysluverðs,"Vægi, %",1,Vísitala neysluverðs,Vísitala neysluverðs,Vísitala neysluverðs
2008-02-01,Vísitala neysluverðs,"Mánaðarbreyting, %",0.0137,Vísitala neysluverðs,Vísitala neysluverðs,Vísitala neysluverðs
2008-02-01,Vísitala neysluverðs,"Áhrif á vísitölu, %",0.0137,Vísitala neysluverðs,Vísitala neysluverðs,Vísitala neysluverðs
2008-03-01,Vísitala neysluverðs,"Vægi, %",1,Vísitala neysluverðs,Vísitala neysluverðs,Vísitala neysluverðs
2008-03-01,Vísitala neysluverðs,"Mánaðarbreyting, %",0.0147,Vísitala neysluverðs,Vísitala neysluverðs,Vísitala neysluverðs
2008-03-01,Vísitala neysluverðs,"Áhrif á vísitölu, %",0.0147,Vísitala neysluverðs,Vísitala neysluverðs,Vísitala neysluverðs
2008-04-01,Vísitala neysluverðs,"Vægi, %",1,Vísitala neysluverðs,Vísitala neysluverðs,Vísitala neysluverðs
2008-04-01,Vísitala neysluverðs,"Mánaðarbreyting, %",0.0339,Vísitala neysluverðs,Vísitala neysluverðs,Vísitala neysluverðs
2008-04-01,Vísitala neysluverðs,"Áhrif á vísitölu, %",0.0339,Vísitala neysluverðs,Vísitala neysluverðs,Vísitala neysluverðs
2008-05-01,Vísitala neysluverðs,"Vægi, %",1,Vísitala neysluverðs,Vísitala neysluverðs,Vísitala neysluverðs
2008-05-01,Vísitala neysluverðs,"Mánaðarbreyting, %",0.013600000000000001,Vísitala neysluverðs,Vísitala neysluverðs,Vísitala neysluverðs
2008-05-01,Vísitala neysluverðs,"Áhrif á vísitölu, %",0.013600000000000001,Vísitala neysluverðs,Vísitala neysluverðs,Vísitala neysluverðs
2008-06-01,Vísitala neysluverðs,"Vægi, %",1,Vísitala neysluverðs,Vísitala neysluverðs,Vísitala neysluverðs
2008-06-01,Vísitala neysluverðs,"Mánaðarbreyting, %",0.009000000000000001,Vísitala neysluverðs,Vísitala neysluverðs,Vísitala neysluverðs
2008-06-01,Vísitala neysluverðs,"Áhrif á vísitölu, %",0.009000000000000001,Vísitala neysluverðs,Vísitala neysluverðs,Vísitala neysluverðs
2008-07-01,Vísitala neysluverðs,"Vægi, %",1,Vísitala neysluverðs,Vísitala neysluverðs,Vísitala neysluverðs
2008-07-01,Vísitala neysluverðs,"Mánaðarbreyting, %",0.0095,Vísitala neysluverðs,Vísitala neysluverðs,Vísitala neysluverðs
2008-07-01,Vísitala neysluverðs,"Áhrif á vísitölu, %",0.0095,Vísitala neysluverðs,Vísitala neysluverðs,Vísitala neysluverðs
2008-08-01,Vísitala neysluverðs,"Vægi, %",1,Vísitala neysluverðs,Vísitala neysluverðs,Vísitala neysluverðs
2008-08-01,Vísitala neysluverðs,"Mánaðarbreyting, %",0.0088,Vísitala neysluverðs,Vísitala neysluverðs,Vísitala neysluverðs
2008-08-01,Vísitala neysluverðs,"Áhrif á vísitölu, %",0.0088,Vísitala neysluverðs,Vísitala neysluverðs,Vísitala neysluverðs
2008-09-01,Vísitala neysluverðs,"Vægi, %",1,Vísitala neysluverðs,Vísitala neysluverðs,Vísitala neysluverðs
2008-09-01,Vísitala neysluverðs,"Mánaðarbreyting, %",0.0089,Vísitala neysluverðs,Vísitala neysluverðs,Vísitala neysluverðs
2008-09-01,Vísitala neysluverðs,"Áhrif á vísitölu, %",0.0089,Vísitala neysluverðs,Vísitala neysluverðs,Vísitala neysluverðs
2008-10-01,Vísitala neysluverðs,"Vægi, %",1,Vísitala neysluverðs,Vísitala neysluverðs,Vísitala neysluverðs
2008-10-01,Vísitala neysluverðs,"Mánaðarbreyting, %",0.0213,Vísitala neysluverðs,Vísitala neysluverðs,Vísitala neysluverðs
2008-10-01,Vísitala neysluverðs,"Áhrif á vísitölu, %",0.0213,Vísitala neysluverðs,Vísitala neysluverðs,Vísitala neysluverðs
2008-11-01,Vísitala neysluverðs,"Vægi, %",1,Vísitala neysluverðs,Vísitala neysluverðs,Vísitala neysluverðs
2008-11-01,Vísitala neysluverðs,"Mánaðarbreyting, %",0.0173,Vísitala neysluverðs,Vísitala neysluverðs,Vísitala neysluverðs
2008-11-01,Vísitala neysluverðs,"Áhrif á vísitölu, %",0.0173,Vísitala neysluverðs,Vísitala neysluverðs,Vísitala neysluverðs
2008-12-01,Vísitala neysluverðs,"Vægi, %",1,Vísitala neysluverðs,Vísitala neysluverðs,Vísitala neysluverðs
2008-12-01,Vísitala neysluverðs,"Mánaðarbreyting, %",0.0155,Vísitala neysluverðs,Vísitala neysluverðs,Vísitala neysluverðs
2008-12-01,Vísitala neysluverðs,"Áhrif á vísitölu, %",0.0155,Vísitala neysluverðs,Vísitala neysluverðs,Vísitala neysluverðs
2009-01-01,Vísitala neysluverðs,"Vægi, %",1,Vísitala neysluverðs,Vísitala neysluverðs,Vísitala neysluverðs
2009-01-01,Vísitala neysluverðs,"Mánaðarbreyting, %",0.0055000000000000005,Vísitala neysluverðs,Vísitala neysluverðs,Vísitala neysluverðs
2009-01-01,Vísitala neysluverðs,"Áhrif á vísitölu, %",0.0055000000000000005,Vísitala neysluverðs,Vísitala neysluverðs,Vísitala neysluverðs
2009-02-01,Vísitala neysluverðs,"Vægi, %",1,Vísitala neysluverðs,Vísitala neysluverðs,Vísitala neysluverðs
2009-02-01,Vísitala neysluverðs,"Mánaðarbreyting, %",0.0051,Vísitala neysluverðs,Vísitala neysluverðs,Vísitala neysluverðs
2009-02-01,Vísitala neysluverðs,"Áhrif á vísitölu, %",0.0051,Vísitala neysluverðs,Vísitala neysluverðs,Vísitala neysluverðs
2009-03-01,Vísitala neysluverðs,"Vægi, %",1,Vísitala neysluverðs,Vísitala neysluverðs,Vísitala neysluverðs
2009-03-01,Vísitala neysluverðs,"Mánaðarbreyting, %",-0.0059,Vísitala neysluverðs,Vísitala neysluverðs,Vísitala neysluverðs
2009-03-01,Vísitala neysluverðs,"Áhrif á vísitölu, %",-0.0059,Vísitala neysluverðs,Vísitala neysluverðs,Vísitala neysluverðs
2009-04-01,Vísitala neysluverðs,"Vægi, %",1,Vísitala neysluverðs,Vísitala neysluverðs,Vísitala neysluverðs
2009-04-01,Vísitala neysluverðs,"Mánaðarbreyting, %",0.0044,Vísitala neysluverðs,Vísitala neysluverðs,Vísitala neysluverðs
2009-04-01,Vísitala neysluverðs,"Áhrif á vísitölu, %",0.0044,Vísitala neysluverðs,Vísitala neysluverðs,Vísitala neysluverðs
2009-05-01,Vísitala neysluverðs,"Vægi, %",1,Vísitala neysluverðs,Vísitala neysluverðs,Vísitala neysluverðs
2009-05-01,Vísitala neysluverðs,"Mánaðarbreyting, %",0.0116,Vísitala neysluverðs,Vísitala neysluverðs,Vísitala neysluverðs
2009-05-01,Vísitala neysluverðs,"Áhrif á vísitölu, %",0.0116,Vísitala neysluverðs,Vísitala neysluverðs,Vísitala neysluverðs
2009-06-01,Vísitala neysluverðs,"Vægi, %",1,Vísitala neysluverðs,Vísitala neysluverðs,Vísitala neysluverðs
2009-06-01,Vísitala neysluverðs,"Mánaðarbreyting, %",0.0137,Vísitala neysluverðs,Vísitala neysluverðs,Vísitala neysluverðs
2009-06-01,Vísitala neysluverðs,"Áhrif á vísitölu, %",0.0137,Vísitala neysluverðs,Vísitala neysluverðs,Vísitala neysluverðs
2009-07-01,Vísitala neysluverðs,"Vægi, %",1,Vísitala neysluverðs,Vísitala neysluverðs,Vísitala neysluverðs
2009-07-01,Vísitala neysluverðs,"Mánaðarbreyting, %",0.0017000000000000001,Vísitala neysluverðs,Vísitala neysluverðs,Vísitala neysluverðs
2009-07-01,Vísitala neysluverðs,"Áhrif á vísitölu, %",0.0017000000000000001,Vísitala neysluverðs,Vísitala neysluverðs,Vísitala neysluverðs
2009-08-01,Vísitala neysluverðs,"Vægi, %",1,Vísitala neysluverðs,Vísitala neysluverðs,Vísitala neysluverðs
2009-08-01,Vísitala neysluverðs,"Mánaðarbreyting, %",0.0052,Vísitala neysluverðs,Vísitala neysluverðs,Vísitala neysluverðs
2009-08-01,Vísitala neysluverðs,"Áhrif á vísitölu, %",0.0052,Vísitala neysluverðs,Vísitala neysluverðs,Vísitala neysluverðs
2009-09-01,Vísitala neysluverðs,"Vægi, %",1,Vísitala neysluverðs,Vísitala neysluverðs,Vísitala neysluverðs
2009-09-01,Vísitala neysluverðs,"Mánaðarbreyting, %",0.008,Vísitala neysluverðs,Vísitala neysluverðs,Vísitala neysluverðs
2009-09-01,Vísitala neysluverðs,"Áhrif á vísitölu, %",0.008,Vísitala neysluverðs,Vísitala neysluverðs,Vísitala neysluverðs
2009-10-01,Vísitala neysluverðs,"Vægi, %",1,Vísitala neysluverðs,Vísitala neysluverðs,Vísitala neysluverðs
2009-10-01,Vísitala neysluverðs,"Mánaðarbreyting, %",0.011200000000000002,Vísitala neysluverðs,Vísitala neysluverðs,Vísitala neysluverðs
2009-10-01,Vísitala neysluverðs,"Áhrif á vísitölu, %",0.011200000000000002,Vísitala neysluverðs,Vísitala neysluverðs,Vísitala neysluverðs
2009-11-01,Vísitala neysluverðs,"Vægi, %",1,Vísitala neysluverðs,Vísitala neysluverðs,Vísitala neysluverðs
2009-11-01,Vísitala neysluverðs,"Mánaðarbreyting, %",0.0074,Vísitala neysluverðs,Vísitala neysluverðs,Vísitala neysluverðs
2009-11-01,Vísitala neysluverðs,"Áhrif á vísitölu, %",0.0074,Vísitala neysluverðs,Vísitala neysluverðs,Vísitala neysluverðs
2009-12-01,Vísitala neysluverðs,"Vægi, %",1,Vísitala neysluverðs,Vísitala neysluverðs,Vísitala neysluverðs
2009-12-01,Vísitala neysluverðs,"Mánaðarbreyting, %",0.004699999999999999,Vísitala neysluverðs,Vísitala neysluverðs,Vísitala neysluverðs
2009-12-01,Vísitala neysluverðs,"Áhrif á vísitölu, %",0.004699999999999999,Vísitala neysluverðs,Vísitala neysluverðs,Vísitala neysluverðs
2010-01-01,Vísitala neysluverðs,"Vægi, %",1,Vísitala neysluverðs,Vísitala neysluverðs,Vísitala neysluverðs
2010-01-01,Vísitala neysluverðs,"Mánaðarbreyting, %",-0.0029,Vísitala neysluverðs,Vísitala neysluverðs,Vísitala neysluverðs
2010-01-01,Vísitala neysluverðs,"Áhrif á vísitölu, %",-0.0029,Vísitala neysluverðs,Vísitala neysluverðs,Vísitala neysluverðs
2010-02-01,Vísitala neysluverðs,"Vægi, %",1,Vísitala neysluverðs,Vísitala neysluverðs,Vísitala neysluverðs
2010-02-01,Vísitala neysluverðs,"Mánaðarbreyting, %",0.0113,Vísitala neysluverðs,Vísitala neysluverðs,Vísitala neysluverðs
2010-02-01,Vísitala neysluverðs,"Áhrif á vísitölu, %",0.0113,Vísitala neysluverðs,Vísitala neysluverðs,Vísitala neysluverðs
2010-03-01,Vísitala neysluverðs,"Vægi, %",1,Vísitala neysluverðs,Vísitala neysluverðs,Vísitala neysluverðs
2010-03-01,Vísitala neysluverðs,"Mánaðarbreyting, %",0.005600000000000001,Vísitala neysluverðs,Vísitala neysluverðs,Vísitala neysluverðs
2010-03-01,Vísitala neysluverðs,"Áhrif á vísitölu, %",0.005600000000000001,Vísitala neysluverðs,Vísitala neysluverðs,Vísitala neysluverðs
2010-04-01,Vísitala neysluverðs,"Vægi, %",1,Vísitala neysluverðs,Vísitala neysluverðs,Vísitala neysluverðs
2010-04-01,Vísitala neysluverðs,"Mánaðarbreyting, %",0.0025,Vísitala neysluverðs,Vísitala neysluverðs,Vísitala neysluverðs
2010-04-01,Vísitala neysluverðs,"Áhrif á vísitölu, %",0.0025,Vísitala neysluverðs,Vísitala neysluverðs,Vísitala neysluverðs
2010-05-01,Vísitala neysluverðs,"Vægi, %",1,Vísitala neysluverðs,Vísitala neysluverðs,Vísitala neysluverðs
2010-05-01,Vísitala neysluverðs,"Mánaðarbreyting, %",0.004,Vísitala neysluverðs,Vísitala neysluverðs,Vísitala neysluverðs
2010-05-01,Vísitala neysluverðs,"Áhrif á vísitölu, %",0.004,Vísitala neysluverðs,Vísitala neysluverðs,Vísitala neysluverðs
2010-06-01,Vísitala neysluverðs,"Vægi, %",1,Vísitala neysluverðs,Vísitala neysluverðs,Vísitala neysluverðs
2010-06-01,Vísitala neysluverðs,"Mánaðarbreyting, %",-0.0031,Vísitala neysluverðs,Vísitala neysluverðs,Vísitala neysluverðs
2010-06-01,Vísitala neysluverðs,"Áhrif á vísitölu, %",-0.0031,Vísitala neysluverðs,Vísitala neysluverðs,Vísitala neysluverðs
2010-07-01,Vísitala neysluverðs,"Vægi, %",1,Vísitala neysluverðs,Vísitala neysluverðs,Vísitala neysluverðs
2010-07-01,Vísitala neysluverðs,"Mánaðarbreyting, %",-0.0066,Vísitala neysluverðs,Vísitala neysluverðs,Vísitala neysluverðs
2010-07-01,Vísitala neysluverðs,"Áhrif á vísitölu, %",-0.0066,Vísitala neysluverðs,Vísitala neysluverðs,Vísitala neysluverðs
2010-08-01,Vísitala neysluverðs,"Vægi, %",1,Vísitala neysluverðs,Vísitala neysluverðs,Vísitala neysluverðs
2010-08-01,Vísitala neysluverðs,"Mánaðarbreyting, %",0.0025,Vísitala neysluverðs,Vísitala neysluverðs,Vísitala neysluverðs
2010-08-01,Vísitala neysluverðs,"Áhrif á vísitölu, %",0.0025,Vísitala neysluverðs,Vísitala neysluverðs,Vísitala neysluverðs
2010-09-01,Vísitala neysluverðs,"Vægi, %",1,Vísitala neysluverðs,Vísitala neysluverðs,Vísitala neysluverðs
2010-09-01,Vísitala neysluverðs,"Mánaðarbreyting, %",-1e-4,Vísitala neysluverðs,Vísitala neysluverðs,Vísitala neysluverðs
2010-09-01,Vísitala neysluverðs,"Áhrif á vísitölu, %",-1e-4,Vísitala neysluverðs,Vísitala neysluverðs,Vísitala neysluverðs
2010-10-01,Vísitala neysluverðs,"Vægi, %",1,Vísitala neysluverðs,Vísitala neysluverðs,Vísitala neysluverðs
2010-10-01,Vísitala neysluverðs,"Mánaðarbreyting, %",0.0076,Vísitala neysluverðs,Vísitala neysluverðs,Vísitala neysluverðs
2010-10-01,Vísitala neysluverðs,"Áhrif á vísitölu, %",0.0076,Vísitala neysluverðs,Vísitala neysluverðs,Vísitala neysluverðs
2010-11-01,Vísitala neysluverðs,"Vægi, %",1,Vísitala neysluverðs,Vísitala neysluverðs,Vísitala neysluverðs
2010-11-01,Vísitala neysluverðs,"Mánaðarbreyting, %",5e-4,Vísitala neysluverðs,Vísitala neysluverðs,Vísitala neysluverðs
2010-11-01,Vísitala neysluverðs,"Áhrif á vísitölu, %",5e-4,Vísitala neysluverðs,Vísitala neysluverðs,Vísitala neysluverðs
2010-12-01,Vísitala neysluverðs,"Vægi, %",1,Vísitala neysluverðs,Vísitala neysluverðs,Vísitala neysluverðs
2010-12-01,Vísitala neysluverðs,"Mánaðarbreyting, %",0.0033,Vísitala neysluverðs,Vísitala neysluverðs,Vísitala neysluverðs
2010-12-01,Vísitala neysluverðs,"Áhrif á vísitölu, %",0.0033,Vísitala neysluverðs,Vísitala neysluverðs,Vísitala neysluverðs
2011-01-01,Vísitala neysluverðs,"Vægi, %",1,Vísitala neysluverðs,Vísitala neysluverðs,Vísitala neysluverðs
2011-01-01,Vísitala neysluverðs,"Mánaðarbreyting, %",-0.0091,Vísitala neysluverðs,Vísitala neysluverðs,Vísitala neysluverðs
2011-01-01,Vísitala neysluverðs,"Áhrif á vísitölu, %",-0.0091,Vísitala neysluverðs,Vísitala neysluverðs,Vísitala neysluverðs
2011-02-01,Vísitala neysluverðs,"Vægi, %",1,Vísitala neysluverðs,Vísitala neysluverðs,Vísitala neysluverðs
2011-02-01,Vísitala neysluverðs,"Mánaðarbreyting, %",0.011699999999999999,Vísitala neysluverðs,Vísitala neysluverðs,Vísitala neysluverðs
2011-02-01,Vísitala neysluverðs,"Áhrif á vísitölu, %",0.011699999999999999,Vísitala neysluverðs,Vísitala neysluverðs,Vísitala neysluverðs
2011-03-01,Vísitala neysluverðs,"Vægi, %",1,Vísitala neysluverðs,Vísitala neysluverðs,Vísitala neysluverðs
2011-03-01,Vísitala neysluverðs,"Mánaðarbreyting, %",0.0096,Vísitala neysluverðs,Vísitala neysluverðs,Vísitala neysluverðs
2011-03-01,Vísitala neysluverðs,"Áhrif á vísitölu, %",0.0096,Vísitala neysluverðs,Vísitala neysluverðs,Vísitala neysluverðs
2011-04-01,Vísitala neysluverðs,"Vægi, %",1,Vísitala neysluverðs,Vísitala neysluverðs,Vísitala neysluverðs
2011-04-01,Vísitala neysluverðs,"Mánaðarbreyting, %",0.0079,Vísitala neysluverðs,Vísitala neysluverðs,Vísitala neysluverðs
2011-04-01,Vísitala neysluverðs,"Áhrif á vísitölu, %",0.0079,Vísitala neysluverðs,Vísitala neysluverðs,Vísitala neysluverðs
2011-05-01,Vísitala neysluverðs,"Vægi, %",1,Vísitala neysluverðs,Vísitala neysluverðs,Vísitala neysluverðs
2011-05-01,Vísitala neysluverðs,"Mánaðarbreyting, %",0.0091,Vísitala neysluverðs,Vísitala neysluverðs,Vísitala neysluverðs
2011-05-01,Vísitala neysluverðs,"Áhrif á vísitölu, %",0.0091,Vísitala neysluverðs,Vísitala neysluverðs,Vísitala neysluverðs
2011-06-01,Vísitala neysluverðs,"Vægi, %",1,Vísitala neysluverðs,Vísitala neysluverðs,Vísitala neysluverðs
2011-06-01,Vísitala neysluverðs,"Mánaðarbreyting, %",0.0052,Vísitala neysluverðs,Vísitala neysluverðs,Vísitala neysluverðs
2011-06-01,Vísitala neysluverðs,"Áhrif á vísitölu, %",0.0052,Vísitala neysluverðs,Vísitala neysluverðs,Vísitala neysluverðs
2011-07-01,Vísitala neysluverðs,"Vægi, %",1,Vísitala neysluverðs,Vísitala neysluverðs,Vísitala neysluverðs
2011-07-01,Vísitala neysluverðs,"Mánaðarbreyting, %",9e-4,Vísitala neysluverðs,Vísitala neysluverðs,Vísitala neysluverðs
2011-07-01,Vísitala neysluverðs,"Áhrif á vísitölu, %",9e-4,Vísitala neysluverðs,Vísitala neysluverðs,Vísitala neysluverðs
2011-08-01,Vísitala neysluverðs,"Vægi, %",1,Vísitala neysluverðs,Vísitala neysluverðs,Vísitala neysluverðs
2011-08-01,Vísitala neysluverðs,"Mánaðarbreyting, %",0.0028000000000000004,Vísitala neysluverðs,Vísitala neysluverðs,Vísitala neysluverðs
2011-08-01,Vísitala neysluverðs,"Áhrif á vísitölu, %",0.0028000000000000004,Vísitala neysluverðs,Vísitala neysluverðs,Vísitala neysluverðs
2011-09-01,Vísitala neysluverðs,"Vægi, %",1,Vísitala neysluverðs,Vísitala neysluverðs,Vísitala neysluverðs
2011-09-01,Vísitala neysluverðs,"Mánaðarbreyting, %",0.0062,Vísitala neysluverðs,Vísitala neysluverðs,Vísitala neysluverðs
2011-09-01,Vísitala neysluverðs,"Áhrif á vísitölu, %",0.0062,Vísitala neysluverðs,Vísitala neysluverðs,Vísitala neysluverðs
2011-10-01,Vísitala neysluverðs,"Vægi, %",1,Vísitala neysluverðs,Vísitala neysluverðs,Vísitala neysluverðs
2011-10-01,Vísitala neysluverðs,"Mánaðarbreyting, %",0.0033,Vísitala neysluverðs,Vísitala neysluverðs,Vísitala neysluverðs
2011-10-01,Vísitala neysluverðs,"Áhrif á vísitölu, %",0.0033,Vísitala neysluverðs,Vísitala neysluverðs,Vísitala neysluverðs
2011-11-01,Vísitala neysluverðs,"Vægi, %",1,Vísitala neysluverðs,Vísitala neysluverðs,Vísitala neysluverðs
2011-11-01,Vísitala neysluverðs,"Mánaðarbreyting, %",2e-4,Vísitala neysluverðs,Vísitala neysluverðs,Vísitala neysluverðs
2011-11-01,Vísitala neysluverðs,"Áhrif á vísitölu, %",2e-4,Vísitala neysluverðs,Vísitala neysluverðs,Vísitala neysluverðs
2011-12-01,Vísitala neysluverðs,"Vægi, %",1,Vísitala neysluverðs,Vísitala neysluverðs,Vísitala neysluverðs
2011-12-01,Vísitala neysluverðs,"Mánaðarbreyting, %",0.0034999999999999996,Vísitala neysluverðs,Vísitala neysluverðs,Vísitala neysluverðs
2011-12-01,Vísitala neysluverðs,"Áhrif á vísitölu, %",0.0034999999999999996,Vísitala neysluverðs,Vísitala neysluverðs,Vísitala neysluverðs
2012-01-01,Vísitala neysluverðs,"Vægi, %",1,Vísitala neysluverðs,Vísitala neysluverðs,Vísitala neysluverðs
2012-01-01,Vísitala neysluverðs,"Mánaðarbreyting, %",0.0029,Vísitala neysluverðs,Vísitala neysluverðs,Vísitala neysluverðs
2012-01-01,Vísitala neysluverðs,"Áhrif á vísitölu, %",0.0029,Vísitala neysluverðs,Vísitala neysluverðs,Vísitala neysluverðs
2012-02-01,Vísitala neysluverðs,"Vægi, %",1,Vísitala neysluverðs,Vísitala neysluverðs,Vísitala neysluverðs
2012-02-01,Vísitala neysluverðs,"Mánaðarbreyting, %",0.01,Vísitala neysluverðs,Vísitala neysluverðs,Vísitala neysluverðs
2012-02-01,Vísitala neysluverðs,"Áhrif á vísitölu, %",0.01,Vísitala neysluverðs,Vísitala neysluverðs,Vísitala neysluverðs
2012-03-01,Vísitala neysluverðs,"Vægi, %",1,Vísitala neysluverðs,Vísitala neysluverðs,Vísitala neysluverðs
2012-03-01,Vísitala neysluverðs,"Mánaðarbreyting, %",0.0106,Vísitala neysluverðs,Vísitala neysluverðs,Vísitala neysluverðs
2012-03-01,Vísitala neysluverðs,"Áhrif á vísitölu, %",0.0106,Vísitala neysluverðs,Vísitala neysluverðs,Vísitala neysluverðs
2012-04-01,Vísitala neysluverðs,"Vægi, %",1,Vísitala neysluverðs,Vísitala neysluverðs,Vísitala neysluverðs
2012-04-01,Vísitala neysluverðs,"Mánaðarbreyting, %",0.0077,Vísitala neysluverðs,Vísitala neysluverðs,Vísitala neysluverðs
2012-04-01,Vísitala neysluverðs,"Áhrif á vísitölu, %",0.0077,Vísitala neysluverðs,Vísitala neysluverðs,Vísitala neysluverðs
2012-05-01,Vísitala neysluverðs,"Vægi, %",1,Vísitala neysluverðs,Vísitala neysluverðs,Vísitala neysluverðs
2012-05-01,Vísitala neysluverðs,"Mánaðarbreyting, %",-1e-4,Vísitala neysluverðs,Vísitala neysluverðs,Vísitala neysluverðs
2012-05-01,Vísitala neysluverðs,"Áhrif á vísitölu, %",-1e-4,Vísitala neysluverðs,Vísitala neysluverðs,Vísitala neysluverðs
2012-06-01,Vísitala neysluverðs,"Vægi, %",1,Vísitala neysluverðs,Vísitala neysluverðs,Vísitala neysluverðs
2012-06-01,Vísitala neysluverðs,"Mánaðarbreyting, %",0.005,Vísitala neysluverðs,Vísitala neysluverðs,Vísitala neysluverðs
2012-06-01,Vísitala neysluverðs,"Áhrif á vísitölu, %",0.005,Vísitala neysluverðs,Vísitala neysluverðs,Vísitala neysluverðs
2012-07-01,Vísitala neysluverðs,"Vægi, %",1,Vísitala neysluverðs,Vísitala neysluverðs,Vísitala neysluverðs
2012-07-01,Vísitala neysluverðs,"Mánaðarbreyting, %",-0.0073,Vísitala neysluverðs,Vísitala neysluverðs,Vísitala neysluverðs
2012-07-01,Vísitala neysluverðs,"Áhrif á vísitölu, %",-0.0073,Vísitala neysluverðs,Vísitala neysluverðs,Vísitala neysluverðs
2012-08-01,Vísitala neysluverðs,"Vægi, %",1,Vísitala neysluverðs,Vísitala neysluverðs,Vísitala neysluverðs
2012-08-01,Vísitala neysluverðs,"Mánaðarbreyting, %",-0.0015,Vísitala neysluverðs,Vísitala neysluverðs,Vísitala neysluverðs
2012-08-01,Vísitala neysluverðs,"Áhrif á vísitölu, %",-0.0015,Vísitala neysluverðs,Vísitala neysluverðs,Vísitala neysluverðs
2012-09-01,Vísitala neysluverðs,"Vægi, %",1,Vísitala neysluverðs,Vísitala neysluverðs,Vísitala neysluverðs
2012-09-01,Vísitala neysluverðs,"Mánaðarbreyting, %",0.0077,Vísitala neysluverðs,Vísitala neysluverðs,Vísitala neysluverðs
2012-09-01,Vísitala neysluverðs,"Áhrif á vísitölu, %",0.0077,Vísitala neysluverðs,Vísitala neysluverðs,Vísitala neysluverðs
2012-10-01,Vísitala neysluverðs,"Vægi, %",1,Vísitala neysluverðs,Vísitala neysluverðs,Vísitala neysluverðs
2012-10-01,Vísitala neysluverðs,"Mánaðarbreyting, %",0.0027,Vísitala neysluverðs,Vísitala neysluverðs,Vísitala neysluverðs
2012-10-01,Vísitala neysluverðs,"Áhrif á vísitölu, %",0.0027,Vísitala neysluverðs,Vísitala neysluverðs,Vísitala neysluverðs
2012-11-01,Vísitala neysluverðs,"Vægi, %",1,Vísitala neysluverðs,Vísitala neysluverðs,Vísitala neysluverðs
2012-11-01,Vísitala neysluverðs,"Mánaðarbreyting, %",0.0032,Vísitala neysluverðs,Vísitala neysluverðs,Vísitala neysluverðs
2012-11-01,Vísitala neysluverðs,"Áhrif á vísitölu, %",0.0032,Vísitala neysluverðs,Vísitala neysluverðs,Vísitala neysluverðs
2012-12-01,Vísitala neysluverðs,"Vægi, %",1,Vísitala neysluverðs,Vísitala neysluverðs,Vísitala neysluverðs
2012-12-01,Vísitala neysluverðs,"Mánaðarbreyting, %",6e-4,Vísitala neysluverðs,Vísitala neysluverðs,Vísitala neysluverðs
2012-12-01,Vísitala neysluverðs,"Áhrif á vísitölu, %",6e-4,Vísitala neysluverðs,Vísitala neysluverðs,Vísitala neysluverðs
2013-01-01,Vísitala neysluverðs,"Vægi, %",1,Vísitala neysluverðs,Vísitala neysluverðs,Vísitala neysluverðs
2013-01-01,Vísitala neysluverðs,"Mánaðarbreyting, %",0.0027,Vísitala neysluverðs,Vísitala neysluverðs,Vísitala neysluverðs
2013-01-01,Vísitala neysluverðs,"Áhrif á vísitölu, %",0.0027,Vísitala neysluverðs,Vísitala neysluverðs,Vísitala neysluverðs
2013-02-01,Vísitala neysluverðs,"Vægi, %",1,Vísitala neysluverðs,Vísitala neysluverðs,Vísitala neysluverðs
2013-02-01,Vísitala neysluverðs,"Mánaðarbreyting, %",0.0163,Vísitala neysluverðs,Vísitala neysluverðs,Vísitala neysluverðs
2013-02-01,Vísitala neysluverðs,"Áhrif á vísitölu, %",0.0163,Vísitala neysluverðs,Vísitala neysluverðs,Vísitala neysluverðs
2013-03-01,Vísitala neysluverðs,"Vægi, %",1,Vísitala neysluverðs,Vísitala neysluverðs,Vísitala neysluverðs
2013-03-01,Vísitala neysluverðs,"Mánaðarbreyting, %",0.002,Vísitala neysluverðs,Vísitala neysluverðs,Vísitala neysluverðs
2013-03-01,Vísitala neysluverðs,"Áhrif á vísitölu, %",0.002,Vísitala neysluverðs,Vísitala neysluverðs,Vísitala neysluverðs
2013-04-01,Vísitala neysluverðs,"Vægi, %",1,Vísitala neysluverðs,Vísitala neysluverðs,Vísitala neysluverðs
2013-04-01,Vísitala neysluverðs,"Mánaðarbreyting, %",0.0018,Vísitala neysluverðs,Vísitala neysluverðs,Vísitala neysluverðs
2013-04-01,Vísitala neysluverðs,"Áhrif á vísitölu, %",0.0018,Vísitala neysluverðs,Vísitala neysluverðs,Vísitala neysluverðs
2013-05-01,Vísitala neysluverðs,"Vægi, %",1,Vísitala neysluverðs,Vísitala neysluverðs,Vísitala neysluverðs
2013-05-01,Vísitala neysluverðs,"Mánaðarbreyting, %",-5e-4,Vísitala neysluverðs,Vísitala neysluverðs,Vísitala neysluverðs
2013-05-01,Vísitala neysluverðs,"Áhrif á vísitölu, %",-5e-4,Vísitala neysluverðs,Vísitala neysluverðs,Vísitala neysluverðs
2013-06-01,Vísitala neysluverðs,"Vægi, %",1,Vísitala neysluverðs,Vísitala neysluverðs,Vísitala neysluverðs
2013-06-01,Vísitala neysluverðs,"Mánaðarbreyting, %",0.0055000000000000005,Vísitala neysluverðs,Vísitala neysluverðs,Vísitala neysluverðs
2013-06-01,Vísitala neysluverðs,"Áhrif á vísitölu, %",0.0055000000000000005,Vísitala neysluverðs,Vísitala neysluverðs,Vísitala neysluverðs
2013-07-01,Vísitala neysluverðs,"Vægi, %",1,Vísitala neysluverðs,Vísitala neysluverðs,Vísitala neysluverðs
2013-07-01,Vísitala neysluverðs,"Mánaðarbreyting, %",-0.0027,Vísitala neysluverðs,Vísitala neysluverðs,Vísitala neysluverðs
2013-07-01,Vísitala neysluverðs,"Áhrif á vísitölu, %",-0.0027,Vísitala neysluverðs,Vísitala neysluverðs,Vísitala neysluverðs
2013-08-01,Vísitala neysluverðs,"Vægi, %",1,Vísitala neysluverðs,Vísitala neysluverðs,Vísitala neysluverðs
2013-08-01,Vísitala neysluverðs,"Mánaðarbreyting, %",0.0034000000000000002,Vísitala neysluverðs,Vísitala neysluverðs,Vísitala neysluverðs
2013-08-01,Vísitala neysluverðs,"Áhrif á vísitölu, %",0.0034000000000000002,Vísitala neysluverðs,Vísitala neysluverðs,Vísitala neysluverðs
2013-09-01,Vísitala neysluverðs,"Vægi, %",1,Vísitala neysluverðs,Vísitala neysluverðs,Vísitala neysluverðs
2013-09-01,Vísitala neysluverðs,"Mánaðarbreyting, %",0.0033,Vísitala neysluverðs,Vísitala neysluverðs,Vísitala neysluverðs
2013-09-01,Vísitala neysluverðs,"Áhrif á vísitölu, %",0.0033,Vísitala neysluverðs,Vísitala neysluverðs,Vísitala neysluverðs
2013-10-01,Vísitala neysluverðs,"Vægi, %",1,Vísitala neysluverðs,Vísitala neysluverðs,Vísitala neysluverðs
2013-10-01,Vísitala neysluverðs,"Mánaðarbreyting, %",1e-4,Vísitala neysluverðs,Vísitala neysluverðs,Vísitala neysluverðs
2013-10-01,Vísitala neysluverðs,"Áhrif á vísitölu, %",1e-4,Vísitala neysluverðs,Vísitala neysluverðs,Vísitala neysluverðs
2013-11-01,Vísitala neysluverðs,"Vægi, %",1,Vísitala neysluverðs,Vísitala neysluverðs,Vísitala neysluverðs
2013-11-01,Vísitala neysluverðs,"Mánaðarbreyting, %",0.0036,Vísitala neysluverðs,Vísitala neysluverðs,Vísitala neysluverðs
2013-11-01,Vísitala neysluverðs,"Áhrif á vísitölu, %",0.0036,Vísitala neysluverðs,Vísitala neysluverðs,Vísitala neysluverðs
2013-12-01,Vísitala neysluverðs,"Vægi, %",1,Vísitala neysluverðs,Vísitala neysluverðs,Vísitala neysluverðs
2013-12-01,Vísitala neysluverðs,"Mánaðarbreyting, %",0.0051,Vísitala neysluverðs,Vísitala neysluverðs,Vísitala neysluverðs
2013-12-01,Vísitala neysluverðs,"Áhrif á vísitölu, %",0.0051,Vísitala neysluverðs,Vísitala neysluverðs,Vísitala neysluverðs
2014-01-01,Vísitala neysluverðs,"Vægi, %",1,Vísitala neysluverðs,Vísitala neysluverðs,Vísitala neysluverðs
2014-01-01,Vísitala neysluverðs,"Mánaðarbreyting, %",-0.0072,Vísitala neysluverðs,Vísitala neysluverðs,Vísitala neysluverðs
2014-01-01,Vísitala neysluverðs,"Áhrif á vísitölu, %",-0.0072,Vísitala neysluverðs,Vísitala neysluverðs,Vísitala neysluverðs
2014-02-01,Vísitala neysluverðs,"Vægi, %",1,Vísitala neysluverðs,Vísitala neysluverðs,Vísitala neysluverðs
2014-02-01,Vísitala neysluverðs,"Mánaðarbreyting, %",0.0068000000000000005,Vísitala neysluverðs,Vísitala neysluverðs,Vísitala neysluverðs
2014-02-01,Vísitala neysluverðs,"Áhrif á vísitölu, %",0.0068000000000000005,Vísitala neysluverðs,Vísitala neysluverðs,Vísitala neysluverðs
2014-03-01,Vísitala neysluverðs,"Vægi, %",1,Vísitala neysluverðs,Vísitala neysluverðs,Vísitala neysluverðs
2014-03-01,Vísitala neysluverðs,"Mánaðarbreyting, %",0.0024,Vísitala neysluverðs,Vísitala neysluverðs,Vísitala neysluverðs
2014-03-01,Vísitala neysluverðs,"Áhrif á vísitölu, %",0.0024,Vísitala neysluverðs,Vísitala neysluverðs,Vísitala neysluverðs
2014-04-01,Vísitala neysluverðs,"Vægi, %",1,Vísitala neysluverðs,Vísitala neysluverðs,Vísitala neysluverðs
2014-04-01,Vísitala neysluverðs,"Mánaðarbreyting, %",0.0031,Vísitala neysluverðs,Vísitala neysluverðs,Vísitala neysluverðs
2014-04-01,Vísitala neysluverðs,"Áhrif á vísitölu, %",0.0031,Vísitala neysluverðs,Vísitala neysluverðs,Vísitala neysluverðs
2014-05-01,Vísitala neysluverðs,"Vægi, %",1,Vísitala neysluverðs,Vísitala neysluverðs,Vísitala neysluverðs
2014-05-01,Vísitala neysluverðs,"Mánaðarbreyting, %",7.000000000000001e-4,Vísitala neysluverðs,Vísitala neysluverðs,Vísitala neysluverðs
2014-05-01,Vísitala neysluverðs,"Áhrif á vísitölu, %",7.000000000000001e-4,Vísitala neysluverðs,Vísitala neysluverðs,Vísitala neysluverðs
2014-06-01,Vísitala neysluverðs,"Vægi, %",1,Vísitala neysluverðs,Vísitala neysluverðs,Vísitala neysluverðs
2014-06-01,Vísitala neysluverðs,"Mánaðarbreyting, %",0.0034999999999999996,Vísitala neysluverðs,Vísitala neysluverðs,Vísitala neysluverðs
2014-06-01,Vísitala neysluverðs,"Áhrif á vísitölu, %",0.0034999999999999996,Vísitala neysluverðs,Vísitala neysluverðs,Vísitala neysluverðs
2014-07-01,Vísitala neysluverðs,"Vægi, %",1,Vísitala neysluverðs,Vísitala neysluverðs,Vísitala neysluverðs
2014-07-01,Vísitala neysluverðs,"Mánaðarbreyting, %",-0.0015,Vísitala neysluverðs,Vísitala neysluverðs,Vísitala neysluverðs
2014-07-01,Vísitala neysluverðs,"Áhrif á vísitölu, %",-0.0015,Vísitala neysluverðs,Vísitala neysluverðs,Vísitala neysluverðs
2014-08-01,Vísitala neysluverðs,"Vægi, %",1,Vísitala neysluverðs,Vísitala neysluverðs,Vísitala neysluverðs
2014-08-01,Vísitala neysluverðs,"Mánaðarbreyting, %",0.0023,Vísitala neysluverðs,Vísitala neysluverðs,Vísitala neysluverðs
2014-08-01,Vísitala neysluverðs,"Áhrif á vísitölu, %",0.0023,Vísitala neysluverðs,Vísitala neysluverðs,Vísitala neysluverðs
2014-09-01,Vísitala neysluverðs,"Vægi, %",1,Vísitala neysluverðs,Vísitala neysluverðs,Vísitala neysluverðs
2014-09-01,Vísitala neysluverðs,"Mánaðarbreyting, %",-0.0012,Vísitala neysluverðs,Vísitala neysluverðs,Vísitala neysluverðs
2014-09-01,Vísitala neysluverðs,"Áhrif á vísitölu, %",-0.0012,Vísitala neysluverðs,Vísitala neysluverðs,Vísitala neysluverðs
2014-10-01,Vísitala neysluverðs,"Vægi, %",1,Vísitala neysluverðs,Vísitala neysluverðs,Vísitala neysluverðs
2014-10-01,Vísitala neysluverðs,"Mánaðarbreyting, %",0.0013,Vísitala neysluverðs,Vísitala neysluverðs,Vísitala neysluverðs
2014-10-01,Vísitala neysluverðs,"Áhrif á vísitölu, %",0.0013,Vísitala neysluverðs,Vísitala neysluverðs,Vísitala neysluverðs
2014-11-01,Vísitala neysluverðs,"Vægi, %",1,Vísitala neysluverðs,Vísitala neysluverðs,Vísitala neysluverðs
2014-11-01,Vísitala neysluverðs,"Mánaðarbreyting, %",-0.0051,Vísitala neysluverðs,Vísitala neysluverðs,Vísitala neysluverðs
2014-11-01,Vísitala neysluverðs,"Áhrif á vísitölu, %",-0.0051,Vísitala neysluverðs,Vísitala neysluverðs,Vísitala neysluverðs
2014-12-01,Vísitala neysluverðs,"Vægi, %",1,Vísitala neysluverðs,Vísitala neysluverðs,Vísitala neysluverðs
2014-12-01,Vísitala neysluverðs,"Mánaðarbreyting, %",0.0031,Vísitala neysluverðs,Vísitala neysluverðs,Vísitala neysluverðs
2014-12-01,Vísitala neysluverðs,"Áhrif á vísitölu, %",0.0031,Vísitala neysluverðs,Vísitala neysluverðs,Vísitala neysluverðs
2015-01-01,Vísitala neysluverðs,"Vægi, %",1,Vísitala neysluverðs,Vísitala neysluverðs,Vísitala neysluverðs
2015-01-01,Vísitala neysluverðs,"Mánaðarbreyting, %",-0.0073,Vísitala neysluverðs,Vísitala neysluverðs,Vísitala neysluverðs
2015-01-01,Vísitala neysluverðs,"Áhrif á vísitölu, %",-0.0073,Vísitala neysluverðs,Vísitala neysluverðs,Vísitala neysluverðs
2015-02-01,Vísitala neysluverðs,"Vægi, %",1,Vísitala neysluverðs,Vísitala neysluverðs,Vísitala neysluverðs
2015-02-01,Vísitala neysluverðs,"Mánaðarbreyting, %",0.0067,Vísitala neysluverðs,Vísitala neysluverðs,Vísitala neysluverðs
2015-02-01,Vísitala neysluverðs,"Áhrif á vísitölu, %",0.0067,Vísitala neysluverðs,Vísitala neysluverðs,Vísitala neysluverðs
2015-03-01,Vísitala neysluverðs,"Vægi, %",1,Vísitala neysluverðs,Vísitala neysluverðs,Vísitala neysluverðs
2015-03-01,Vísitala neysluverðs,"Mánaðarbreyting, %",0.0102,Vísitala neysluverðs,Vísitala neysluverðs,Vísitala neysluverðs
2015-03-01,Vísitala neysluverðs,"Áhrif á vísitölu, %",0.0102,Vísitala neysluverðs,Vísitala neysluverðs,Vísitala neysluverðs
2015-04-01,Vísitala neysluverðs,"Vægi, %",1,Vísitala neysluverðs,Vísitala neysluverðs,Vísitala neysluverðs
2015-04-01,Vísitala neysluverðs,"Mánaðarbreyting, %",0.0016,Vísitala neysluverðs,Vísitala neysluverðs,Vísitala neysluverðs
2015-04-01,Vísitala neysluverðs,"Áhrif á vísitölu, %",0.0016,Vísitala neysluverðs,Vísitala neysluverðs,Vísitala neysluverðs
2015-05-01,Vísitala neysluverðs,"Vægi, %",1,Vísitala neysluverðs,Vísitala neysluverðs,Vísitala neysluverðs
2015-05-01,Vísitala neysluverðs,"Mánaðarbreyting, %",0.0028000000000000004,Vísitala neysluverðs,Vísitala neysluverðs,Vísitala neysluverðs
2015-05-01,Vísitala neysluverðs,"Áhrif á vísitölu, %",0.0028000000000000004,Vísitala neysluverðs,Vísitala neysluverðs,Vísitala neysluverðs
2015-06-01,Vísitala neysluverðs,"Vægi, %",1,Vísitala neysluverðs,Vísitala neysluverðs,Vísitala neysluverðs
2015-06-01,Vísitala neysluverðs,"Mánaðarbreyting, %",0.0024,Vísitala neysluverðs,Vísitala neysluverðs,Vísitala neysluverðs
2015-06-01,Vísitala neysluverðs,"Áhrif á vísitölu, %",0.0024,Vísitala neysluverðs,Vísitala neysluverðs,Vísitala neysluverðs
2015-07-01,Vísitala neysluverðs,"Vægi, %",1,Vísitala neysluverðs,Vísitala neysluverðs,Vísitala neysluverðs
2015-07-01,Vísitala neysluverðs,"Mánaðarbreyting, %",0.0018,Vísitala neysluverðs,Vísitala neysluverðs,Vísitala neysluverðs
2015-07-01,Vísitala neysluverðs,"Áhrif á vísitölu, %",0.0018,Vísitala neysluverðs,Vísitala neysluverðs,Vísitala neysluverðs
2015-08-01,Vísitala neysluverðs,"Vægi, %",1,Vísitala neysluverðs,Vísitala neysluverðs,Vísitala neysluverðs
2015-08-01,Vísitala neysluverðs,"Mánaðarbreyting, %",0.0053,Vísitala neysluverðs,Vísitala neysluverðs,Vísitala neysluverðs
2015-08-01,Vísitala neysluverðs,"Áhrif á vísitölu, %",0.0053,Vísitala neysluverðs,Vísitala neysluverðs,Vísitala neysluverðs
2015-09-01,Vísitala neysluverðs,"Vægi, %",1,Vísitala neysluverðs,Vísitala neysluverðs,Vísitala neysluverðs
2015-09-01,Vísitala neysluverðs,"Mánaðarbreyting, %",-0.0039000000000000003,Vísitala neysluverðs,Vísitala neysluverðs,Vísitala neysluverðs
2015-09-01,Vísitala neysluverðs,"Áhrif á vísitölu, %",-0.0039000000000000003,Vísitala neysluverðs,Vísitala neysluverðs,Vísitala neysluverðs
2015-10-01,Vísitala neysluverðs,"Vægi, %",1,Vísitala neysluverðs,Vísitala neysluverðs,Vísitala neysluverðs
2015-10-01,Vísitala neysluverðs,"Mánaðarbreyting, %",5e-4,Vísitala neysluverðs,Vísitala neysluverðs,Vísitala neysluverðs
2015-10-01,Vísitala neysluverðs,"Áhrif á vísitölu, %",5e-4,Vísitala neysluverðs,Vísitala neysluverðs,Vísitala neysluverðs
2015-11-01,Vísitala neysluverðs,"Vægi, %",1,Vísitala neysluverðs,Vísitala neysluverðs,Vísitala neysluverðs
2015-11-01,Vísitala neysluverðs,"Mánaðarbreyting, %",-0.0034000000000000002,Vísitala neysluverðs,Vísitala neysluverðs,Vísitala neysluverðs
2015-11-01,Vísitala neysluverðs,"Áhrif á vísitölu, %",-0.0034000000000000002,Vísitala neysluverðs,Vísitala neysluverðs,Vísitala neysluverðs
2015-12-01,Vísitala neysluverðs,"Vægi, %",1,Vísitala neysluverðs,Vísitala neysluverðs,Vísitala neysluverðs
2015-12-01,Vísitala neysluverðs,"Mánaðarbreyting, %",0.0033,Vísitala neysluverðs,Vísitala neysluverðs,Vísitala neysluverðs
2015-12-01,Vísitala neysluverðs,"Áhrif á vísitölu, %",0.0033,Vísitala neysluverðs,Vísitala neysluverðs,Vísitala neysluverðs
2016-01-01,Vísitala neysluverðs,"Vægi, %",1,Vísitala neysluverðs,Vísitala neysluverðs,Vísitala neysluverðs
2016-01-01,Vísitala neysluverðs,"Mánaðarbreyting, %",-0.006,Vísitala neysluverðs,Vísitala neysluverðs,Vísitala neysluverðs
2016-01-01,Vísitala neysluverðs,"Áhrif á vísitölu, %",-0.006,Vísitala neysluverðs,Vísitala neysluverðs,Vísitala neysluverðs
2016-02-01,Vísitala neysluverðs,"Vægi, %",1,Vísitala neysluverðs,Vísitala neysluverðs,Vísitala neysluverðs
2016-02-01,Vísitala neysluverðs,"Mánaðarbreyting, %",0.0069,Vísitala neysluverðs,Vísitala neysluverðs,Vísitala neysluverðs
2016-02-01,Vísitala neysluverðs,"Áhrif á vísitölu, %",0.0069,Vísitala neysluverðs,Vísitala neysluverðs,Vísitala neysluverðs
2016-03-01,Vísitala neysluverðs,"Vægi, %",1,Vísitala neysluverðs,Vísitala neysluverðs,Vísitala neysluverðs
2016-03-01,Vísitala neysluverðs,"Mánaðarbreyting, %",0.0037,Vísitala neysluverðs,Vísitala neysluverðs,Vísitala neysluverðs
2016-03-01,Vísitala neysluverðs,"Áhrif á vísitölu, %",0.0037,Vísitala neysluverðs,Vísitala neysluverðs,Vísitala neysluverðs
2016-04-01,Vísitala neysluverðs,"Vægi, %",1,Vísitala neysluverðs,Vísitala neysluverðs,Vísitala neysluverðs
2016-04-01,Vísitala neysluverðs,"Mánaðarbreyting, %",0.002,Vísitala neysluverðs,Vísitala neysluverðs,Vísitala neysluverðs
2016-04-01,Vísitala neysluverðs,"Áhrif á vísitölu, %",0.002,Vísitala neysluverðs,Vísitala neysluverðs,Vísitala neysluverðs
2016-05-01,Vísitala neysluverðs,"Vægi, %",1,Vísitala neysluverðs,Vísitala neysluverðs,Vísitala neysluverðs
2016-05-01,Vísitala neysluverðs,"Mánaðarbreyting, %",0.0040999999999999995,Vísitala neysluverðs,Vísitala neysluverðs,Vísitala neysluverðs
2016-05-01,Vísitala neysluverðs,"Áhrif á vísitölu, %",0.0040999999999999995,Vísitala neysluverðs,Vísitala neysluverðs,Vísitala neysluverðs
2016-06-01,Vísitala neysluverðs,"Vægi, %",1,Vísitala neysluverðs,Vísitala neysluverðs,Vísitala neysluverðs
2016-06-01,Vísitala neysluverðs,"Mánaðarbreyting, %",0.0018,Vísitala neysluverðs,Vísitala neysluverðs,Vísitala neysluverðs
2016-06-01,Vísitala neysluverðs,"Áhrif á vísitölu, %",0.0018,Vísitala neysluverðs,Vísitala neysluverðs,Vísitala neysluverðs
2016-07-01,Vísitala neysluverðs,"Vægi, %",1,Vísitala neysluverðs,Vísitala neysluverðs,Vísitala neysluverðs
2016-07-01,Vísitala neysluverðs,"Mánaðarbreyting, %",-0.0031,Vísitala neysluverðs,Vísitala neysluverðs,Vísitala neysluverðs
2016-07-01,Vísitala neysluverðs,"Áhrif á vísitölu, %",-0.0031,Vísitala neysluverðs,Vísitala neysluverðs,Vísitala neysluverðs
2016-08-01,Vísitala neysluverðs,"Vægi, %",1,Vísitala neysluverðs,Vísitala neysluverðs,Vísitala neysluverðs
2016-08-01,Vísitala neysluverðs,"Mánaðarbreyting, %",0.0034999999999999996,Vísitala neysluverðs,Vísitala neysluverðs,Vísitala neysluverðs
2016-08-01,Vísitala neysluverðs,"Áhrif á vísitölu, %",0.0034999999999999996,Vísitala neysluverðs,Vísitala neysluverðs,Vísitala neysluverðs
2016-09-01,Vísitala neysluverðs,"Vægi, %",1,Vísitala neysluverðs,Vísitala neysluverðs,Vísitala neysluverðs
2016-09-01,Vísitala neysluverðs,"Mánaðarbreyting, %",0.0048,Vísitala neysluverðs,Vísitala neysluverðs,Vísitala neysluverðs
2016-09-01,Vísitala neysluverðs,"Áhrif á vísitölu, %",0.0048,Vísitala neysluverðs,Vísitala neysluverðs,Vísitala neysluverðs
2016-10-01,Vísitala neysluverðs,"Vægi, %",1,Vísitala neysluverðs,Vísitala neysluverðs,Vísitala neysluverðs
2016-10-01,Vísitala neysluverðs,"Mánaðarbreyting, %",0,Vísitala neysluverðs,Vísitala neysluverðs,Vísitala neysluverðs
2016-10-01,Vísitala neysluverðs,"Áhrif á vísitölu, %",0,Vísitala neysluverðs,Vísitala neysluverðs,Vísitala neysluverðs
2016-11-01,Vísitala neysluverðs,"Vægi, %",1,Vísitala neysluverðs,Vísitala neysluverðs,Vísitala neysluverðs
2016-11-01,Vísitala neysluverðs,"Mánaðarbreyting, %",-4e-4,Vísitala neysluverðs,Vísitala neysluverðs,Vísitala neysluverðs
2016-11-01,Vísitala neysluverðs,"Áhrif á vísitölu, %",-4e-4,Vísitala neysluverðs,Vísitala neysluverðs,Vísitala neysluverðs
2016-12-01,Vísitala neysluverðs,"Vægi, %",1,Vísitala neysluverðs,Vísitala neysluverðs,Vísitala neysluverðs
2016-12-01,Vísitala neysluverðs,"Mánaðarbreyting, %",0.0014000000000000002,Vísitala neysluverðs,Vísitala neysluverðs,Vísitala neysluverðs
2016-12-01,Vísitala neysluverðs,"Áhrif á vísitölu, %",0.0014000000000000002,Vísitala neysluverðs,Vísitala neysluverðs,Vísitala neysluverðs
2017-01-01,Vísitala neysluverðs,"Vægi, %",1,Vísitala neysluverðs,Vísitala neysluverðs,Vísitala neysluverðs
2017-01-01,Vísitala neysluverðs,"Mánaðarbreyting, %",-0.005699999999999999,Vísitala neysluverðs,Vísitala neysluverðs,Vísitala neysluverðs
2017-01-01,Vísitala neysluverðs,"Áhrif á vísitölu, %",-0.005699999999999999,Vísitala neysluverðs,Vísitala neysluverðs,Vísitala neysluverðs
2017-02-01,Vísitala neysluverðs,"Vægi, %",1,Vísitala neysluverðs,Vísitala neysluverðs,Vísitala neysluverðs
2017-02-01,Vísitala neysluverðs,"Mánaðarbreyting, %",0.0072,Vísitala neysluverðs,Vísitala neysluverðs,Vísitala neysluverðs
2017-02-01,Vísitala neysluverðs,"Áhrif á vísitölu, %",0.0072,Vísitala neysluverðs,Vísitala neysluverðs,Vísitala neysluverðs
2017-03-01,Vísitala neysluverðs,"Vægi, %",1,Vísitala neysluverðs,Vísitala neysluverðs,Vísitala neysluverðs
2017-03-01,Vísitala neysluverðs,"Mánaðarbreyting, %",6e-4,Vísitala neysluverðs,Vísitala neysluverðs,Vísitala neysluverðs
2017-03-01,Vísitala neysluverðs,"Áhrif á vísitölu, %",6e-4,Vísitala neysluverðs,Vísitala neysluverðs,Vísitala neysluverðs
2017-04-01,Vísitala neysluverðs,"Vægi, %",1,Vísitala neysluverðs,Vísitala neysluverðs,Vísitala neysluverðs
2017-04-01,Vísitala neysluverðs,"Mánaðarbreyting, %",0.0051,Vísitala neysluverðs,Vísitala neysluverðs,Vísitala neysluverðs
2017-04-01,Vísitala neysluverðs,"Áhrif á vísitölu, %",0.0051,Vísitala neysluverðs,Vísitala neysluverðs,Vísitala neysluverðs
2017-05-01,Vísitala neysluverðs,"Vægi, %",1,Vísitala neysluverðs,Vísitala neysluverðs,Vísitala neysluverðs
2017-05-01,Vísitala neysluverðs,"Mánaðarbreyting, %",0.0019,Vísitala neysluverðs,Vísitala neysluverðs,Vísitala neysluverðs
2017-05-01,Vísitala neysluverðs,"Áhrif á vísitölu, %",0.0019,Vísitala neysluverðs,Vísitala neysluverðs,Vísitala neysluverðs
2017-06-01,Vísitala neysluverðs,"Vægi, %",1,Vísitala neysluverðs,Vísitala neysluverðs,Vísitala neysluverðs
2017-06-01,Vísitala neysluverðs,"Mánaðarbreyting, %",0,Vísitala neysluverðs,Vísitala neysluverðs,Vísitala neysluverðs
2017-06-01,Vísitala neysluverðs,"Áhrif á vísitölu, %",0,Vísitala neysluverðs,Vísitala neysluverðs,Vísitala neysluverðs
2017-07-01,Vísitala neysluverðs,"Vægi, %",1,Vísitala neysluverðs,Vísitala neysluverðs,Vísitala neysluverðs
2017-07-01,Vísitala neysluverðs,"Mánaðarbreyting, %",-3e-4,Vísitala neysluverðs,Vísitala neysluverðs,Vísitala neysluverðs
2017-07-01,Vísitala neysluverðs,"Áhrif á vísitölu, %",-3e-4,Vísitala neysluverðs,Vísitala neysluverðs,Vísitala neysluverðs
2017-08-01,Vísitala neysluverðs,"Vægi, %",1,Vísitala neysluverðs,Vísitala neysluverðs,Vísitala neysluverðs
2017-08-01,Vísitala neysluverðs,"Mánaðarbreyting, %",0.0026,Vísitala neysluverðs,Vísitala neysluverðs,Vísitala neysluverðs
2017-08-01,Vísitala neysluverðs,"Áhrif á vísitölu, %",0.0026,Vísitala neysluverðs,Vísitala neysluverðs,Vísitala neysluverðs
2017-09-01,Vísitala neysluverðs,"Vægi, %",1,Vísitala neysluverðs,Vísitala neysluverðs,Vísitala neysluverðs
2017-09-01,Vísitala neysluverðs,"Mánaðarbreyting, %",0.0013,Vísitala neysluverðs,Vísitala neysluverðs,Vísitala neysluverðs
2017-09-01,Vísitala neysluverðs,"Áhrif á vísitölu, %",0.0013,Vísitala neysluverðs,Vísitala neysluverðs,Vísitala neysluverðs
2017-10-01,Vísitala neysluverðs,"Vægi, %",1,Vísitala neysluverðs,Vísitala neysluverðs,Vísitala neysluverðs
2017-10-01,Vísitala neysluverðs,"Mánaðarbreyting, %",0.004699999999999999,Vísitala neysluverðs,Vísitala neysluverðs,Vísitala neysluverðs
2017-10-01,Vísitala neysluverðs,"Áhrif á vísitölu, %",0.004699999999999999,Vísitala neysluverðs,Vísitala neysluverðs,Vísitala neysluverðs
2017-11-01,Vísitala neysluverðs,"Vægi, %",1,Vísitala neysluverðs,Vísitala neysluverðs,Vísitala neysluverðs
2017-11-01,Vísitala neysluverðs,"Mánaðarbreyting, %",-0.0016,Vísitala neysluverðs,Vísitala neysluverðs,Vísitala neysluverðs
2017-11-01,Vísitala neysluverðs,"Áhrif á vísitölu, %",-0.0016,Vísitala neysluverðs,Vísitala neysluverðs,Vísitala neysluverðs
2017-12-01,Vísitala neysluverðs,"Vægi, %",1,Vísitala neysluverðs,Vísitala neysluverðs,Vísitala neysluverðs
2017-12-01,Vísitala neysluverðs,"Mánaðarbreyting, %",0.0028000000000000004,Vísitala neysluverðs,Vísitala neysluverðs,Vísitala neysluverðs
2017-12-01,Vísitala neysluverðs,"Áhrif á vísitölu, %",0.0028000000000000004,Vísitala neysluverðs,Vísitala neysluverðs,Vísitala neysluverðs
2018-01-01,Vísitala neysluverðs,"Vægi, %",1,Vísitala neysluverðs,Vísitala neysluverðs,Vísitala neysluverðs
2018-01-01,Vísitala neysluverðs,"Mánaðarbreyting, %",-8e-4,Vísitala neysluverðs,Vísitala neysluverðs,Vísitala neysluverðs
2018-01-01,Vísitala neysluverðs,"Áhrif á vísitölu, %",-8e-4,Vísitala neysluverðs,Vísitala neysluverðs,Vísitala neysluverðs
2018-02-01,Vísitala neysluverðs,"Vægi, %",1,Vísitala neysluverðs,Vísitala neysluverðs,Vísitala neysluverðs
2018-02-01,Vísitala neysluverðs,"Mánaðarbreyting, %",0.0059,Vísitala neysluverðs,Vísitala neysluverðs,Vísitala neysluverðs
2018-02-01,Vísitala neysluverðs,"Áhrif á vísitölu, %",0.0059,Vísitala neysluverðs,Vísitala neysluverðs,Vísitala neysluverðs
2018-03-01,Vísitala neysluverðs,"Vægi, %",1,Vísitala neysluverðs,Vísitala neysluverðs,Vísitala neysluverðs
2018-03-01,Vísitala neysluverðs,"Mánaðarbreyting, %",0.005600000000000001,Vísitala neysluverðs,Vísitala neysluverðs,Vísitala neysluverðs
2018-03-01,Vísitala neysluverðs,"Áhrif á vísitölu, %",0.005600000000000001,Vísitala neysluverðs,Vísitala neysluverðs,Vísitala neysluverðs
2018-04-01,Vísitala neysluverðs,"Vægi, %",1,Vísitala neysluverðs,Vísitala neysluverðs,Vísitala neysluverðs
2018-04-01,Vísitala neysluverðs,"Mánaðarbreyting, %",3e-4,Vísitala neysluverðs,Vísitala neysluverðs,Vísitala neysluverðs
2018-04-01,Vísitala neysluverðs,"Áhrif á vísitölu, %",3e-4,Vísitala neysluverðs,Vísitala neysluverðs,Vísitala neysluverðs
2018-05-01,Vísitala neysluverðs,"Vægi, %",1,Vísitala neysluverðs,Vísitala neysluverðs,Vísitala neysluverðs
2018-05-01,Vísitala neysluverðs,"Mánaðarbreyting, %",-7.000000000000001e-4,Vísitala neysluverðs,Vísitala neysluverðs,Vísitala neysluverðs
2018-05-01,Vísitala neysluverðs,"Áhrif á vísitölu, %",-7.000000000000001e-4,Vísitala neysluverðs,Vísitala neysluverðs,Vísitala neysluverðs
2018-06-01,Vísitala neysluverðs,"Vægi, %",1,Vísitala neysluverðs,Vísitala neysluverðs,Vísitala neysluverðs
2018-06-01,Vísitala neysluverðs,"Mánaðarbreyting, %",0.0060999999999999995,Vísitala neysluverðs,Vísitala neysluverðs,Vísitala neysluverðs
2018-06-01,Vísitala neysluverðs,"Áhrif á vísitölu, %",0.0060999999999999995,Vísitala neysluverðs,Vísitala neysluverðs,Vísitala neysluverðs
2018-07-01,Vísitala neysluverðs,"Vægi, %",1,Vísitala neysluverðs,Vísitala neysluverðs,Vísitala neysluverðs
2018-07-01,Vísitala neysluverðs,"Mánaðarbreyting, %",5e-4,Vísitala neysluverðs,Vísitala neysluverðs,Vísitala neysluverðs
2018-07-01,Vísitala neysluverðs,"Áhrif á vísitölu, %",5e-4,Vísitala neysluverðs,Vísitala neysluverðs,Vísitala neysluverðs
2018-08-01,Vísitala neysluverðs,"Vægi, %",1,Vísitala neysluverðs,Vísitala neysluverðs,Vísitala neysluverðs
2018-08-01,Vísitala neysluverðs,"Mánaðarbreyting, %",0.0018,Vísitala neysluverðs,Vísitala neysluverðs,Vísitala neysluverðs
2018-08-01,Vísitala neysluverðs,"Áhrif á vísitölu, %",0.0018,Vísitala neysluverðs,Vísitala neysluverðs,Vísitala neysluverðs
2018-09-01,Vísitala neysluverðs,"Vægi, %",1,Vísitala neysluverðs,Vísitala neysluverðs,Vísitala neysluverðs
2018-09-01,Vísitala neysluverðs,"Mánaðarbreyting, %",0.0026,Vísitala neysluverðs,Vísitala neysluverðs,Vísitala neysluverðs
2018-09-01,Vísitala neysluverðs,"Áhrif á vísitölu, %",0.0026,Vísitala neysluverðs,Vísitala neysluverðs,Vísitala neysluverðs
2018-10-01,Vísitala neysluverðs,"Vægi, %",1,Vísitala neysluverðs,Vísitala neysluverðs,Vísitala neysluverðs
2018-10-01,Vísitala neysluverðs,"Mánaðarbreyting, %",0.005699999999999999,Vísitala neysluverðs,Vísitala neysluverðs,Vísitala neysluverðs
2018-10-01,Vísitala neysluverðs,"Áhrif á vísitölu, %",0.005699999999999999,Vísitala neysluverðs,Vísitala neysluverðs,Vísitala neysluverðs
2018-11-01,Vísitala neysluverðs,"Vægi, %",1,Vísitala neysluverðs,Vísitala neysluverðs,Vísitala neysluverðs
2018-11-01,Vísitala neysluverðs,"Mánaðarbreyting, %",0.0025,Vísitala neysluverðs,Vísitala neysluverðs,Vísitala neysluverðs
2018-11-01,Vísitala neysluverðs,"Áhrif á vísitölu, %",0.0025,Vísitala neysluverðs,Vísitala neysluverðs,Vísitala neysluverðs
2018-12-01,Vísitala neysluverðs,"Vægi, %",1,Vísitala neysluverðs,Vísitala neysluverðs,Vísitala neysluverðs
2018-12-01,Vísitala neysluverðs,"Mánaðarbreyting, %",0.0073,Vísitala neysluverðs,Vísitala neysluverðs,Vísitala neysluverðs
2018-12-01,Vísitala neysluverðs,"Áhrif á vísitölu, %",0.0073,Vísitala neysluverðs,Vísitala neysluverðs,Vísitala neysluverðs
2019-01-01,Vísitala neysluverðs,"Vægi, %",1,Vísitala neysluverðs,Vísitala neysluverðs,Vísitala neysluverðs
2019-01-01,Vísitala neysluverðs,"Mánaðarbreyting, %",-0.0042,Vísitala neysluverðs,Vísitala neysluverðs,Vísitala neysluverðs
2019-01-01,Vísitala neysluverðs,"Áhrif á vísitölu, %",-0.0042,Vísitala neysluverðs,Vísitala neysluverðs,Vísitala neysluverðs
2019-02-01,Vísitala neysluverðs,"Vægi, %",1,Vísitala neysluverðs,Vísitala neysluverðs,Vísitala neysluverðs
2019-02-01,Vísitala neysluverðs,"Mánaðarbreyting, %",0.0019,Vísitala neysluverðs,Vísitala neysluverðs,Vísitala neysluverðs
2019-02-01,Vísitala neysluverðs,"Áhrif á vísitölu, %",0.0019,Vísitala neysluverðs,Vísitala neysluverðs,Vísitala neysluverðs
2019-03-01,Vísitala neysluverðs,"Vægi, %",1,Vísitala neysluverðs,Vísitala neysluverðs,Vísitala neysluverðs
2019-03-01,Vísitala neysluverðs,"Mánaðarbreyting, %",0.0052,Vísitala neysluverðs,Vísitala neysluverðs,Vísitala neysluverðs
2019-03-01,Vísitala neysluverðs,"Áhrif á vísitölu, %",0.0052,Vísitala neysluverðs,Vísitala neysluverðs,Vísitala neysluverðs
2019-04-01,Vísitala neysluverðs,"Vægi, %",1,Vísitala neysluverðs,Vísitala neysluverðs,Vísitala neysluverðs
2019-04-01,Vísitala neysluverðs,"Mánaðarbreyting, %",0.0036,Vísitala neysluverðs,Vísitala neysluverðs,Vísitala neysluverðs
2019-04-01,Vísitala neysluverðs,"Áhrif á vísitölu, %",0.0036,Vísitala neysluverðs,Vísitala neysluverðs,Vísitala neysluverðs
2019-05-01,Vísitala neysluverðs,"Vægi, %",1,Vísitala neysluverðs,Vísitala neysluverðs,Vísitala neysluverðs
2019-05-01,Vísitala neysluverðs,"Mánaðarbreyting, %",0.0023,Vísitala neysluverðs,Vísitala neysluverðs,Vísitala neysluverðs
2019-05-01,Vísitala neysluverðs,"Áhrif á vísitölu, %",0.0023,Vísitala neysluverðs,Vísitala neysluverðs,Vísitala neysluverðs
2019-06-01,Vísitala neysluverðs,"Vægi, %",1,Vísitala neysluverðs,Vísitala neysluverðs,Vísitala neysluverðs
2019-06-01,Vísitala neysluverðs,"Mánaðarbreyting, %",0.0037,Vísitala neysluverðs,Vísitala neysluverðs,Vísitala neysluverðs
2019-06-01,Vísitala neysluverðs,"Áhrif á vísitölu, %",0.0037,Vísitala neysluverðs,Vísitala neysluverðs,Vísitala neysluverðs
2019-07-01,Vísitala neysluverðs,"Vægi, %",1,Vísitala neysluverðs,Vísitala neysluverðs,Vísitala neysluverðs
2019-07-01,Vísitala neysluverðs,"Mánaðarbreyting, %",-0.0022,Vísitala neysluverðs,Vísitala neysluverðs,Vísitala neysluverðs
2019-07-01,Vísitala neysluverðs,"Áhrif á vísitölu, %",-0.0022,Vísitala neysluverðs,Vísitala neysluverðs,Vísitala neysluverðs
2019-08-01,Vísitala neysluverðs,"Vægi, %",1,Vísitala neysluverðs,Vísitala neysluverðs,Vísitala neysluverðs
2019-08-01,Vísitala neysluverðs,"Mánaðarbreyting, %",0.0028000000000000004,Vísitala neysluverðs,Vísitala neysluverðs,Vísitala neysluverðs
2019-08-01,Vísitala neysluverðs,"Áhrif á vísitölu, %",0.0028000000000000004,Vísitala neysluverðs,Vísitala neysluverðs,Vísitala neysluverðs
2019-09-01,Vísitala neysluverðs,"Vægi, %",1,Vísitala neysluverðs,Vísitala neysluverðs,Vísitala neysluverðs
2019-09-01,Vísitala neysluverðs,"Mánaðarbreyting, %",9e-4,Vísitala neysluverðs,Vísitala neysluverðs,Vísitala neysluverðs
2019-09-01,Vísitala neysluverðs,"Áhrif á vísitölu, %",9e-4,Vísitala neysluverðs,Vísitala neysluverðs,Vísitala neysluverðs
2019-10-01,Vísitala neysluverðs,"Vægi, %",1,Vísitala neysluverðs,Vísitala neysluverðs,Vísitala neysluverðs
2019-10-01,Vísitala neysluverðs,"Mánaðarbreyting, %",0.0036,Vísitala neysluverðs,Vísitala neysluverðs,Vísitala neysluverðs
2019-10-01,Vísitala neysluverðs,"Áhrif á vísitölu, %",0.0036,Vísitala neysluverðs,Vísitala neysluverðs,Vísitala neysluverðs
2019-11-01,Vísitala neysluverðs,"Vægi, %",1,Vísitala neysluverðs,Vísitala neysluverðs,Vísitala neysluverðs
2019-11-01,Vísitala neysluverðs,"Mánaðarbreyting, %",0.0012,Vísitala neysluverðs,Vísitala neysluverðs,Vísitala neysluverðs
2019-11-01,Vísitala neysluverðs,"Áhrif á vísitölu, %",0.0012,Vísitala neysluverðs,Vísitala neysluverðs,Vísitala neysluverðs
2019-12-01,Vísitala neysluverðs,"Vægi, %",1,Vísitala neysluverðs,Vísitala neysluverðs,Vísitala neysluverðs
2019-12-01,Vísitala neysluverðs,"Mánaðarbreyting, %",0.0012,Vísitala neysluverðs,Vísitala neysluverðs,Vísitala neysluverðs
2019-12-01,Vísitala neysluverðs,"Áhrif á vísitölu, %",0.0012,Vísitala neysluverðs,Vísitala neysluverðs,Vísitala neysluverðs
2020-01-01,Vísitala neysluverðs,"Vægi, %",1,Vísitala neysluverðs,Vísitala neysluverðs,Vísitala neysluverðs
2020-01-01,Vísitala neysluverðs,"Mánaðarbreyting, %",-0.0075,Vísitala neysluverðs,Vísitala neysluverðs,Vísitala neysluverðs
2020-01-01,Vísitala neysluverðs,"Áhrif á vísitölu, %",-0.0075,Vísitala neysluverðs,Vísitala neysluverðs,Vísitala neysluverðs
2020-02-01,Vísitala neysluverðs,"Vægi, %",1,Vísitala neysluverðs,Vísitala neysluverðs,Vísitala neysluverðs
2020-02-01,Vísitala neysluverðs,"Mánaðarbreyting, %",0.0092,Vísitala neysluverðs,Vísitala neysluverðs,Vísitala neysluverðs
2020-02-01,Vísitala neysluverðs,"Áhrif á vísitölu, %",0.0092,Vísitala neysluverðs,Vísitala neysluverðs,Vísitala neysluverðs
2020-03-01,Vísitala neysluverðs,"Vægi, %",1,Vísitala neysluverðs,Vísitala neysluverðs,Vísitala neysluverðs
2020-03-01,Vísitala neysluverðs,"Mánaðarbreyting, %",0.0022,Vísitala neysluverðs,Vísitala neysluverðs,Vísitala neysluverðs
2020-03-01,Vísitala neysluverðs,"Áhrif á vísitölu, %",0.0022,Vísitala neysluverðs,Vísitala neysluverðs,Vísitala neysluverðs
2020-04-01,Vísitala neysluverðs,"Vægi, %",1,Vísitala neysluverðs,Vísitala neysluverðs,Vísitala neysluverðs
2020-04-01,Vísitala neysluverðs,"Mánaðarbreyting, %",0.005,Vísitala neysluverðs,Vísitala neysluverðs,Vísitala neysluverðs
2020-04-01,Vísitala neysluverðs,"Áhrif á vísitölu, %",0.005,Vísitala neysluverðs,Vísitala neysluverðs,Vísitala neysluverðs
2020-05-01,Vísitala neysluverðs,"Vægi, %",1,Vísitala neysluverðs,Vísitala neysluverðs,Vísitala neysluverðs
2020-05-01,Vísitala neysluverðs,"Mánaðarbreyting, %",0.0054,Vísitala neysluverðs,Vísitala neysluverðs,Vísitala neysluverðs
2020-05-01,Vísitala neysluverðs,"Áhrif á vísitölu, %",0.0054,Vísitala neysluverðs,Vísitala neysluverðs,Vísitala neysluverðs
2020-06-01,Vísitala neysluverðs,"Vægi, %",1,Vísitala neysluverðs,Vísitala neysluverðs,Vísitala neysluverðs
2020-06-01,Vísitala neysluverðs,"Mánaðarbreyting, %",0.0045000000000000005,Vísitala neysluverðs,Vísitala neysluverðs,Vísitala neysluverðs
2020-06-01,Vísitala neysluverðs,"Áhrif á vísitölu, %",0.0045000000000000005,Vísitala neysluverðs,Vísitala neysluverðs,Vísitala neysluverðs
2020-07-01,Vísitala neysluverðs,"Vægi, %",1,Vísitala neysluverðs,Vísitala neysluverðs,Vísitala neysluverðs
2020-07-01,Vísitala neysluverðs,"Mánaðarbreyting, %",0.0014000000000000002,Vísitala neysluverðs,Vísitala neysluverðs,Vísitala neysluverðs
2020-07-01,Vísitala neysluverðs,"Áhrif á vísitölu, %",0.0014000000000000002,Vísitala neysluverðs,Vísitala neysluverðs,Vísitala neysluverðs
2020-08-01,Vísitala neysluverðs,"Vægi, %",1,Vísitala neysluverðs,Vísitala neysluverðs,Vísitala neysluverðs
2020-08-01,Vísitala neysluverðs,"Mánaðarbreyting, %",0.0045000000000000005,Vísitala neysluverðs,Vísitala neysluverðs,Vísitala neysluverðs
2020-08-01,Vísitala neysluverðs,"Áhrif á vísitölu, %",0.0045000000000000005,Vísitala neysluverðs,Vísitala neysluverðs,Vísitala neysluverðs
2020-09-01,Vísitala neysluverðs,"Vægi, %",1,Vísitala neysluverðs,Vísitala neysluverðs,Vísitala neysluverðs
2020-09-01,Vísitala neysluverðs,"Mánaðarbreyting, %",0.0038,Vísitala neysluverðs,Vísitala neysluverðs,Vísitala neysluverðs
2020-09-01,Vísitala neysluverðs,"Áhrif á vísitölu, %",0.0038,Vísitala neysluverðs,Vísitala neysluverðs,Vísitala neysluverðs
2020-10-01,Vísitala neysluverðs,"Vægi, %",1,Vísitala neysluverðs,Vísitala neysluverðs,Vísitala neysluverðs
2020-10-01,Vísitala neysluverðs,"Mánaðarbreyting, %",0.0043,Vísitala neysluverðs,Vísitala neysluverðs,Vísitala neysluverðs
2020-10-01,Vísitala neysluverðs,"Áhrif á vísitölu, %",0.0043,Vísitala neysluverðs,Vísitala neysluverðs,Vísitala neysluverðs
2020-11-01,Vísitala neysluverðs,"Vægi, %",1,Vísitala neysluverðs,Vísitala neysluverðs,Vísitala neysluverðs
2020-11-01,Vísitala neysluverðs,"Mánaðarbreyting, %",5e-4,Vísitala neysluverðs,Vísitala neysluverðs,Vísitala neysluverðs
2020-11-01,Vísitala neysluverðs,"Áhrif á vísitölu, %",5e-4,Vísitala neysluverðs,Vísitala neysluverðs,Vísitala neysluverðs
2020-12-01,Vísitala neysluverðs,"Vægi, %",1,Vísitala neysluverðs,Vísitala neysluverðs,Vísitala neysluverðs
2020-12-01,Vísitala neysluverðs,"Mánaðarbreyting, %",0.002,Vísitala neysluverðs,Vísitala neysluverðs,Vísitala neysluverðs
2020-12-01,Vísitala neysluverðs,"Áhrif á vísitölu, %",0.002,Vísitala neysluverðs,Vísitala neysluverðs,Vísitala neysluverðs
2021-01-01,Vísitala neysluverðs,"Vægi, %",1,Vísitala neysluverðs,Vísitala neysluverðs,Vísitala neysluverðs
2021-01-01,Vísitala neysluverðs,"Mánaðarbreyting, %",-5e-4,Vísitala neysluverðs,Vísitala neysluverðs,Vísitala neysluverðs
2021-01-01,Vísitala neysluverðs,"Áhrif á vísitölu, %",-5e-4,Vísitala neysluverðs,Vísitala neysluverðs,Vísitala neysluverðs
2021-02-01,Vísitala neysluverðs,"Vægi, %",1,Vísitala neysluverðs,Vísitala neysluverðs,Vísitala neysluverðs
2021-02-01,Vísitala neysluverðs,"Mánaðarbreyting, %",0.0068000000000000005,Vísitala neysluverðs,Vísitala neysluverðs,Vísitala neysluverðs
2021-02-01,Vísitala neysluverðs,"Áhrif á vísitölu, %",0.0068000000000000005,Vísitala neysluverðs,Vísitala neysluverðs,Vísitala neysluverðs
2021-03-01,Vísitala neysluverðs,"Vægi, %",1,Vísitala neysluverðs,Vísitala neysluverðs,Vísitala neysluverðs
2021-03-01,Vísitala neysluverðs,"Mánaðarbreyting, %",0.0049,Vísitala neysluverðs,Vísitala neysluverðs,Vísitala neysluverðs
2021-03-01,Vísitala neysluverðs,"Áhrif á vísitölu, %",0.0049,Vísitala neysluverðs,Vísitala neysluverðs,Vísitala neysluverðs
2021-04-01,Vísitala neysluverðs,"Vægi, %",1,Vísitala neysluverðs,Vísitala neysluverðs,Vísitala neysluverðs
2021-04-01,Vísitala neysluverðs,"Mánaðarbreyting, %",0.006999999999999999,Vísitala neysluverðs,Vísitala neysluverðs,Vísitala neysluverðs
2021-04-01,Vísitala neysluverðs,"Áhrif á vísitölu, %",0.006999999999999999,Vísitala neysluverðs,Vísitala neysluverðs,Vísitala neysluverðs
2021-05-01,Vísitala neysluverðs,"Vægi, %",1,Vísitala neysluverðs,Vísitala neysluverðs,Vísitala neysluverðs
2021-05-01,Vísitala neysluverðs,"Mánaðarbreyting, %",0.0044,Vísitala neysluverðs,Vísitala neysluverðs,Vísitala neysluverðs
2021-05-01,Vísitala neysluverðs,"Áhrif á vísitölu, %",0.0044,Vísitala neysluverðs,Vísitala neysluverðs,Vísitala neysluverðs
2021-06-01,Vísitala neysluverðs,"Vægi, %",1,Vísitala neysluverðs,Vísitala neysluverðs,Vísitala neysluverðs
2021-06-01,Vísitala neysluverðs,"Mánaðarbreyting, %",0.0026,Vísitala neysluverðs,Vísitala neysluverðs,Vísitala neysluverðs
2021-06-01,Vísitala neysluverðs,"Áhrif á vísitölu, %",0.0026,Vísitala neysluverðs,Vísitala neysluverðs,Vísitala neysluverðs
2021-07-01,Vísitala neysluverðs,"Vægi, %",1,Vísitala neysluverðs,Vísitala neysluverðs,Vísitala neysluverðs
2021-07-01,Vísitala neysluverðs,"Mánaðarbreyting, %",0.0016,Vísitala neysluverðs,Vísitala neysluverðs,Vísitala neysluverðs
2021-07-01,Vísitala neysluverðs,"Áhrif á vísitölu, %",0.0016,Vísitala neysluverðs,Vísitala neysluverðs,Vísitala neysluverðs
2021-08-01,Vísitala neysluverðs,"Vægi, %",1,Vísitala neysluverðs,Vísitala neysluverðs,Vísitala neysluverðs
2021-08-01,Vísitala neysluverðs,"Mánaðarbreyting, %",0.0046,Vísitala neysluverðs,Vísitala neysluverðs,Vísitala neysluverðs
2021-08-01,Vísitala neysluverðs,"Áhrif á vísitölu, %",0.0046,Vísitala neysluverðs,Vísitala neysluverðs,Vísitala neysluverðs
2021-09-01,Vísitala neysluverðs,"Vægi, %",1,Vísitala neysluverðs,Vísitala neysluverðs,Vísitala neysluverðs
2021-09-01,Vísitala neysluverðs,"Mánaðarbreyting, %",0.0046,Vísitala neysluverðs,Vísitala neysluverðs,Vísitala neysluverðs
2021-09-01,Vísitala neysluverðs,"Áhrif á vísitölu, %",0.0046,Vísitala neysluverðs,Vísitala neysluverðs,Vísitala neysluverðs
2021-10-01,Vísitala neysluverðs,"Vægi, %",1,Vísitala neysluverðs,Vísitala neysluverðs,Vísitala neysluverðs
2021-10-01,Vísitala neysluverðs,"Mánaðarbreyting, %",0.0060999999999999995,Vísitala neysluverðs,Vísitala neysluverðs,Vísitala neysluverðs
2021-10-01,Vísitala neysluverðs,"Áhrif á vísitölu, %",0.0060999999999999995,Vísitala neysluverðs,Vísitala neysluverðs,Vísitala neysluverðs
2021-11-01,Vísitala neysluverðs,"Vægi, %",1,Vísitala neysluverðs,Vísitala neysluverðs,Vísitala neysluverðs
2021-11-01,Vísitala neysluverðs,"Mánaðarbreyting, %",0.0034000000000000002,Vísitala neysluverðs,Vísitala neysluverðs,Vísitala neysluverðs
2021-11-01,Vísitala neysluverðs,"Áhrif á vísitölu, %",0.0034000000000000002,Vísitala neysluverðs,Vísitala neysluverðs,Vísitala neysluverðs
2021-12-01,Vísitala neysluverðs,"Vægi, %",1,Vísitala neysluverðs,Vísitala neysluverðs,Vísitala neysluverðs
2021-12-01,Vísitala neysluverðs,"Mánaðarbreyting, %",0.0046,Vísitala neysluverðs,Vísitala neysluverðs,Vísitala neysluverðs
2021-12-01,Vísitala neysluverðs,"Áhrif á vísitölu, %",0.0046,Vísitala neysluverðs,Vísitala neysluverðs,Vísitala neysluverðs
2022-01-01,Vísitala neysluverðs,"Vægi, %",1,Vísitala neysluverðs,Vísitala neysluverðs,Vísitala neysluverðs
2022-01-01,Vísitala neysluverðs,"Mánaðarbreyting, %",0.0049,Vísitala neysluverðs,Vísitala neysluverðs,Vísitala neysluverðs
2022-01-01,Vísitala neysluverðs,"Áhrif á vísitölu, %",0.0049,Vísitala neysluverðs,Vísitala neysluverðs,Vísitala neysluverðs
2022-02-01,Vísitala neysluverðs,"Vægi, %",1,Vísitala neysluverðs,Vísitala neysluverðs,Vísitala neysluverðs
2022-02-01,Vísitala neysluverðs,"Mánaðarbreyting, %",0.0116,Vísitala neysluverðs,Vísitala neysluverðs,Vísitala neysluverðs
2022-02-01,Vísitala neysluverðs,"Áhrif á vísitölu, %",0.0116,Vísitala neysluverðs,Vísitala neysluverðs,Vísitala neysluverðs
2022-03-01,Vísitala neysluverðs,"Vægi, %",1,Vísitala neysluverðs,Vísitala neysluverðs,Vísitala neysluverðs
2022-03-01,Vísitala neysluverðs,"Mánaðarbreyting, %",0.0095,Vísitala neysluverðs,Vísitala neysluverðs,Vísitala neysluverðs
2022-03-01,Vísitala neysluverðs,"Áhrif á vísitölu, %",0.0095,Vísitala neysluverðs,Vísitala neysluverðs,Vísitala neysluverðs
2022-04-01,Vísitala neysluverðs,"Vægi, %",1,Vísitala neysluverðs,Vísitala neysluverðs,Vísitala neysluverðs
2022-04-01,Vísitala neysluverðs,"Mánaðarbreyting, %",0.0123,Vísitala neysluverðs,Vísitala neysluverðs,Vísitala neysluverðs
2022-04-01,Vísitala neysluverðs,"Áhrif á vísitölu, %",0.0123,Vísitala neysluverðs,Vísitala neysluverðs,Vísitala neysluverðs
2022-05-01,Vísitala neysluverðs,"Vægi, %",1,Vísitala neysluverðs,Vísitala neysluverðs,Vísitala neysluverðs
2022-05-01,Vísitala neysluverðs,"Mánaðarbreyting, %",0.0077,Vísitala neysluverðs,Vísitala neysluverðs,Vísitala neysluverðs
2022-05-01,Vísitala neysluverðs,"Áhrif á vísitölu, %",0.0077,Vísitala neysluverðs,Vísitala neysluverðs,Vísitala neysluverðs
2022-06-01,Vísitala neysluverðs,"Vægi, %",1,Vísitala neysluverðs,Vísitala neysluverðs,Vísitala neysluverðs
2022-06-01,Vísitala neysluverðs,"Mánaðarbreyting, %",0.013999999999999999,Vísitala neysluverðs,Vísitala neysluverðs,Vísitala neysluverðs
2022-06-01,Vísitala neysluverðs,"Áhrif á vísitölu, %",0.013999999999999999,Vísitala neysluverðs,Vísitala neysluverðs,Vísitala neysluverðs
2022-07-01,Vísitala neysluverðs,"Vægi, %",1,Vísitala neysluverðs,Vísitala neysluverðs,Vísitala neysluverðs
2022-07-01,Vísitala neysluverðs,"Mánaðarbreyting, %",0.0118,Vísitala neysluverðs,Vísitala neysluverðs,Vísitala neysluverðs
2022-07-01,Vísitala neysluverðs,"Áhrif á vísitölu, %",0.0118,Vísitala neysluverðs,Vísitala neysluverðs,Vísitala neysluverðs
2022-08-01,Vísitala neysluverðs,"Vægi, %",1,Vísitala neysluverðs,Vísitala neysluverðs,Vísitala neysluverðs
2022-08-01,Vísitala neysluverðs,"Mánaðarbreyting, %",0.0028000000000000004,Vísitala neysluverðs,Vísitala neysluverðs,Vísitala neysluverðs
2022-08-01,Vísitala neysluverðs,"Áhrif á vísitölu, %",0.0028000000000000004,Vísitala neysluverðs,Vísitala neysluverðs,Vísitala neysluverðs
2022-09-01,Vísitala neysluverðs,"Vægi, %",1,Vísitala neysluverðs,Vísitala neysluverðs,Vísitala neysluverðs
2022-09-01,Vísitala neysluverðs,"Mánaðarbreyting, %",0.001,Vísitala neysluverðs,Vísitala neysluverðs,Vísitala neysluverðs
2022-09-01,Vísitala neysluverðs,"Áhrif á vísitölu, %",0.001,Vísitala neysluverðs,Vísitala neysluverðs,Vísitala neysluverðs
2022-10-01,Vísitala neysluverðs,"Vægi, %",1,Vísitala neysluverðs,Vísitala neysluverðs,Vísitala neysluverðs
2022-10-01,Vísitala neysluverðs,"Mánaðarbreyting, %",0.0067,Vísitala neysluverðs,Vísitala neysluverðs,Vísitala neysluverðs
2022-10-01,Vísitala neysluverðs,"Áhrif á vísitölu, %",0.0067,Vísitala neysluverðs,Vísitala neysluverðs,Vísitala neysluverðs
2022-11-01,Vísitala neysluverðs,"Vægi, %",1,Vísitala neysluverðs,Vísitala neysluverðs,Vísitala neysluverðs
2022-11-01,Vísitala neysluverðs,"Mánaðarbreyting, %",0.0027,Vísitala neysluverðs,Vísitala neysluverðs,Vísitala neysluverðs
2022-11-01,Vísitala neysluverðs,"Áhrif á vísitölu, %",0.0027,Vísitala neysluverðs,Vísitala neysluverðs,Vísitala neysluverðs
2022-12-01,Vísitala neysluverðs,"Vægi, %",1,Vísitala neysluverðs,Vísitala neysluverðs,Vísitala neysluverðs
2022-12-01,Vísitala neysluverðs,"Mánaðarbreyting, %",0.0066,Vísitala neysluverðs,Vísitala neysluverðs,Vísitala neysluverðs
2022-12-01,Vísitala neysluverðs,"Áhrif á vísitölu, %",0.0066,Vísitala neysluverðs,Vísitala neysluverðs,Vísitala neysluverðs
2023-01-01,Vísitala neysluverðs,"Vægi, %",1,Vísitala neysluverðs,Vísitala neysluverðs,Vísitala neysluverðs
2023-01-01,Vísitala neysluverðs,"Mánaðarbreyting, %",0.0085,Vísitala neysluverðs,Vísitala neysluverðs,Vísitala neysluverðs
2023-01-01,Vísitala neysluverðs,"Áhrif á vísitölu, %",0.0085,Vísitala neysluverðs,Vísitala neysluverðs,Vísitala neysluverðs
2023-02-01,Vísitala neysluverðs,"Vægi, %",1,Vísitala neysluverðs,Vísitala neysluverðs,Vísitala neysluverðs
2023-02-01,Vísitala neysluverðs,"Mánaðarbreyting, %",0.013999999999999999,Vísitala neysluverðs,Vísitala neysluverðs,Vísitala neysluverðs
2023-02-01,Vísitala neysluverðs,"Áhrif á vísitölu, %",0.013999999999999999,Vísitala neysluverðs,Vísitala neysluverðs,Vísitala neysluverðs
2023-03-01,Vísitala neysluverðs,"Vægi, %",1,Vísitala neysluverðs,Vísitala neysluverðs,Vísitala neysluverðs
2023-03-01,Vísitala neysluverðs,"Mánaðarbreyting, %",0.0059,Vísitala neysluverðs,Vísitala neysluverðs,Vísitala neysluverðs
2023-03-01,Vísitala neysluverðs,"Áhrif á vísitölu, %",0.0059,Vísitala neysluverðs,Vísitala neysluverðs,Vísitala neysluverðs
2023-04-01,Vísitala neysluverðs,"Vægi, %",1,Vísitala neysluverðs,Vísitala neysluverðs,Vísitala neysluverðs
2023-04-01,Vísitala neysluverðs,"Mánaðarbreyting, %",0.0131,Vísitala neysluverðs,Vísitala neysluverðs,Vísitala neysluverðs
2023-04-01,Vísitala neysluverðs,"Áhrif á vísitölu, %",0.0131,Vísitala neysluverðs,Vísitala neysluverðs,Vísitala neysluverðs
2023-05-01,Vísitala neysluverðs,"Vægi, %",1,Vísitala neysluverðs,Vísitala neysluverðs,Vísitala neysluverðs
2023-05-01,Vísitala neysluverðs,"Mánaðarbreyting, %",0.0039000000000000003,Vísitala neysluverðs,Vísitala neysluverðs,Vísitala neysluverðs
2023-05-01,Vísitala neysluverðs,"Áhrif á vísitölu, %",0.0039000000000000003,Vísitala neysluverðs,Vísitala neysluverðs,Vísitala neysluverðs
2023-06-01,Vísitala neysluverðs,"Vægi, %",1,Vísitala neysluverðs,Vísitala neysluverðs,Vísitala neysluverðs
2023-06-01,Vísitala neysluverðs,"Mánaðarbreyting, %",0.0085,Vísitala neysluverðs,Vísitala neysluverðs,Vísitala neysluverðs
2023-06-01,Vísitala neysluverðs,"Áhrif á vísitölu, %",0.0085,Vísitala neysluverðs,Vísitala neysluverðs,Vísitala neysluverðs
2023-07-01,Vísitala neysluverðs,"Vægi, %",1,Vísitala neysluverðs,Vísitala neysluverðs,Vísitala neysluverðs
2023-07-01,Vísitala neysluverðs,"Mánaðarbreyting, %",4e-4,Vísitala neysluverðs,Vísitala neysluverðs,Vísitala neysluverðs
2023-07-01,Vísitala neysluverðs,"Áhrif á vísitölu, %",4e-4,Vísitala neysluverðs,Vísitala neysluverðs,Vísitala neysluverðs
2023-08-01,Vísitala neysluverðs,"Vægi, %",1,Vísitala neysluverðs,Vísitala neysluverðs,Vísitala neysluverðs
2023-08-01,Vísitala neysluverðs,"Mánaðarbreyting, %",0.0033,Vísitala neysluverðs,Vísitala neysluverðs,Vísitala neysluverðs
2023-08-01,Vísitala neysluverðs,"Áhrif á vísitölu, %",0.0033,Vísitala neysluverðs,Vísitala neysluverðs,Vísitala neysluverðs
2023-09-01,Vísitala neysluverðs,"Vægi, %",1,Vísitala neysluverðs,Vísitala neysluverðs,Vísitala neysluverðs
2023-09-01,Vísitala neysluverðs,"Mánaðarbreyting, %",0.0034999999999999996,Vísitala neysluverðs,Vísitala neysluverðs,Vísitala neysluverðs
2023-09-01,Vísitala neysluverðs,"Áhrif á vísitölu, %",0.0034999999999999996,Vísitala neysluverðs,Vísitala neysluverðs,Vísitala neysluverðs
2023-10-01,Vísitala neysluverðs,"Vægi, %",1,Vísitala neysluverðs,Vísitala neysluverðs,Vísitala neysluverðs
2023-10-01,Vísitala neysluverðs,"Mánaðarbreyting, %",0.0060999999999999995,Vísitala neysluverðs,Vísitala neysluverðs,Vísitala neysluverðs
2023-10-01,Vísitala neysluverðs,"Áhrif á vísitölu, %",0.0060999999999999995,Vísitala neysluverðs,Vísitala neysluverðs,Vísitala neysluverðs
2023-11-01,Vísitala neysluverðs,"Vægi, %",1,Vísitala neysluverðs,Vísitala neysluverðs,Vísitala neysluverðs
2023-11-01,Vísitala neysluverðs,"Mánaðarbreyting, %",0.0038,Vísitala neysluverðs,Vísitala neysluverðs,Vísitala neysluverðs
2023-11-01,Vísitala neysluverðs,"Áhrif á vísitölu, %",0.0038,Vísitala neysluverðs,Vísitala neysluverðs,Vísitala neysluverðs
2023-12-01,Vísitala neysluverðs,"Vægi, %",1,Vísitala neysluverðs,Vísitala neysluverðs,Vísitala neysluverðs
2023-12-01,Vísitala neysluverðs,"Mánaðarbreyting, %",0.0042,Vísitala neysluverðs,Vísitala neysluverðs,Vísitala neysluverðs
2023-12-01,Vísitala neysluverðs,"Áhrif á vísitölu, %",0.0042,Vísitala neysluverðs,Vísitala neysluverðs,Vísitala neysluverðs
2024-01-01,Vísitala neysluverðs,"Vægi, %",1,Vísitala neysluverðs,Vísitala neysluverðs,Vísitala neysluverðs
2024-01-01,Vísitala neysluverðs,"Mánaðarbreyting, %",-0.0018,Vísitala neysluverðs,Vísitala neysluverðs,Vísitala neysluverðs
2024-01-01,Vísitala neysluverðs,"Áhrif á vísitölu, %",-0.0018,Vísitala neysluverðs,Vísitala neysluverðs,Vísitala neysluverðs
2024-02-01,Vísitala neysluverðs,"Vægi, %",1,Vísitala neysluverðs,Vísitala neysluverðs,Vísitala neysluverðs
2024-02-01,Vísitala neysluverðs,"Mánaðarbreyting, %",0.0134,Vísitala neysluverðs,Vísitala neysluverðs,Vísitala neysluverðs
2024-02-01,Vísitala neysluverðs,"Áhrif á vísitölu, %",0.0134,Vísitala neysluverðs,Vísitala neysluverðs,Vísitala neysluverðs
2024-03-01,Vísitala neysluverðs,"Vægi, %",1,Vísitala neysluverðs,Vísitala neysluverðs,Vísitala neysluverðs
2024-03-01,Vísitala neysluverðs,"Mánaðarbreyting, %",0.0079,Vísitala neysluverðs,Vísitala neysluverðs,Vísitala neysluverðs
2024-03-01,Vísitala neysluverðs,"Áhrif á vísitölu, %",0.0079,Vísitala neysluverðs,Vísitala neysluverðs,Vísitala neysluverðs
2024-04-01,Vísitala neysluverðs,"Vægi, %",1,Vísitala neysluverðs,Vísitala neysluverðs,Vísitala neysluverðs
2024-04-01,Vísitala neysluverðs,"Mánaðarbreyting, %",0.005600000000000001,Vísitala neysluverðs,Vísitala neysluverðs,Vísitala neysluverðs
2024-04-01,Vísitala neysluverðs,"Áhrif á vísitölu, %",0.005600000000000001,Vísitala neysluverðs,Vísitala neysluverðs,Vísitala neysluverðs
2024-05-01,Vísitala neysluverðs,"Vægi, %",1,Vísitala neysluverðs,Vísitala neysluverðs,Vísitala neysluverðs
2024-05-01,Vísitala neysluverðs,"Mánaðarbreyting, %",0.005600000000000001,Vísitala neysluverðs,Vísitala neysluverðs,Vísitala neysluverðs
2024-05-01,Vísitala neysluverðs,"Áhrif á vísitölu, %",0.005600000000000001,Vísitala neysluverðs,Vísitala neysluverðs,Vísitala neysluverðs
2024-06-01,Vísitala neysluverðs,"Vægi, %",1,Vísitala neysluverðs,Vísitala neysluverðs,Vísitala neysluverðs
2024-06-01,Vísitala neysluverðs,"Mánaðarbreyting, %",0.0049,Vísitala neysluverðs,Vísitala neysluverðs,Vísitala neysluverðs
2024-06-01,Vísitala neysluverðs,"Áhrif á vísitölu, %",0.0049,Vísitala neysluverðs,Vísitala neysluverðs,Vísitala neysluverðs
2024-07-01,Vísitala neysluverðs,"Vægi, %",1,Vísitala neysluverðs,Vísitala neysluverðs,Vísitala neysluverðs
2024-07-01,Vísitala neysluverðs,"Mánaðarbreyting, %",0.0045000000000000005,Vísitala neysluverðs,Vísitala neysluverðs,Vísitala neysluverðs
2024-07-01,Vísitala neysluverðs,"Áhrif á vísitölu, %",0.0045000000000000005,Vísitala neysluverðs,Vísitala neysluverðs,Vísitala neysluverðs
2024-08-01,Vísitala neysluverðs,"Vægi, %",1,Vísitala neysluverðs,Vísitala neysluverðs,Vísitala neysluverðs
2024-08-01,Vísitala neysluverðs,"Mánaðarbreyting, %",9e-4,Vísitala neysluverðs,Vísitala neysluverðs,Vísitala neysluverðs
2024-08-01,Vísitala neysluverðs,"Áhrif á vísitölu, %",9e-4,Vísitala neysluverðs,Vísitala neysluverðs,Vísitala neysluverðs
2024-09-01,Vísitala neysluverðs,"Vægi, %",1,Vísitala neysluverðs,Vísitala neysluverðs,Vísitala neysluverðs
2024-09-01,Vísitala neysluverðs,"Mánaðarbreyting, %",-0.0024,Vísitala neysluverðs,Vísitala neysluverðs,Vísitala neysluverðs
2024-09-01,Vísitala neysluverðs,"Áhrif á vísitölu, %",-0.0024,Vísitala neysluverðs,Vísitala neysluverðs,Vísitala neysluverðs
2024-10-01,Vísitala neysluverðs,"Vægi, %",1,Vísitala neysluverðs,Vísitala neysluverðs,Vísitala neysluverðs
2024-10-01,Vísitala neysluverðs,"Mánaðarbreyting, %",0.0029,Vísitala neysluverðs,Vísitala neysluverðs,Vísitala neysluverðs
2024-10-01,Vísitala neysluverðs,"Áhrif á vísitölu, %",0.0029,Vísitala neysluverðs,Vísitala neysluverðs,Vísitala neysluverðs
2024-11-01,Vísitala neysluverðs,"Vægi, %",1,Vísitala neysluverðs,Vísitala neysluverðs,Vísitala neysluverðs
2024-11-01,Vísitala neysluverðs,"Mánaðarbreyting, %",0.001,Vísitala neysluverðs,Vísitala neysluverðs,Vísitala neysluverðs
2024-11-01,Vísitala neysluverðs,"Áhrif á vísitölu, %",0.001,Vísitala neysluverðs,Vísitala neysluverðs,Vísitala neysluverðs
